bucket_id,name,size
code-of-conduct,templates/1779730483341-Code_of_Conduct__Diamond_2.0_Membership_.pdf,451569
signed-code-of-conduct,0066168e-1fd0-4381-b8a5-51d88e7da196/signed-code-of-conduct.pdf,439076
signed-code-of-conduct,1015f530-05fd-4da0-be97-ef123df0b34d/signed-receipt.html,20890
signed-code-of-conduct,515da1ee-4ae2-4749-8ef8-d5b40b75f56d/signed-code-of-conduct.pdf,447099
invoice-assets,default/signature/1779988541702-high-mb-signature-png.png,15306
signed-code-of-conduct,0066168e-1fd0-4381-b8a5-51d88e7da196/signed-receipt.html,25217
invoice-assets,default/stamp/1779988548743-stamp.png,247854
signed-code-of-conduct,1015f530-05fd-4da0-be97-ef123df0b34d/signed-code-of-conduct.pdf,438256
signed-code-of-conduct,11c046c9-ca38-4c1a-a740-c72eaf6e35bc/signed-code-of-conduct.pdf,441708
signed-code-of-conduct,11c046c9-ca38-4c1a-a740-c72eaf6e35bc/signed-receipt.html,20086
invoice-assets,default/logo/1779987438877-512px.png,46102
signed-code-of-conduct,b35f9b02-5b33-4ddd-81e8-fefb1211e18d/signed-code-of-conduct.pdf,441226
signed-code-of-conduct,b35f9b02-5b33-4ddd-81e8-fefb1211e18d/signed-receipt.html,20388
signed-code-of-conduct,d99ae8b9-3222-45b6-8f25-2dac51945de8/signed-code-of-conduct.pdf,445397
signed-code-of-conduct,d99ae8b9-3222-45b6-8f25-2dac51945de8/signed-receipt.html,28396
signed-code-of-conduct,d434c9e5-dad7-468f-819d-e4c0c6ab3a8a/signed-code-of-conduct.pdf,450846
signed-code-of-conduct,bf8cf2d5-2e27-4ec9-8e62-7e42b954b625/signed-code-of-conduct.pdf,447726
signed-code-of-conduct,d434c9e5-dad7-468f-819d-e4c0c6ab3a8a/signed-receipt.html,42909
signed-code-of-conduct,515da1ee-4ae2-4749-8ef8-d5b40b75f56d/signed-receipt.html,38676
signed-code-of-conduct,e14dd94c-8e11-4d49-a9d8-68eafdce5bdd/signed-code-of-conduct.pdf,455868
signed-code-of-conduct,bf8cf2d5-2e27-4ec9-8e62-7e42b954b625/signed-receipt.html,36641
signed-code-of-conduct,e14dd94c-8e11-4d49-a9d8-68eafdce5bdd/signed-receipt.html,58898
signed-code-of-conduct,6d647847-89ec-4d58-9b43-b877338b62d6/signed-code-of-conduct.pdf,447711
signed-code-of-conduct,20cfae6b-e59e-4d7a-802e-5f5bf418ec73/signed-code-of-conduct.pdf,438024
signed-code-of-conduct,20cfae6b-e59e-4d7a-802e-5f5bf418ec73/signed-receipt.html,14603
signed-code-of-conduct,6d647847-89ec-4d58-9b43-b877338b62d6/signed-receipt.html,34691
signed-code-of-conduct,1f3838e0-5d6c-441c-ae5d-1349e4b82f94/signed-code-of-conduct.pdf,441439
signed-code-of-conduct,1f3838e0-5d6c-441c-ae5d-1349e4b82f94/signed-receipt.html,21734
signed-code-of-conduct,20650887-c78e-41b6-871b-618f2033d4d4/signed-code-of-conduct.pdf,445214
signed-code-of-conduct,20650887-c78e-41b6-871b-618f2033d4d4/signed-receipt.html,35075
signed-code-of-conduct,1a7fb28b-c946-4aaf-a3f2-879cb9e5107b/signed-code-of-conduct.pdf,440199
signed-code-of-conduct,1391cd79-1ade-4ff9-8b8a-9f2118c8c220/signed-code-of-conduct.pdf,445619
signed-code-of-conduct,34e2fcad-238b-4989-8ef2-b33f61e713ea/signed-code-of-conduct.pdf,451743
signed-code-of-conduct,1391cd79-1ade-4ff9-8b8a-9f2118c8c220/signed-receipt.html,25901
signed-code-of-conduct,1a7fb28b-c946-4aaf-a3f2-879cb9e5107b/signed-receipt.html,20084
signed-code-of-conduct,794129ae-d214-441d-97af-a6fe232d575e/signed-code-of-conduct.pdf,444843
signed-code-of-conduct,794129ae-d214-441d-97af-a6fe232d575e/signed-receipt.html,31033
signed-code-of-conduct,5d8e3539-8db1-46d4-9ad8-b473d667ecb8/signed-code-of-conduct.pdf,452569
signed-code-of-conduct,3a4f95e7-9d35-4ede-9c2e-e7f5547f59a2/signed-code-of-conduct.pdf,457633
signed-code-of-conduct,3a4f95e7-9d35-4ede-9c2e-e7f5547f59a2/signed-receipt.html,54690
signed-code-of-conduct,81aa851c-5c09-4f25-b2a9-2c1be51486ad/signed-code-of-conduct.pdf,450191
signed-code-of-conduct,81aa851c-5c09-4f25-b2a9-2c1be51486ad/signed-receipt.html,44528
signed-code-of-conduct,34e2fcad-238b-4989-8ef2-b33f61e713ea/signed-receipt.html,48012
signed-code-of-conduct,3d3b682d-a8d8-4d66-be10-843f86904342/signed-code-of-conduct.pdf,440309
signed-code-of-conduct,1efabac2-3b12-4a9e-8809-8d453fca1b22/signed-code-of-conduct.pdf,435646
signed-code-of-conduct,3d3b682d-a8d8-4d66-be10-843f86904342/signed-receipt.html,18089
signed-code-of-conduct,b2273475-bd5c-48e0-93f2-681e60cad6ee/signed-code-of-conduct.pdf,447353
signed-code-of-conduct,8d36905e-8936-480a-bc69-7fc96d41c3d3/signed-code-of-conduct.pdf,450923
signed-code-of-conduct,1efabac2-3b12-4a9e-8809-8d453fca1b22/signed-receipt.html,13756
signed-code-of-conduct,8d36905e-8936-480a-bc69-7fc96d41c3d3/signed-receipt.html,40128
signed-code-of-conduct,5d8e3539-8db1-46d4-9ad8-b473d667ecb8/signed-receipt.html,44437
signed-code-of-conduct,83d34f28-11d0-40de-965a-d7a125dacdf6/signed-code-of-conduct.pdf,438449
signed-code-of-conduct,adec184a-dcb3-4f7a-a179-0899e66e2f74/signed-code-of-conduct.pdf,443916
signed-code-of-conduct,83d34f28-11d0-40de-965a-d7a125dacdf6/signed-receipt.html,14091
signed-code-of-conduct,fc8950d6-e66b-4ea2-835a-55731d0493c4/signed-code-of-conduct.pdf,463917
signed-code-of-conduct,fc8950d6-e66b-4ea2-835a-55731d0493c4/signed-receipt.html,59882
signed-code-of-conduct,d7f5a262-a319-46e5-8bea-f40e3c0b6a38/signed-code-of-conduct.pdf,436545
signed-code-of-conduct,d7f5a262-a319-46e5-8bea-f40e3c0b6a38/signed-receipt.html,12570
signed-code-of-conduct,841485ef-a769-4790-ac6f-61d1515e1236/signed-code-of-conduct.pdf,449967
signed-code-of-conduct,732670f7-0b76-4c9d-b985-9f15450ae728/signed-code-of-conduct.pdf,445441
signed-code-of-conduct,546a0ad4-4658-475f-a9a8-7eeddbb7b43c/signed-code-of-conduct.pdf,446326
signed-code-of-conduct,732670f7-0b76-4c9d-b985-9f15450ae728/signed-receipt.html,32513
signed-code-of-conduct,841485ef-a769-4790-ac6f-61d1515e1236/signed-receipt.html,36512
signed-code-of-conduct,25093b8b-9935-4653-82a9-dffbcff4103b/signed-code-of-conduct.pdf,457538
signed-code-of-conduct,25093b8b-9935-4653-82a9-dffbcff4103b/signed-receipt.html,54274
signed-code-of-conduct,b43ba284-87d3-4cf6-b987-e4bff1a701d9/signed-code-of-conduct.pdf,454947
signed-code-of-conduct,5f503e17-2736-4be0-a3fe-fbc7724e28f5/signed-code-of-conduct.pdf,451910
signed-code-of-conduct,5f503e17-2736-4be0-a3fe-fbc7724e28f5/signed-receipt.html,46261
signed-code-of-conduct,f6656857-73c0-47a0-b500-7ab790ab0a61/signed-code-of-conduct.pdf,441690
signed-code-of-conduct,f6656857-73c0-47a0-b500-7ab790ab0a61/signed-receipt.html,22538
signed-code-of-conduct,546a0ad4-4658-475f-a9a8-7eeddbb7b43c/signed-receipt.html,35109
signed-code-of-conduct,1d096e91-5a76-4aa3-b775-dca6da639f93/signed-code-of-conduct.pdf,452723
signed-code-of-conduct,17ac5c56-0336-4fc8-aca9-ce6d767323b7/signed-code-of-conduct.pdf,444059
signed-code-of-conduct,1d096e91-5a76-4aa3-b775-dca6da639f93/signed-receipt.html,43147
signed-code-of-conduct,b2273475-bd5c-48e0-93f2-681e60cad6ee/signed-receipt.html,35305
signed-code-of-conduct,6744768b-223d-4cdc-b389-27247ad9cdf9/signed-code-of-conduct.pdf,437587
signed-code-of-conduct,17ac5c56-0336-4fc8-aca9-ce6d767323b7/signed-receipt.html,25385
signed-code-of-conduct,6744768b-223d-4cdc-b389-27247ad9cdf9/signed-receipt.html,12864
signed-code-of-conduct,b43ba284-87d3-4cf6-b987-e4bff1a701d9/signed-receipt.html,48983
signed-code-of-conduct,ec1e5666-a8d0-4eae-a80b-a672e4863814/signed-code-of-conduct.pdf,445500
signed-code-of-conduct,adec184a-dcb3-4f7a-a179-0899e66e2f74/signed-receipt.html,31066
signed-code-of-conduct,ec1e5666-a8d0-4eae-a80b-a672e4863814/signed-receipt.html,27635
signed-code-of-conduct,9ece54b0-ad35-49e8-98d8-1023dbced824/signed-code-of-conduct.pdf,435539
signed-code-of-conduct,9ece54b0-ad35-49e8-98d8-1023dbced824/signed-receipt.html,13814
signed-code-of-conduct,28de1563-5c47-4e77-b2b5-bb864f165633/signed-code-of-conduct.pdf,446862
signed-code-of-conduct,28de1563-5c47-4e77-b2b5-bb864f165633/signed-receipt.html,34896
signed-code-of-conduct,6f5be1ac-157b-491a-99e8-2963f33fed56/signed-code-of-conduct.pdf,439779
signed-code-of-conduct,deebd6b5-3edb-4f71-a826-b2320893b4ec/signed-code-of-conduct.pdf,463728
signed-code-of-conduct,36142976-ef27-4689-9ef1-f3ba9b4ad6f4/signed-code-of-conduct.pdf,439788
signed-code-of-conduct,deebd6b5-3edb-4f71-a826-b2320893b4ec/signed-receipt.html,57128
signed-code-of-conduct,6f5be1ac-157b-491a-99e8-2963f33fed56/signed-receipt.html,18598
signed-code-of-conduct,c8cc8333-afbc-4cd2-974f-a75716b8e0e9/signed-code-of-conduct.pdf,449970
signed-code-of-conduct,c8cc8333-afbc-4cd2-974f-a75716b8e0e9/signed-receipt.html,35813
signed-code-of-conduct,5f3a3c3e-f630-479e-b315-7eecce7208db/signed-code-of-conduct.pdf,436808
signed-code-of-conduct,ddb672f8-dae9-4319-bd23-f6cf4e18e655/signed-code-of-conduct.pdf,437553
signed-code-of-conduct,ddb672f8-dae9-4319-bd23-f6cf4e18e655/signed-receipt.html,21163
signed-code-of-conduct,5f3a3c3e-f630-479e-b315-7eecce7208db/signed-receipt.html,12118
signed-code-of-conduct,9d43d1e1-dc42-4bf7-a228-f59707528e45/signed-code-of-conduct.pdf,439786
signed-code-of-conduct,36142976-ef27-4689-9ef1-f3ba9b4ad6f4/signed-receipt.html,17558
signed-code-of-conduct,9d43d1e1-dc42-4bf7-a228-f59707528e45/signed-receipt.html,17817
signed-code-of-conduct,be980477-59d6-4394-9c9a-93418c531be1/signed-code-of-conduct.pdf,450499
signed-code-of-conduct,6e2db717-ab37-4cbb-815a-d587464ac8cc/signed-code-of-conduct.pdf,441341
signed-code-of-conduct,6e2db717-ab37-4cbb-815a-d587464ac8cc/signed-receipt.html,21626
signed-code-of-conduct,be980477-59d6-4394-9c9a-93418c531be1/signed-receipt.html,36531
signed-code-of-conduct,626886b2-0c11-451f-a4d4-3c73b99a9560/signed-code-of-conduct.pdf,440767
signed-code-of-conduct,626886b2-0c11-451f-a4d4-3c73b99a9560/signed-receipt.html,15989
signed-code-of-conduct,053bb80e-c1c9-44de-b855-7f96801d33dc/signed-code-of-conduct.pdf,437823
signed-code-of-conduct,2f165df5-1e50-49f1-bb54-167af6697417/signed-code-of-conduct.pdf,443488
signed-code-of-conduct,2f165df5-1e50-49f1-bb54-167af6697417/signed-receipt.html,27901
signed-code-of-conduct,74918f5a-1cb1-4cb5-9e1c-0e116e275d4c/signed-code-of-conduct.pdf,439180
signed-code-of-conduct,74918f5a-1cb1-4cb5-9e1c-0e116e275d4c/signed-receipt.html,16771
signed-code-of-conduct,68679de7-aa6f-4685-aed2-316acf31d74a/signed-code-of-conduct.pdf,434872
signed-code-of-conduct,51eed506-2f7c-4f9f-9bad-d959d4ab2499/signed-code-of-conduct.pdf,450813
signed-code-of-conduct,68679de7-aa6f-4685-aed2-316acf31d74a/signed-receipt.html,9056
signed-code-of-conduct,b776a793-a2c1-46dd-9371-85f68ded4345/signed-code-of-conduct.pdf,450005
signed-code-of-conduct,51eed506-2f7c-4f9f-9bad-d959d4ab2499/signed-receipt.html,38738
signed-code-of-conduct,b776a793-a2c1-46dd-9371-85f68ded4345/signed-receipt.html,36806
signed-code-of-conduct,1f5e83ef-ac33-4edb-a89f-116586b3a0dc/signed-code-of-conduct.pdf,438477
signed-code-of-conduct,089dc4d5-65aa-40cf-bdd7-e5cb8039c1a0/signed-code-of-conduct.pdf,457205
signed-code-of-conduct,1f5e83ef-ac33-4edb-a89f-116586b3a0dc/signed-receipt.html,16036
signed-code-of-conduct,c68fb209-0088-4fe5-813f-3d42d3315ff1/signed-code-of-conduct.pdf,443090
signed-code-of-conduct,c68fb209-0088-4fe5-813f-3d42d3315ff1/signed-receipt.html,30287
signed-code-of-conduct,b6b03e73-5866-485a-a2ac-12e47ad78244/signed-code-of-conduct.pdf,447997
signed-code-of-conduct,b6b03e73-5866-485a-a2ac-12e47ad78244/signed-receipt.html,41089
signed-code-of-conduct,eaf89fd6-d8d1-4874-8330-b91eaefb8419/signed-code-of-conduct.pdf,438511
signed-code-of-conduct,7112bfe1-0bc6-4764-8137-272179290e1b/signed-code-of-conduct.pdf,445663
signed-code-of-conduct,7112bfe1-0bc6-4764-8137-272179290e1b/signed-receipt.html,32835
signed-code-of-conduct,eaf89fd6-d8d1-4874-8330-b91eaefb8419/signed-receipt.html,15305
signed-code-of-conduct,10d2f711-c92b-4a38-ab33-5b9bb47381ae/signed-code-of-conduct.pdf,442814
signed-code-of-conduct,10d2f711-c92b-4a38-ab33-5b9bb47381ae/signed-receipt.html,29416
signed-code-of-conduct,cd21ef88-3790-4281-b5e9-fd3b4a278ac4/signed-code-of-conduct.pdf,449535
signed-code-of-conduct,694619d4-2e06-4fa9-838a-b5c1c84ceb2e/signed-code-of-conduct.pdf,437638
signed-code-of-conduct,694619d4-2e06-4fa9-838a-b5c1c84ceb2e/signed-receipt.html,14031
signed-code-of-conduct,41a8afc7-3a60-4fbd-a781-1b0653df5023/signed-code-of-conduct.pdf,441679
signed-code-of-conduct,41a8afc7-3a60-4fbd-a781-1b0653df5023/signed-receipt.html,26013
signed-code-of-conduct,cd21ef88-3790-4281-b5e9-fd3b4a278ac4/signed-receipt.html,36838
signed-code-of-conduct,b8a6ace4-7061-4245-98c5-184daa32b201/signed-code-of-conduct.pdf,442991
signed-code-of-conduct,089dc4d5-65aa-40cf-bdd7-e5cb8039c1a0/signed-receipt.html,55451
signed-code-of-conduct,b8a6ace4-7061-4245-98c5-184daa32b201/signed-receipt.html,28382
signed-code-of-conduct,7a5c5192-c0ab-413e-b3c7-381bc28f5ca6/signed-code-of-conduct.pdf,443091
signed-code-of-conduct,8f0ae694-097d-4b25-9243-dc0534d35526/signed-code-of-conduct.pdf,439342
signed-code-of-conduct,7a5c5192-c0ab-413e-b3c7-381bc28f5ca6/signed-receipt.html,27127
signed-code-of-conduct,d99c7daf-b779-4c63-adf8-084767e89826/signed-code-of-conduct.pdf,448519
signed-code-of-conduct,8f0ae694-097d-4b25-9243-dc0534d35526/signed-receipt.html,17867
signed-code-of-conduct,d99c7daf-b779-4c63-adf8-084767e89826/signed-receipt.html,36608
signed-code-of-conduct,954fbcc9-a262-4ccd-85ae-7235b4ed8480/signed-code-of-conduct.pdf,437702
signed-code-of-conduct,954fbcc9-a262-4ccd-85ae-7235b4ed8480/signed-receipt.html,15433
signed-code-of-conduct,bc11bdf3-39fd-4d42-b964-56a0eb8833d5/signed-code-of-conduct.pdf,461353
signed-code-of-conduct,bc11bdf3-39fd-4d42-b964-56a0eb8833d5/signed-receipt.html,74751
signed-code-of-conduct,27988b90-3b48-4250-baf5-ba49de09652c/signed-code-of-conduct.pdf,440802
signed-code-of-conduct,3e2e77d8-a29d-4332-aaff-ca5aa037c242/signed-code-of-conduct.pdf,445248
signed-code-of-conduct,3e2e77d8-a29d-4332-aaff-ca5aa037c242/signed-receipt.html,27939
signed-code-of-conduct,27988b90-3b48-4250-baf5-ba49de09652c/signed-receipt.html,20589
signed-code-of-conduct,544268dc-940e-4e09-9173-6e47a32cffb3/signed-code-of-conduct.pdf,436690
signed-code-of-conduct,b55d102b-c2a2-44fa-ad73-8e4b8831002b/signed-code-of-conduct.pdf,444826
signed-code-of-conduct,544268dc-940e-4e09-9173-6e47a32cffb3/signed-receipt.html,12197
signed-code-of-conduct,a72f711f-6e86-42e2-8e56-c550a65bbb47/signed-code-of-conduct.pdf,438768
signed-code-of-conduct,b55d102b-c2a2-44fa-ad73-8e4b8831002b/signed-receipt.html,31277
signed-code-of-conduct,a72f711f-6e86-42e2-8e56-c550a65bbb47/signed-receipt.html,26769
signed-code-of-conduct,278fc03a-ae86-4d3a-92f5-283247fd6dbd/signed-code-of-conduct.pdf,440177
signed-code-of-conduct,278fc03a-ae86-4d3a-92f5-283247fd6dbd/signed-receipt.html,20135
signed-code-of-conduct,c77e1821-d5f6-4fff-b94e-67eb973e1eb3/signed-code-of-conduct.pdf,451669
signed-code-of-conduct,23163f08-c96c-420c-9584-f1593080dfde/signed-code-of-conduct.pdf,449188
signed-code-of-conduct,c77e1821-d5f6-4fff-b94e-67eb973e1eb3/signed-receipt.html,42262
signed-code-of-conduct,8854ac96-49dd-4805-94ae-d236551005da/signed-code-of-conduct.pdf,438140
signed-code-of-conduct,23163f08-c96c-420c-9584-f1593080dfde/signed-receipt.html,40729
signed-code-of-conduct,8854ac96-49dd-4805-94ae-d236551005da/signed-receipt.html,14190
signed-code-of-conduct,855df99f-da95-4678-bde2-2714f3fb5fc6/signed-code-of-conduct.pdf,464910
signed-code-of-conduct,6c6059ac-4461-4412-9999-3e5e1040c010/signed-code-of-conduct.pdf,437608
signed-code-of-conduct,855df99f-da95-4678-bde2-2714f3fb5fc6/signed-receipt.html,61018
signed-code-of-conduct,6c6059ac-4461-4412-9999-3e5e1040c010/signed-receipt.html,13831
signed-code-of-conduct,053bb80e-c1c9-44de-b855-7f96801d33dc/signed-receipt.html,13053
signed-code-of-conduct,35cb003d-62ba-42aa-bf09-d5fcd88c805e/signed-code-of-conduct.pdf,440593
signed-code-of-conduct,35cb003d-62ba-42aa-bf09-d5fcd88c805e/signed-receipt.html,17089
signed-code-of-conduct,d934330f-49bd-4a98-9527-6e102f4a833f/signed-code-of-conduct.pdf,440630
signed-code-of-conduct,d934330f-49bd-4a98-9527-6e102f4a833f/signed-receipt.html,19840
signed-code-of-conduct,77753053-ff11-47cd-8103-663c45189ae2/signed-code-of-conduct.pdf,451880
signed-code-of-conduct,77753053-ff11-47cd-8103-663c45189ae2/signed-receipt.html,44718
signed-code-of-conduct,7d91c71a-a6b7-40ae-b44b-27fdaad6cb65/signed-code-of-conduct.pdf,445550
signed-code-of-conduct,7d91c71a-a6b7-40ae-b44b-27fdaad6cb65/signed-receipt.html,32609
signed-code-of-conduct,dfeea292-b27c-4385-a209-85003ca5e02b/signed-code-of-conduct.pdf,448315
signed-code-of-conduct,dfeea292-b27c-4385-a209-85003ca5e02b/signed-receipt.html,36990
signed-code-of-conduct,032eaf18-591a-46b8-b824-980080958ee9/signed-code-of-conduct.pdf,440691
signed-code-of-conduct,032eaf18-591a-46b8-b824-980080958ee9/signed-receipt.html,15535
signed-code-of-conduct,9a030fc6-ff3a-492b-80df-1d50b69066e3/signed-code-of-conduct.pdf,442813
signed-code-of-conduct,9a030fc6-ff3a-492b-80df-1d50b69066e3/signed-receipt.html,25201
signed-code-of-conduct,89c9ef98-2aa1-4e08-90f8-35a385bc009d/signed-code-of-conduct.pdf,438567
signed-code-of-conduct,89c9ef98-2aa1-4e08-90f8-35a385bc009d/signed-receipt.html,15420
signed-code-of-conduct,c3f5ab71-1bb9-46fc-af04-f95dcedaf388/signed-code-of-conduct.pdf,439137
signed-code-of-conduct,c3f5ab71-1bb9-46fc-af04-f95dcedaf388/signed-receipt.html,17954
