bucket_id,name,owner,created_at,metadata
code-of-conduct,templates/1779730483341-Code_of_Conduct__Diamond_2.0_Membership_.pdf,89eddcfc-f32c-4f2b-b348-c30d77ce0c4b,2026-05-25 17:34:44.505361+00,"{""eTag"": ""\""dc683cc7829031718cf49852d0d8bc44\"""", ""size"": 451569, ""mimetype"": ""application/pdf"", ""cacheControl"": ""max-age=3600"", ""lastModified"": ""2026-05-25T17:34:45.000Z"", ""contentLength"": 451569, ""httpStatusCode"": 200}"
invoice-assets,default/logo/1779987438877-512px.png,89eddcfc-f32c-4f2b-b348-c30d77ce0c4b,2026-05-28 16:57:19.138122+00,"{""eTag"": ""\""a9d068d71998f3edae3f781af825c43d\"""", ""size"": 46102, ""mimetype"": ""image/png"", ""cacheControl"": ""max-age=3600"", ""lastModified"": ""2026-05-28T16:57:20.000Z"", ""contentLength"": 46102, ""httpStatusCode"": 200}"
invoice-assets,default/signature/1779988541702-high-mb-signature-png.png,89eddcfc-f32c-4f2b-b348-c30d77ce0c4b,2026-05-28 17:15:42.262992+00,"{""eTag"": ""\""4034e7c850f90d7a5c2c43faa864d11f\"""", ""size"": 15306, ""mimetype"": ""image/png"", ""cacheControl"": ""max-age=3600"", ""lastModified"": ""2026-05-28T17:15:43.000Z"", ""contentLength"": 15306, ""httpStatusCode"": 200}"
invoice-assets,default/stamp/1779988548743-stamp.png,89eddcfc-f32c-4f2b-b348-c30d77ce0c4b,2026-05-28 17:15:48.992847+00,"{""eTag"": ""\""0fb2a8113f7981d3c3133501874e42b2\"""", ""size"": 247854, ""mimetype"": ""image/png"", ""cacheControl"": ""max-age=3600"", ""lastModified"": ""2026-05-28T17:15:49.000Z"", ""contentLength"": 247854, ""httpStatusCode"": 200}"
signed-code-of-conduct,0066168e-1fd0-4381-b8a5-51d88e7da196/signed-code-of-conduct.pdf,,2026-06-29 13:21:26.22338+00,"{""eTag"": ""\""ee5079b494839f6b4c91362da41444ed\"""", ""size"": 439076, ""mimetype"": ""application/pdf"", ""cacheControl"": ""max-age=3600"", ""lastModified"": ""2026-06-29T13:21:27.000Z"", ""contentLength"": 439076, ""httpStatusCode"": 200}"
signed-code-of-conduct,0066168e-1fd0-4381-b8a5-51d88e7da196/signed-receipt.html,,2026-06-29 13:21:26.405769+00,"{""eTag"": ""\""e2bf5d54fd51bbd8906afb631696ce55\"""", ""size"": 25217, ""mimetype"": ""text/html"", ""cacheControl"": ""max-age=3600"", ""lastModified"": ""2026-06-29T13:21:27.000Z"", ""contentLength"": 25217, ""httpStatusCode"": 200}"
signed-code-of-conduct,032eaf18-591a-46b8-b824-980080958ee9/signed-code-of-conduct.pdf,,2026-08-06 14:01:46.321838+00,"{""eTag"": ""\""66ba11da3c8adce5b2dc9e5071546add\"""", ""size"": 440691, ""mimetype"": ""application/pdf"", ""cacheControl"": ""max-age=3600"", ""lastModified"": ""2026-08-06T14:01:47.000Z"", ""contentLength"": 440691, ""httpStatusCode"": 200}"
signed-code-of-conduct,032eaf18-591a-46b8-b824-980080958ee9/signed-receipt.html,,2026-08-06 14:01:46.800571+00,"{""eTag"": ""\""7107ae03f8336df92daeb8f6cdae93fb\"""", ""size"": 15535, ""mimetype"": ""text/html"", ""cacheControl"": ""max-age=3600"", ""lastModified"": ""2026-08-06T14:01:47.000Z"", ""contentLength"": 15535, ""httpStatusCode"": 200}"
signed-code-of-conduct,053bb80e-c1c9-44de-b855-7f96801d33dc/signed-code-of-conduct.pdf,,2026-07-30 13:43:08.391151+00,"{""eTag"": ""\""4b6c7d6c442711a17fee0fa9db7a7f52\"""", ""size"": 437823, ""mimetype"": ""application/pdf"", ""cacheControl"": ""max-age=3600"", ""lastModified"": ""2026-07-30T13:43:09.000Z"", ""contentLength"": 437823, ""httpStatusCode"": 200}"
signed-code-of-conduct,053bb80e-c1c9-44de-b855-7f96801d33dc/signed-receipt.html,,2026-07-30 13:43:08.669762+00,"{""eTag"": ""\""00c2fde39b2ae1bce4dba4e33675a5b7\"""", ""size"": 13053, ""mimetype"": ""text/html"", ""cacheControl"": ""max-age=3600"", ""lastModified"": ""2026-07-30T13:43:09.000Z"", ""contentLength"": 13053, ""httpStatusCode"": 200}"
signed-code-of-conduct,089dc4d5-65aa-40cf-bdd7-e5cb8039c1a0/signed-code-of-conduct.pdf,,2026-07-30 12:15:57.244296+00,"{""eTag"": ""\""e69df6b11ef3157a62ce45b215ee3766\"""", ""size"": 457205, ""mimetype"": ""application/pdf"", ""cacheControl"": ""max-age=3600"", ""lastModified"": ""2026-07-30T12:15:58.000Z"", ""contentLength"": 457205, ""httpStatusCode"": 200}"
signed-code-of-conduct,089dc4d5-65aa-40cf-bdd7-e5cb8039c1a0/signed-receipt.html,,2026-07-30 12:15:57.448827+00,"{""eTag"": ""\""d12036d3911db67237660c4dc342142b\"""", ""size"": 55451, ""mimetype"": ""text/html"", ""cacheControl"": ""max-age=3600"", ""lastModified"": ""2026-07-30T12:15:58.000Z"", ""contentLength"": 55451, ""httpStatusCode"": 200}"
signed-code-of-conduct,1015f530-05fd-4da0-be97-ef123df0b34d/signed-code-of-conduct.pdf,,2026-05-26 03:49:52.854066+00,"{""eTag"": ""\""c0fbb5ab1d382d9d89f948b28259ef33\"""", ""size"": 438256, ""mimetype"": ""application/pdf"", ""cacheControl"": ""max-age=3600"", ""lastModified"": ""2026-05-26T03:49:54.000Z"", ""contentLength"": 438256, ""httpStatusCode"": 200}"
signed-code-of-conduct,1015f530-05fd-4da0-be97-ef123df0b34d/signed-receipt.html,,2026-05-26 03:08:01.944783+00,"{""eTag"": ""\""63906b2b73b8b6de86099590beaaec0e\"""", ""size"": 20890, ""mimetype"": ""text/html"", ""cacheControl"": ""max-age=3600"", ""lastModified"": ""2026-05-26T03:08:02.000Z"", ""contentLength"": 20890, ""httpStatusCode"": 200}"
signed-code-of-conduct,10d2f711-c92b-4a38-ab33-5b9bb47381ae/signed-code-of-conduct.pdf,,2026-07-09 06:10:31.022329+00,"{""eTag"": ""\""777d90971579b4661af59723db71dd14\"""", ""size"": 442814, ""mimetype"": ""application/pdf"", ""cacheControl"": ""max-age=3600"", ""lastModified"": ""2026-07-09T06:10:31.000Z"", ""contentLength"": 442814, ""httpStatusCode"": 200}"
signed-code-of-conduct,10d2f711-c92b-4a38-ab33-5b9bb47381ae/signed-receipt.html,,2026-07-09 06:10:31.203866+00,"{""eTag"": ""\""76b602aaece5af858b34f015f8bdad04\"""", ""size"": 29416, ""mimetype"": ""text/html"", ""cacheControl"": ""max-age=3600"", ""lastModified"": ""2026-07-09T06:10:32.000Z"", ""contentLength"": 29416, ""httpStatusCode"": 200}"
signed-code-of-conduct,11c046c9-ca38-4c1a-a740-c72eaf6e35bc/signed-code-of-conduct.pdf,,2026-05-28 15:05:27.842275+00,"{""eTag"": ""\""9773fda23071afee4e16196204967d25\"""", ""size"": 441708, ""mimetype"": ""application/pdf"", ""cacheControl"": ""max-age=3600"", ""lastModified"": ""2026-05-28T15:05:28.000Z"", ""contentLength"": 441708, ""httpStatusCode"": 200}"
signed-code-of-conduct,11c046c9-ca38-4c1a-a740-c72eaf6e35bc/signed-receipt.html,,2026-05-28 15:05:28.016801+00,"{""eTag"": ""\""81065f084c24b508e20e13c8ab3edce4\"""", ""size"": 20086, ""mimetype"": ""text/html"", ""cacheControl"": ""max-age=3600"", ""lastModified"": ""2026-05-28T15:05:28.000Z"", ""contentLength"": 20086, ""httpStatusCode"": 200}"
signed-code-of-conduct,1391cd79-1ade-4ff9-8b8a-9f2118c8c220/signed-code-of-conduct.pdf,,2026-06-07 09:46:12.512806+00,"{""eTag"": ""\""a3c92e0d71bfe188499dd334b7b6112e\"""", ""size"": 445619, ""mimetype"": ""application/pdf"", ""cacheControl"": ""max-age=3600"", ""lastModified"": ""2026-06-07T09:46:13.000Z"", ""contentLength"": 445619, ""httpStatusCode"": 200}"
signed-code-of-conduct,1391cd79-1ade-4ff9-8b8a-9f2118c8c220/signed-receipt.html,,2026-06-07 09:46:12.688625+00,"{""eTag"": ""\""4035574fe05d947e3c0c2b37c915fc3f\"""", ""size"": 25901, ""mimetype"": ""text/html"", ""cacheControl"": ""max-age=3600"", ""lastModified"": ""2026-06-07T09:46:13.000Z"", ""contentLength"": 25901, ""httpStatusCode"": 200}"
signed-code-of-conduct,17ac5c56-0336-4fc8-aca9-ce6d767323b7/signed-code-of-conduct.pdf,,2026-07-05 13:54:54.230243+00,"{""eTag"": ""\""ada6407b52ccc0fa71f526d49669eafc\"""", ""size"": 444059, ""mimetype"": ""application/pdf"", ""cacheControl"": ""max-age=3600"", ""lastModified"": ""2026-07-05T13:54:55.000Z"", ""contentLength"": 444059, ""httpStatusCode"": 200}"
signed-code-of-conduct,17ac5c56-0336-4fc8-aca9-ce6d767323b7/signed-receipt.html,,2026-07-05 13:54:54.44086+00,"{""eTag"": ""\""3877eabcd223b82270ee0c2d568f9d10\"""", ""size"": 25385, ""mimetype"": ""text/html"", ""cacheControl"": ""max-age=3600"", ""lastModified"": ""2026-07-05T13:54:55.000Z"", ""contentLength"": 25385, ""httpStatusCode"": 200}"
signed-code-of-conduct,1a7fb28b-c946-4aaf-a3f2-879cb9e5107b/signed-code-of-conduct.pdf,,2026-06-30 11:59:00.077896+00,"{""eTag"": ""\""ef29c58f3801d2f77291032dec1bdbf4\"""", ""size"": 440199, ""mimetype"": ""application/pdf"", ""cacheControl"": ""max-age=3600"", ""lastModified"": ""2026-06-30T11:59:01.000Z"", ""contentLength"": 440199, ""httpStatusCode"": 200}"
signed-code-of-conduct,1a7fb28b-c946-4aaf-a3f2-879cb9e5107b/signed-receipt.html,,2026-06-30 11:59:00.289287+00,"{""eTag"": ""\""b881be4dd75ce7604d4c99acff24e73a\"""", ""size"": 20084, ""mimetype"": ""text/html"", ""cacheControl"": ""max-age=3600"", ""lastModified"": ""2026-06-30T11:59:01.000Z"", ""contentLength"": 20084, ""httpStatusCode"": 200}"
signed-code-of-conduct,1d096e91-5a76-4aa3-b775-dca6da639f93/signed-code-of-conduct.pdf,,2026-06-18 07:34:09.310247+00,"{""eTag"": ""\""58302c569a168b52422599c291fac817\"""", ""size"": 452723, ""mimetype"": ""application/pdf"", ""cacheControl"": ""max-age=3600"", ""lastModified"": ""2026-06-18T07:34:10.000Z"", ""contentLength"": 452723, ""httpStatusCode"": 200}"
signed-code-of-conduct,1d096e91-5a76-4aa3-b775-dca6da639f93/signed-receipt.html,,2026-06-18 07:34:09.510577+00,"{""eTag"": ""\""e48c021f0299b280e848befed57dedd5\"""", ""size"": 43147, ""mimetype"": ""text/html"", ""cacheControl"": ""max-age=3600"", ""lastModified"": ""2026-06-18T07:34:10.000Z"", ""contentLength"": 43147, ""httpStatusCode"": 200}"
signed-code-of-conduct,1efabac2-3b12-4a9e-8809-8d453fca1b22/signed-code-of-conduct.pdf,,2026-07-02 11:17:33.763623+00,"{""eTag"": ""\""8a4f1cefc1203d6dcb7b668798707204\"""", ""size"": 435646, ""mimetype"": ""application/pdf"", ""cacheControl"": ""max-age=3600"", ""lastModified"": ""2026-07-02T11:17:34.000Z"", ""contentLength"": 435646, ""httpStatusCode"": 200}"
signed-code-of-conduct,1efabac2-3b12-4a9e-8809-8d453fca1b22/signed-receipt.html,,2026-07-02 11:17:33.922631+00,"{""eTag"": ""\""e8f1d484d9abd436fbef1397228b566d\"""", ""size"": 13756, ""mimetype"": ""text/html"", ""cacheControl"": ""max-age=3600"", ""lastModified"": ""2026-07-02T11:17:34.000Z"", ""contentLength"": 13756, ""httpStatusCode"": 200}"
signed-code-of-conduct,1f3838e0-5d6c-441c-ae5d-1349e4b82f94/signed-code-of-conduct.pdf,,2026-06-06 04:38:26.792148+00,"{""eTag"": ""\""ca6f563cc52ea4dc6ce91483bc72d48d\"""", ""size"": 441439, ""mimetype"": ""application/pdf"", ""cacheControl"": ""max-age=3600"", ""lastModified"": ""2026-06-06T04:38:27.000Z"", ""contentLength"": 441439, ""httpStatusCode"": 200}"
signed-code-of-conduct,1f3838e0-5d6c-441c-ae5d-1349e4b82f94/signed-receipt.html,,2026-06-06 04:38:26.939949+00,"{""eTag"": ""\""91b3da2535f063f1d5f09f37f1c76632\"""", ""size"": 21734, ""mimetype"": ""text/html"", ""cacheControl"": ""max-age=3600"", ""lastModified"": ""2026-06-06T04:38:27.000Z"", ""contentLength"": 21734, ""httpStatusCode"": 200}"
signed-code-of-conduct,1f5e83ef-ac33-4edb-a89f-116586b3a0dc/signed-code-of-conduct.pdf,,2026-07-08 07:31:53.534773+00,"{""eTag"": ""\""a10de644966e2b736c825efd6e592ddd\"""", ""size"": 438477, ""mimetype"": ""application/pdf"", ""cacheControl"": ""max-age=3600"", ""lastModified"": ""2026-07-08T07:31:54.000Z"", ""contentLength"": 438477, ""httpStatusCode"": 200}"
signed-code-of-conduct,1f5e83ef-ac33-4edb-a89f-116586b3a0dc/signed-receipt.html,,2026-07-08 07:31:53.725414+00,"{""eTag"": ""\""1fb610aba6db87cbac5e73a829f9f2e1\"""", ""size"": 16036, ""mimetype"": ""text/html"", ""cacheControl"": ""max-age=3600"", ""lastModified"": ""2026-07-08T07:31:54.000Z"", ""contentLength"": 16036, ""httpStatusCode"": 200}"
signed-code-of-conduct,20650887-c78e-41b6-871b-618f2033d4d4/signed-code-of-conduct.pdf,,2026-06-06 12:09:00.729833+00,"{""eTag"": ""\""50ca21691e0ba3c6490ab5ba0b0e00ce\"""", ""size"": 445214, ""mimetype"": ""application/pdf"", ""cacheControl"": ""max-age=3600"", ""lastModified"": ""2026-06-06T12:09:01.000Z"", ""contentLength"": 445214, ""httpStatusCode"": 200}"
signed-code-of-conduct,20650887-c78e-41b6-871b-618f2033d4d4/signed-receipt.html,,2026-06-06 12:09:00.877712+00,"{""eTag"": ""\""5d5afb7d205a1b06fd48df5cadd3162e\"""", ""size"": 35075, ""mimetype"": ""text/html"", ""cacheControl"": ""max-age=3600"", ""lastModified"": ""2026-06-06T12:09:01.000Z"", ""contentLength"": 35075, ""httpStatusCode"": 200}"
signed-code-of-conduct,20cfae6b-e59e-4d7a-802e-5f5bf418ec73/signed-code-of-conduct.pdf,,2026-06-05 08:58:49.511212+00,"{""eTag"": ""\""ca63c2ccd4292727615887503707efc8\"""", ""size"": 438024, ""mimetype"": ""application/pdf"", ""cacheControl"": ""max-age=3600"", ""lastModified"": ""2026-06-05T08:58:50.000Z"", ""contentLength"": 438024, ""httpStatusCode"": 200}"
signed-code-of-conduct,20cfae6b-e59e-4d7a-802e-5f5bf418ec73/signed-receipt.html,,2026-06-05 08:58:49.698365+00,"{""eTag"": ""\""f5c02079f7cf3088ec095a1e7a2079db\"""", ""size"": 14603, ""mimetype"": ""text/html"", ""cacheControl"": ""max-age=3600"", ""lastModified"": ""2026-06-05T08:58:50.000Z"", ""contentLength"": 14603, ""httpStatusCode"": 200}"
signed-code-of-conduct,23163f08-c96c-420c-9584-f1593080dfde/signed-code-of-conduct.pdf,,2026-07-25 07:06:11.718444+00,"{""eTag"": ""\""7e35548b65efb74048563feb80d653bf\"""", ""size"": 449188, ""mimetype"": ""application/pdf"", ""cacheControl"": ""max-age=3600"", ""lastModified"": ""2026-07-25T07:06:12.000Z"", ""contentLength"": 449188, ""httpStatusCode"": 200}"
signed-code-of-conduct,23163f08-c96c-420c-9584-f1593080dfde/signed-receipt.html,,2026-07-25 07:06:11.920127+00,"{""eTag"": ""\""4a6cfb90a9382c8bb4c24d337d26e6ee\"""", ""size"": 40729, ""mimetype"": ""text/html"", ""cacheControl"": ""max-age=3600"", ""lastModified"": ""2026-07-25T07:06:12.000Z"", ""contentLength"": 40729, ""httpStatusCode"": 200}"
signed-code-of-conduct,25093b8b-9935-4653-82a9-dffbcff4103b/signed-code-of-conduct.pdf,,2026-06-15 15:30:15.459359+00,"{""eTag"": ""\""bf49bb9cb05354348708800a45e6fc98\"""", ""size"": 457538, ""mimetype"": ""application/pdf"", ""cacheControl"": ""max-age=3600"", ""lastModified"": ""2026-06-15T15:30:16.000Z"", ""contentLength"": 457538, ""httpStatusCode"": 200}"
signed-code-of-conduct,25093b8b-9935-4653-82a9-dffbcff4103b/signed-receipt.html,,2026-06-15 15:30:15.665548+00,"{""eTag"": ""\""35d4c33942338b32f68264f24cb17439\"""", ""size"": 54274, ""mimetype"": ""text/html"", ""cacheControl"": ""max-age=3600"", ""lastModified"": ""2026-06-15T15:30:16.000Z"", ""contentLength"": 54274, ""httpStatusCode"": 200}"
signed-code-of-conduct,278fc03a-ae86-4d3a-92f5-283247fd6dbd/signed-code-of-conduct.pdf,,2026-07-18 15:37:43.961491+00,"{""eTag"": ""\""8d5deaeb2de28fe34969d29d58aa688b\"""", ""size"": 440177, ""mimetype"": ""application/pdf"", ""cacheControl"": ""max-age=3600"", ""lastModified"": ""2026-07-18T15:37:44.000Z"", ""contentLength"": 440177, ""httpStatusCode"": 200}"
signed-code-of-conduct,278fc03a-ae86-4d3a-92f5-283247fd6dbd/signed-receipt.html,,2026-07-18 15:37:44.408655+00,"{""eTag"": ""\""7628a6f10f176fc43eb9fc9e9dea2b36\"""", ""size"": 20135, ""mimetype"": ""text/html"", ""cacheControl"": ""max-age=3600"", ""lastModified"": ""2026-07-18T15:37:45.000Z"", ""contentLength"": 20135, ""httpStatusCode"": 200}"
signed-code-of-conduct,27988b90-3b48-4250-baf5-ba49de09652c/signed-code-of-conduct.pdf,,2026-07-24 12:01:50.297997+00,"{""eTag"": ""\""89717a58bc0037618cd067a94ec260a8\"""", ""size"": 440802, ""mimetype"": ""application/pdf"", ""cacheControl"": ""max-age=3600"", ""lastModified"": ""2026-07-24T12:01:51.000Z"", ""contentLength"": 440802, ""httpStatusCode"": 200}"
signed-code-of-conduct,27988b90-3b48-4250-baf5-ba49de09652c/signed-receipt.html,,2026-07-24 12:01:50.459312+00,"{""eTag"": ""\""aff7259d5a8753c144c02d38abf8537f\"""", ""size"": 20589, ""mimetype"": ""text/html"", ""cacheControl"": ""max-age=3600"", ""lastModified"": ""2026-07-24T12:01:51.000Z"", ""contentLength"": 20589, ""httpStatusCode"": 200}"
signed-code-of-conduct,28de1563-5c47-4e77-b2b5-bb864f165633/signed-code-of-conduct.pdf,,2026-06-26 11:56:57.857432+00,"{""eTag"": ""\""5cf915f216bd30a3df79e5c12cc8a33f\"""", ""size"": 446862, ""mimetype"": ""application/pdf"", ""cacheControl"": ""max-age=3600"", ""lastModified"": ""2026-06-26T11:56:58.000Z"", ""contentLength"": 446862, ""httpStatusCode"": 200}"
signed-code-of-conduct,28de1563-5c47-4e77-b2b5-bb864f165633/signed-receipt.html,,2026-06-26 11:56:58.029279+00,"{""eTag"": ""\""c91733dc57b813d986e7a09483a99623\"""", ""size"": 34896, ""mimetype"": ""text/html"", ""cacheControl"": ""max-age=3600"", ""lastModified"": ""2026-06-26T11:56:58.000Z"", ""contentLength"": 34896, ""httpStatusCode"": 200}"
signed-code-of-conduct,2f165df5-1e50-49f1-bb54-167af6697417/signed-code-of-conduct.pdf,,2026-07-06 23:24:53.377839+00,"{""eTag"": ""\""ed53aadd29768246396e6a6e6f2b3e88\"""", ""size"": 443488, ""mimetype"": ""application/pdf"", ""cacheControl"": ""max-age=3600"", ""lastModified"": ""2026-07-06T23:24:54.000Z"", ""contentLength"": 443488, ""httpStatusCode"": 200}"
signed-code-of-conduct,2f165df5-1e50-49f1-bb54-167af6697417/signed-receipt.html,,2026-07-06 23:24:53.551944+00,"{""eTag"": ""\""a80b99d7f2e9d4979643bc76bc8ace14\"""", ""size"": 27901, ""mimetype"": ""text/html"", ""cacheControl"": ""max-age=3600"", ""lastModified"": ""2026-07-06T23:24:54.000Z"", ""contentLength"": 27901, ""httpStatusCode"": 200}"
signed-code-of-conduct,34e2fcad-238b-4989-8ef2-b33f61e713ea/signed-code-of-conduct.pdf,,2026-07-22 09:00:31.907946+00,"{""eTag"": ""\""5d615123f2a2b05618adcd779eb9ffc3\"""", ""size"": 451743, ""mimetype"": ""application/pdf"", ""cacheControl"": ""max-age=3600"", ""lastModified"": ""2026-07-22T09:00:32.000Z"", ""contentLength"": 451743, ""httpStatusCode"": 200}"
signed-code-of-conduct,34e2fcad-238b-4989-8ef2-b33f61e713ea/signed-receipt.html,,2026-07-22 09:00:32.115911+00,"{""eTag"": ""\""a856d2ee4716e6d5a05441baa4197e67\"""", ""size"": 48012, ""mimetype"": ""text/html"", ""cacheControl"": ""max-age=3600"", ""lastModified"": ""2026-07-22T09:00:33.000Z"", ""contentLength"": 48012, ""httpStatusCode"": 200}"
signed-code-of-conduct,35cb003d-62ba-42aa-bf09-d5fcd88c805e/signed-code-of-conduct.pdf,,2026-07-31 06:56:19.041954+00,"{""eTag"": ""\""210aa54cbf65432356a3c90073470792\"""", ""size"": 440593, ""mimetype"": ""application/pdf"", ""cacheControl"": ""max-age=3600"", ""lastModified"": ""2026-07-31T06:56:20.000Z"", ""contentLength"": 440593, ""httpStatusCode"": 200}"
signed-code-of-conduct,35cb003d-62ba-42aa-bf09-d5fcd88c805e/signed-receipt.html,,2026-07-31 06:56:19.233873+00,"{""eTag"": ""\""92cea147a5df3b137b0e9b164ae94f29\"""", ""size"": 17089, ""mimetype"": ""text/html"", ""cacheControl"": ""max-age=3600"", ""lastModified"": ""2026-07-31T06:56:20.000Z"", ""contentLength"": 17089, ""httpStatusCode"": 200}"
signed-code-of-conduct,36142976-ef27-4689-9ef1-f3ba9b4ad6f4/signed-code-of-conduct.pdf,,2026-07-22 14:21:10.25754+00,"{""eTag"": ""\""5e047d6907e0cbcf12d21297d94209d6\"""", ""size"": 439788, ""mimetype"": ""application/pdf"", ""cacheControl"": ""max-age=3600"", ""lastModified"": ""2026-07-22T14:21:11.000Z"", ""contentLength"": 439788, ""httpStatusCode"": 200}"
signed-code-of-conduct,36142976-ef27-4689-9ef1-f3ba9b4ad6f4/signed-receipt.html,,2026-07-22 14:21:10.42516+00,"{""eTag"": ""\""3360e717fd20c8db210bb685cb7a8b75\"""", ""size"": 17558, ""mimetype"": ""text/html"", ""cacheControl"": ""max-age=3600"", ""lastModified"": ""2026-07-22T14:21:11.000Z"", ""contentLength"": 17558, ""httpStatusCode"": 200}"
signed-code-of-conduct,3a4f95e7-9d35-4ede-9c2e-e7f5547f59a2/signed-code-of-conduct.pdf,,2026-06-07 15:32:29.270417+00,"{""eTag"": ""\""db0f6acdabc0e76da7f93a52a5eb2b30\"""", ""size"": 457633, ""mimetype"": ""application/pdf"", ""cacheControl"": ""max-age=3600"", ""lastModified"": ""2026-06-07T15:32:30.000Z"", ""contentLength"": 457633, ""httpStatusCode"": 200}"
signed-code-of-conduct,3a4f95e7-9d35-4ede-9c2e-e7f5547f59a2/signed-receipt.html,,2026-06-07 15:32:29.496347+00,"{""eTag"": ""\""d9d0b58abc1f1b07af262726cbcfda68\"""", ""size"": 54690, ""mimetype"": ""text/html"", ""cacheControl"": ""max-age=3600"", ""lastModified"": ""2026-06-07T15:32:30.000Z"", ""contentLength"": 54690, ""httpStatusCode"": 200}"
signed-code-of-conduct,3d3b682d-a8d8-4d66-be10-843f86904342/signed-code-of-conduct.pdf,,2026-06-11 16:05:46.548893+00,"{""eTag"": ""\""2dcbb69b526586f193e599660b75a32d\"""", ""size"": 440309, ""mimetype"": ""application/pdf"", ""cacheControl"": ""max-age=3600"", ""lastModified"": ""2026-06-11T16:05:47.000Z"", ""contentLength"": 440309, ""httpStatusCode"": 200}"
signed-code-of-conduct,3d3b682d-a8d8-4d66-be10-843f86904342/signed-receipt.html,,2026-06-11 16:05:46.734594+00,"{""eTag"": ""\""0a5a2811b2c06a27622cffb292b3d26a\"""", ""size"": 18089, ""mimetype"": ""text/html"", ""cacheControl"": ""max-age=3600"", ""lastModified"": ""2026-06-11T16:05:47.000Z"", ""contentLength"": 18089, ""httpStatusCode"": 200}"
signed-code-of-conduct,3e2e77d8-a29d-4332-aaff-ca5aa037c242/signed-code-of-conduct.pdf,,2026-07-14 05:50:52.530951+00,"{""eTag"": ""\""e099553de95d0c9112539dd3be75c878\"""", ""size"": 445248, ""mimetype"": ""application/pdf"", ""cacheControl"": ""max-age=3600"", ""lastModified"": ""2026-07-14T05:50:53.000Z"", ""contentLength"": 445248, ""httpStatusCode"": 200}"
signed-code-of-conduct,3e2e77d8-a29d-4332-aaff-ca5aa037c242/signed-receipt.html,,2026-07-14 05:50:52.747453+00,"{""eTag"": ""\""bb02322403702b9a8b772f7569a3b978\"""", ""size"": 27939, ""mimetype"": ""text/html"", ""cacheControl"": ""max-age=3600"", ""lastModified"": ""2026-07-14T05:50:53.000Z"", ""contentLength"": 27939, ""httpStatusCode"": 200}"
signed-code-of-conduct,41a8afc7-3a60-4fbd-a781-1b0653df5023/signed-code-of-conduct.pdf,,2026-07-09 11:11:20.199544+00,"{""eTag"": ""\""79703b7d2388f23549758d8536388ecd\"""", ""size"": 441679, ""mimetype"": ""application/pdf"", ""cacheControl"": ""max-age=3600"", ""lastModified"": ""2026-07-09T11:11:21.000Z"", ""contentLength"": 441679, ""httpStatusCode"": 200}"
signed-code-of-conduct,41a8afc7-3a60-4fbd-a781-1b0653df5023/signed-receipt.html,,2026-07-09 11:11:20.363355+00,"{""eTag"": ""\""d3734f208744495371767e7170d502cc\"""", ""size"": 26013, ""mimetype"": ""text/html"", ""cacheControl"": ""max-age=3600"", ""lastModified"": ""2026-07-09T11:11:21.000Z"", ""contentLength"": 26013, ""httpStatusCode"": 200}"
signed-code-of-conduct,515da1ee-4ae2-4749-8ef8-d5b40b75f56d/signed-code-of-conduct.pdf,,2026-07-22 07:34:51.59607+00,"{""eTag"": ""\""0e17f571a775bc83fe7a4e076aa43256\"""", ""size"": 447099, ""mimetype"": ""application/pdf"", ""cacheControl"": ""max-age=3600"", ""lastModified"": ""2026-07-22T07:34:52.000Z"", ""contentLength"": 447099, ""httpStatusCode"": 200}"
signed-code-of-conduct,515da1ee-4ae2-4749-8ef8-d5b40b75f56d/signed-receipt.html,,2026-07-22 07:34:51.818008+00,"{""eTag"": ""\""3709ba4b16d7cecf378d9b903e1a7e69\"""", ""size"": 38676, ""mimetype"": ""text/html"", ""cacheControl"": ""max-age=3600"", ""lastModified"": ""2026-07-22T07:34:52.000Z"", ""contentLength"": 38676, ""httpStatusCode"": 200}"
signed-code-of-conduct,51eed506-2f7c-4f9f-9bad-d959d4ab2499/signed-code-of-conduct.pdf,,2026-07-23 07:19:57.171283+00,"{""eTag"": ""\""fc00e9f420dde0b8e7281c7818a29b30\"""", ""size"": 450813, ""mimetype"": ""application/pdf"", ""cacheControl"": ""max-age=3600"", ""lastModified"": ""2026-07-23T07:19:58.000Z"", ""contentLength"": 450813, ""httpStatusCode"": 200}"
signed-code-of-conduct,51eed506-2f7c-4f9f-9bad-d959d4ab2499/signed-receipt.html,,2026-07-23 07:19:57.356431+00,"{""eTag"": ""\""323dfb9f9ea21bc3d4a930b98a36ff31\"""", ""size"": 38738, ""mimetype"": ""text/html"", ""cacheControl"": ""max-age=3600"", ""lastModified"": ""2026-07-23T07:19:58.000Z"", ""contentLength"": 38738, ""httpStatusCode"": 200}"
signed-code-of-conduct,544268dc-940e-4e09-9173-6e47a32cffb3/signed-code-of-conduct.pdf,,2026-07-16 10:47:44.584381+00,"{""eTag"": ""\""9cfc5cf4b7eb2d03b77fc2547ffec32d\"""", ""size"": 436690, ""mimetype"": ""application/pdf"", ""cacheControl"": ""max-age=3600"", ""lastModified"": ""2026-07-16T10:47:45.000Z"", ""contentLength"": 436690, ""httpStatusCode"": 200}"
signed-code-of-conduct,544268dc-940e-4e09-9173-6e47a32cffb3/signed-receipt.html,,2026-07-16 10:47:44.802493+00,"{""eTag"": ""\""de31ab5a0ce8b45d236d36f4f3b7a8ee\"""", ""size"": 12197, ""mimetype"": ""text/html"", ""cacheControl"": ""max-age=3600"", ""lastModified"": ""2026-07-16T10:47:45.000Z"", ""contentLength"": 12197, ""httpStatusCode"": 200}"
signed-code-of-conduct,546a0ad4-4658-475f-a9a8-7eeddbb7b43c/signed-code-of-conduct.pdf,,2026-07-22 11:58:34.473886+00,"{""eTag"": ""\""4e76814dae471f88925daa305726f57c\"""", ""size"": 446326, ""mimetype"": ""application/pdf"", ""cacheControl"": ""max-age=3600"", ""lastModified"": ""2026-07-22T11:58:35.000Z"", ""contentLength"": 446326, ""httpStatusCode"": 200}"
signed-code-of-conduct,546a0ad4-4658-475f-a9a8-7eeddbb7b43c/signed-receipt.html,,2026-07-22 11:58:34.665457+00,"{""eTag"": ""\""38c060c607c0920480d42cb4a760ae43\"""", ""size"": 35109, ""mimetype"": ""text/html"", ""cacheControl"": ""max-age=3600"", ""lastModified"": ""2026-07-22T11:58:35.000Z"", ""contentLength"": 35109, ""httpStatusCode"": 200}"
signed-code-of-conduct,5d8e3539-8db1-46d4-9ad8-b473d667ecb8/signed-code-of-conduct.pdf,,2026-07-05 20:15:25.766253+00,"{""eTag"": ""\""8ca39bac1cd51a6d6aad5627a48d6928\"""", ""size"": 452569, ""mimetype"": ""application/pdf"", ""cacheControl"": ""max-age=3600"", ""lastModified"": ""2026-07-05T20:15:26.000Z"", ""contentLength"": 452569, ""httpStatusCode"": 200}"
signed-code-of-conduct,5d8e3539-8db1-46d4-9ad8-b473d667ecb8/signed-receipt.html,,2026-07-05 20:15:25.915211+00,"{""eTag"": ""\""fc532b9829ee601a6cf30e119191c936\"""", ""size"": 44437, ""mimetype"": ""text/html"", ""cacheControl"": ""max-age=3600"", ""lastModified"": ""2026-07-05T20:15:26.000Z"", ""contentLength"": 44437, ""httpStatusCode"": 200}"
signed-code-of-conduct,5f3a3c3e-f630-479e-b315-7eecce7208db/signed-code-of-conduct.pdf,,2026-07-06 15:30:25.764669+00,"{""eTag"": ""\""f891a04461c034de7eb205a9c7517a97\"""", ""size"": 436808, ""mimetype"": ""application/pdf"", ""cacheControl"": ""max-age=3600"", ""lastModified"": ""2026-07-06T15:30:26.000Z"", ""contentLength"": 436808, ""httpStatusCode"": 200}"
signed-code-of-conduct,5f3a3c3e-f630-479e-b315-7eecce7208db/signed-receipt.html,,2026-07-06 15:30:25.975439+00,"{""eTag"": ""\""b12afd5ad15c3dc179ef806f50d96791\"""", ""size"": 12118, ""mimetype"": ""text/html"", ""cacheControl"": ""max-age=3600"", ""lastModified"": ""2026-07-06T15:30:26.000Z"", ""contentLength"": 12118, ""httpStatusCode"": 200}"
signed-code-of-conduct,5f503e17-2736-4be0-a3fe-fbc7724e28f5/signed-code-of-conduct.pdf,,2026-06-15 17:43:16.324862+00,"{""eTag"": ""\""7065518ba5d2b4e03f57f02002c50563\"""", ""size"": 451910, ""mimetype"": ""application/pdf"", ""cacheControl"": ""max-age=3600"", ""lastModified"": ""2026-06-15T17:43:17.000Z"", ""contentLength"": 451910, ""httpStatusCode"": 200}"
signed-code-of-conduct,5f503e17-2736-4be0-a3fe-fbc7724e28f5/signed-receipt.html,,2026-06-15 17:43:16.517142+00,"{""eTag"": ""\""2f2a453a1e9236e2d0dc312f989c37c8\"""", ""size"": 46261, ""mimetype"": ""text/html"", ""cacheControl"": ""max-age=3600"", ""lastModified"": ""2026-06-15T17:43:17.000Z"", ""contentLength"": 46261, ""httpStatusCode"": 200}"
signed-code-of-conduct,626886b2-0c11-451f-a4d4-3c73b99a9560/signed-code-of-conduct.pdf,,2026-07-06 22:30:14.378812+00,"{""eTag"": ""\""ac4d1aaf072a2c015efcd45ece74116f\"""", ""size"": 440767, ""mimetype"": ""application/pdf"", ""cacheControl"": ""max-age=3600"", ""lastModified"": ""2026-07-06T22:30:15.000Z"", ""contentLength"": 440767, ""httpStatusCode"": 200}"
signed-code-of-conduct,626886b2-0c11-451f-a4d4-3c73b99a9560/signed-receipt.html,,2026-07-06 22:30:14.572408+00,"{""eTag"": ""\""e887a821964042249121132e4af201fe\"""", ""size"": 15989, ""mimetype"": ""text/html"", ""cacheControl"": ""max-age=3600"", ""lastModified"": ""2026-07-06T22:30:15.000Z"", ""contentLength"": 15989, ""httpStatusCode"": 200}"
signed-code-of-conduct,6744768b-223d-4cdc-b389-27247ad9cdf9/signed-code-of-conduct.pdf,,2026-06-18 16:33:54.042148+00,"{""eTag"": ""\""037f6bbe2f13c64263311ed248b05aa6\"""", ""size"": 437587, ""mimetype"": ""application/pdf"", ""cacheControl"": ""max-age=3600"", ""lastModified"": ""2026-06-18T16:33:54.000Z"", ""contentLength"": 437587, ""httpStatusCode"": 200}"
signed-code-of-conduct,6744768b-223d-4cdc-b389-27247ad9cdf9/signed-receipt.html,,2026-06-18 16:33:54.221132+00,"{""eTag"": ""\""f3dae37aed0b426a9cab5d026907324b\"""", ""size"": 12864, ""mimetype"": ""text/html"", ""cacheControl"": ""max-age=3600"", ""lastModified"": ""2026-06-18T16:33:55.000Z"", ""contentLength"": 12864, ""httpStatusCode"": 200}"
signed-code-of-conduct,68679de7-aa6f-4685-aed2-316acf31d74a/signed-code-of-conduct.pdf,,2026-07-07 15:18:41.937194+00,"{""eTag"": ""\""63b275a8603127090a1c4190cabcdb64\"""", ""size"": 434872, ""mimetype"": ""application/pdf"", ""cacheControl"": ""max-age=3600"", ""lastModified"": ""2026-07-07T15:18:42.000Z"", ""contentLength"": 434872, ""httpStatusCode"": 200}"
signed-code-of-conduct,68679de7-aa6f-4685-aed2-316acf31d74a/signed-receipt.html,,2026-07-07 15:18:42.152765+00,"{""eTag"": ""\""fddca461aefd48b6f3e28ae9f4965968\"""", ""size"": 9056, ""mimetype"": ""text/html"", ""cacheControl"": ""max-age=3600"", ""lastModified"": ""2026-07-07T15:18:43.000Z"", ""contentLength"": 9056, ""httpStatusCode"": 200}"
signed-code-of-conduct,694619d4-2e06-4fa9-838a-b5c1c84ceb2e/signed-code-of-conduct.pdf,,2026-07-09 10:29:10.600856+00,"{""eTag"": ""\""13041c494bbdc9f24ed4c733c4685f51\"""", ""size"": 437638, ""mimetype"": ""application/pdf"", ""cacheControl"": ""max-age=3600"", ""lastModified"": ""2026-07-09T10:29:11.000Z"", ""contentLength"": 437638, ""httpStatusCode"": 200}"
signed-code-of-conduct,694619d4-2e06-4fa9-838a-b5c1c84ceb2e/signed-receipt.html,,2026-07-09 10:29:10.772312+00,"{""eTag"": ""\""23be6d5b402680d0c073b76887876486\"""", ""size"": 14031, ""mimetype"": ""text/html"", ""cacheControl"": ""max-age=3600"", ""lastModified"": ""2026-07-09T10:29:11.000Z"", ""contentLength"": 14031, ""httpStatusCode"": 200}"
signed-code-of-conduct,6c6059ac-4461-4412-9999-3e5e1040c010/signed-code-of-conduct.pdf,,2026-07-30 12:50:25.770872+00,"{""eTag"": ""\""190a75efc4b2c6690884cc17ede6e2e6\"""", ""size"": 437608, ""mimetype"": ""application/pdf"", ""cacheControl"": ""max-age=3600"", ""lastModified"": ""2026-07-30T12:50:26.000Z"", ""contentLength"": 437608, ""httpStatusCode"": 200}"
signed-code-of-conduct,6c6059ac-4461-4412-9999-3e5e1040c010/signed-receipt.html,,2026-07-30 12:50:25.964296+00,"{""eTag"": ""\""786c8a88d285fba5861e1093c29df4d6\"""", ""size"": 13831, ""mimetype"": ""text/html"", ""cacheControl"": ""max-age=3600"", ""lastModified"": ""2026-07-30T12:50:26.000Z"", ""contentLength"": 13831, ""httpStatusCode"": 200}"
signed-code-of-conduct,6d647847-89ec-4d58-9b43-b877338b62d6/signed-code-of-conduct.pdf,,2026-07-05 18:14:49.513266+00,"{""eTag"": ""\""58b9e9e4b666af2dbb6f85a143ab1ac9\"""", ""size"": 447711, ""mimetype"": ""application/pdf"", ""cacheControl"": ""max-age=3600"", ""lastModified"": ""2026-07-05T18:14:50.000Z"", ""contentLength"": 447711, ""httpStatusCode"": 200}"
signed-code-of-conduct,6d647847-89ec-4d58-9b43-b877338b62d6/signed-receipt.html,,2026-07-05 18:14:49.693697+00,"{""eTag"": ""\""9954c4e88f17c35ba08d87db4b388c56\"""", ""size"": 34691, ""mimetype"": ""text/html"", ""cacheControl"": ""max-age=3600"", ""lastModified"": ""2026-07-05T18:14:50.000Z"", ""contentLength"": 34691, ""httpStatusCode"": 200}"
signed-code-of-conduct,6e2db717-ab37-4cbb-815a-d587464ac8cc/signed-code-of-conduct.pdf,,2026-07-06 15:49:36.80996+00,"{""eTag"": ""\""1a1ef548cea0ff2384c408afde633a90\"""", ""size"": 441341, ""mimetype"": ""application/pdf"", ""cacheControl"": ""max-age=3600"", ""lastModified"": ""2026-07-06T15:49:37.000Z"", ""contentLength"": 441341, ""httpStatusCode"": 200}"
signed-code-of-conduct,6e2db717-ab37-4cbb-815a-d587464ac8cc/signed-receipt.html,,2026-07-06 15:49:37.481149+00,"{""eTag"": ""\""16bc0c11dba464846bd5258ddfc4e79e\"""", ""size"": 21626, ""mimetype"": ""text/html"", ""cacheControl"": ""max-age=3600"", ""lastModified"": ""2026-07-06T15:49:38.000Z"", ""contentLength"": 21626, ""httpStatusCode"": 200}"
signed-code-of-conduct,6f5be1ac-157b-491a-99e8-2963f33fed56/signed-code-of-conduct.pdf,,2026-07-05 17:29:39.453724+00,"{""eTag"": ""\""0edb3d628e59c45763fc2ae1bc77ca6e\"""", ""size"": 439779, ""mimetype"": ""application/pdf"", ""cacheControl"": ""max-age=3600"", ""lastModified"": ""2026-07-05T17:29:40.000Z"", ""contentLength"": 439779, ""httpStatusCode"": 200}"
signed-code-of-conduct,6f5be1ac-157b-491a-99e8-2963f33fed56/signed-receipt.html,,2026-07-05 17:29:39.612057+00,"{""eTag"": ""\""72a53ce35f921952c01e2bd192b0ae07\"""", ""size"": 18598, ""mimetype"": ""text/html"", ""cacheControl"": ""max-age=3600"", ""lastModified"": ""2026-07-05T17:29:40.000Z"", ""contentLength"": 18598, ""httpStatusCode"": 200}"
signed-code-of-conduct,7112bfe1-0bc6-4764-8137-272179290e1b/signed-code-of-conduct.pdf,,2026-07-09 04:05:11.832881+00,"{""eTag"": ""\""ac076830c4bf7d13dd21254be429db3c\"""", ""size"": 445663, ""mimetype"": ""application/pdf"", ""cacheControl"": ""max-age=3600"", ""lastModified"": ""2026-07-09T04:05:12.000Z"", ""contentLength"": 445663, ""httpStatusCode"": 200}"
signed-code-of-conduct,7112bfe1-0bc6-4764-8137-272179290e1b/signed-receipt.html,,2026-07-09 04:05:12.002674+00,"{""eTag"": ""\""69e389ae3cb0841ea9784d324c218df6\"""", ""size"": 32835, ""mimetype"": ""text/html"", ""cacheControl"": ""max-age=3600"", ""lastModified"": ""2026-07-09T04:05:12.000Z"", ""contentLength"": 32835, ""httpStatusCode"": 200}"
signed-code-of-conduct,732670f7-0b76-4c9d-b985-9f15450ae728/signed-code-of-conduct.pdf,,2026-06-15 15:07:32.829387+00,"{""eTag"": ""\""be244dc619a446ee04bbb5d2302843ed\"""", ""size"": 445441, ""mimetype"": ""application/pdf"", ""cacheControl"": ""max-age=3600"", ""lastModified"": ""2026-06-15T15:07:33.000Z"", ""contentLength"": 445441, ""httpStatusCode"": 200}"
signed-code-of-conduct,732670f7-0b76-4c9d-b985-9f15450ae728/signed-receipt.html,,2026-06-15 15:07:32.996621+00,"{""eTag"": ""\""edec68f8274ce58a0cef85e55fe5acf8\"""", ""size"": 32513, ""mimetype"": ""text/html"", ""cacheControl"": ""max-age=3600"", ""lastModified"": ""2026-06-15T15:07:33.000Z"", ""contentLength"": 32513, ""httpStatusCode"": 200}"
signed-code-of-conduct,74918f5a-1cb1-4cb5-9e1c-0e116e275d4c/signed-code-of-conduct.pdf,,2026-07-07 12:48:44.256712+00,"{""eTag"": ""\""ba86d796889f4b4f85df134c1a1ed3dd\"""", ""size"": 439180, ""mimetype"": ""application/pdf"", ""cacheControl"": ""max-age=3600"", ""lastModified"": ""2026-07-07T12:48:45.000Z"", ""contentLength"": 439180, ""httpStatusCode"": 200}"
signed-code-of-conduct,74918f5a-1cb1-4cb5-9e1c-0e116e275d4c/signed-receipt.html,,2026-07-07 12:48:44.443457+00,"{""eTag"": ""\""abc29c4ad87edefc96f78a1ffb9b908c\"""", ""size"": 16771, ""mimetype"": ""text/html"", ""cacheControl"": ""max-age=3600"", ""lastModified"": ""2026-07-07T12:48:45.000Z"", ""contentLength"": 16771, ""httpStatusCode"": 200}"
signed-code-of-conduct,77753053-ff11-47cd-8103-663c45189ae2/signed-code-of-conduct.pdf,,2026-08-02 05:36:46.116954+00,"{""eTag"": ""\""1135cbb4a37388b0b00b1d9edd6823e0\"""", ""size"": 451880, ""mimetype"": ""application/pdf"", ""cacheControl"": ""max-age=3600"", ""lastModified"": ""2026-08-02T05:36:47.000Z"", ""contentLength"": 451880, ""httpStatusCode"": 200}"
signed-code-of-conduct,77753053-ff11-47cd-8103-663c45189ae2/signed-receipt.html,,2026-08-02 05:36:46.325553+00,"{""eTag"": ""\""8c12ce57083ffc5563d632d9c3e27b05\"""", ""size"": 44718, ""mimetype"": ""text/html"", ""cacheControl"": ""max-age=3600"", ""lastModified"": ""2026-08-02T05:36:47.000Z"", ""contentLength"": 44718, ""httpStatusCode"": 200}"
signed-code-of-conduct,794129ae-d214-441d-97af-a6fe232d575e/signed-code-of-conduct.pdf,,2026-06-07 15:15:58.20486+00,"{""eTag"": ""\""4a38a0dfbed5a6d97d5f65277e441082\"""", ""size"": 444843, ""mimetype"": ""application/pdf"", ""cacheControl"": ""max-age=3600"", ""lastModified"": ""2026-06-07T15:15:59.000Z"", ""contentLength"": 444843, ""httpStatusCode"": 200}"
signed-code-of-conduct,794129ae-d214-441d-97af-a6fe232d575e/signed-receipt.html,,2026-06-07 15:15:58.377959+00,"{""eTag"": ""\""094757b12750cf7741c1958f9f83deaa\"""", ""size"": 31033, ""mimetype"": ""text/html"", ""cacheControl"": ""max-age=3600"", ""lastModified"": ""2026-06-07T15:15:59.000Z"", ""contentLength"": 31033, ""httpStatusCode"": 200}"
signed-code-of-conduct,7a5c5192-c0ab-413e-b3c7-381bc28f5ca6/signed-code-of-conduct.pdf,,2026-07-12 06:22:55.886798+00,"{""eTag"": ""\""a2e0dc0bd76a52719f6b4c6e90e0dbd1\"""", ""size"": 443091, ""mimetype"": ""application/pdf"", ""cacheControl"": ""max-age=3600"", ""lastModified"": ""2026-07-12T06:22:56.000Z"", ""contentLength"": 443091, ""httpStatusCode"": 200}"
signed-code-of-conduct,7a5c5192-c0ab-413e-b3c7-381bc28f5ca6/signed-receipt.html,,2026-07-12 06:22:56.076638+00,"{""eTag"": ""\""0e9786f3d501c5e9cb6a69c38c96938e\"""", ""size"": 27127, ""mimetype"": ""text/html"", ""cacheControl"": ""max-age=3600"", ""lastModified"": ""2026-07-12T06:22:57.000Z"", ""contentLength"": 27127, ""httpStatusCode"": 200}"
signed-code-of-conduct,7d91c71a-a6b7-40ae-b44b-27fdaad6cb65/signed-code-of-conduct.pdf,,2026-08-06 04:56:12.296108+00,"{""eTag"": ""\""3df8e03550bea9cc4769772bef6921c4\"""", ""size"": 445550, ""mimetype"": ""application/pdf"", ""cacheControl"": ""max-age=3600"", ""lastModified"": ""2026-08-06T04:56:13.000Z"", ""contentLength"": 445550, ""httpStatusCode"": 200}"
signed-code-of-conduct,7d91c71a-a6b7-40ae-b44b-27fdaad6cb65/signed-receipt.html,,2026-08-06 04:56:12.61672+00,"{""eTag"": ""\""797bd3ed20f5cdbe39277e8f17324ce9\"""", ""size"": 32609, ""mimetype"": ""text/html"", ""cacheControl"": ""max-age=3600"", ""lastModified"": ""2026-08-06T04:56:13.000Z"", ""contentLength"": 32609, ""httpStatusCode"": 200}"
signed-code-of-conduct,81aa851c-5c09-4f25-b2a9-2c1be51486ad/signed-code-of-conduct.pdf,,2026-06-07 15:33:56.125154+00,"{""eTag"": ""\""27b419b3f060a5231bf07dc735b12003\"""", ""size"": 450191, ""mimetype"": ""application/pdf"", ""cacheControl"": ""max-age=3600"", ""lastModified"": ""2026-06-07T15:33:57.000Z"", ""contentLength"": 450191, ""httpStatusCode"": 200}"
signed-code-of-conduct,81aa851c-5c09-4f25-b2a9-2c1be51486ad/signed-receipt.html,,2026-06-07 15:33:56.287413+00,"{""eTag"": ""\""c64284e9d0b8a6f5950363bc4c9e81e2\"""", ""size"": 44528, ""mimetype"": ""text/html"", ""cacheControl"": ""max-age=3600"", ""lastModified"": ""2026-06-07T15:33:57.000Z"", ""contentLength"": 44528, ""httpStatusCode"": 200}"
signed-code-of-conduct,83d34f28-11d0-40de-965a-d7a125dacdf6/signed-code-of-conduct.pdf,,2026-06-12 05:13:48.392389+00,"{""eTag"": ""\""13c45aa8021bed11a2609c2006721669\"""", ""size"": 438449, ""mimetype"": ""application/pdf"", ""cacheControl"": ""max-age=3600"", ""lastModified"": ""2026-06-12T05:13:49.000Z"", ""contentLength"": 438449, ""httpStatusCode"": 200}"
signed-code-of-conduct,83d34f28-11d0-40de-965a-d7a125dacdf6/signed-receipt.html,,2026-06-12 05:13:48.611544+00,"{""eTag"": ""\""90df000297ef4b5cb7b108e78cb5102e\"""", ""size"": 14091, ""mimetype"": ""text/html"", ""cacheControl"": ""max-age=3600"", ""lastModified"": ""2026-06-12T05:13:49.000Z"", ""contentLength"": 14091, ""httpStatusCode"": 200}"
signed-code-of-conduct,841485ef-a769-4790-ac6f-61d1515e1236/signed-code-of-conduct.pdf,,2026-07-04 22:40:27.749741+00,"{""eTag"": ""\""3bdbb61f1fb19cbb271a3746a5ddb1fb\"""", ""size"": 449967, ""mimetype"": ""application/pdf"", ""cacheControl"": ""max-age=3600"", ""lastModified"": ""2026-07-04T22:40:28.000Z"", ""contentLength"": 449967, ""httpStatusCode"": 200}"
signed-code-of-conduct,841485ef-a769-4790-ac6f-61d1515e1236/signed-receipt.html,,2026-07-04 22:40:27.919201+00,"{""eTag"": ""\""fca38acdf7aa987b6639072854fd4565\"""", ""size"": 36512, ""mimetype"": ""text/html"", ""cacheControl"": ""max-age=3600"", ""lastModified"": ""2026-07-04T22:40:28.000Z"", ""contentLength"": 36512, ""httpStatusCode"": 200}"
signed-code-of-conduct,855df99f-da95-4678-bde2-2714f3fb5fc6/signed-code-of-conduct.pdf,,2026-07-21 08:24:44.238915+00,"{""eTag"": ""\""bcc2067b7a85c33f5c19d4ed77a42627\"""", ""size"": 464910, ""mimetype"": ""application/pdf"", ""cacheControl"": ""max-age=3600"", ""lastModified"": ""2026-07-21T08:24:45.000Z"", ""contentLength"": 464910, ""httpStatusCode"": 200}"
signed-code-of-conduct,855df99f-da95-4678-bde2-2714f3fb5fc6/signed-receipt.html,,2026-07-21 08:24:44.434024+00,"{""eTag"": ""\""20aeabcc9ab278261313fbdc76d8e840\"""", ""size"": 61018, ""mimetype"": ""text/html"", ""cacheControl"": ""max-age=3600"", ""lastModified"": ""2026-07-21T08:24:45.000Z"", ""contentLength"": 61018, ""httpStatusCode"": 200}"
signed-code-of-conduct,8854ac96-49dd-4805-94ae-d236551005da/signed-code-of-conduct.pdf,,2026-07-21 05:35:35.569717+00,"{""eTag"": ""\""54677e4cde4181f4a75fad11bd747169\"""", ""size"": 438140, ""mimetype"": ""application/pdf"", ""cacheControl"": ""max-age=3600"", ""lastModified"": ""2026-07-21T05:35:36.000Z"", ""contentLength"": 438140, ""httpStatusCode"": 200}"
signed-code-of-conduct,8854ac96-49dd-4805-94ae-d236551005da/signed-receipt.html,,2026-07-21 05:35:35.730441+00,"{""eTag"": ""\""26930a30ccda720b261bed2ea24c13e6\"""", ""size"": 14190, ""mimetype"": ""text/html"", ""cacheControl"": ""max-age=3600"", ""lastModified"": ""2026-07-21T05:35:36.000Z"", ""contentLength"": 14190, ""httpStatusCode"": 200}"
signed-code-of-conduct,89c9ef98-2aa1-4e08-90f8-35a385bc009d/signed-code-of-conduct.pdf,,2026-08-06 17:10:49.52926+00,"{""eTag"": ""\""cc9a9f377077f291b8be1d8ca1303883\"""", ""size"": 438567, ""mimetype"": ""application/pdf"", ""cacheControl"": ""max-age=3600"", ""lastModified"": ""2026-08-06T17:10:50.000Z"", ""contentLength"": 438567, ""httpStatusCode"": 200}"
signed-code-of-conduct,89c9ef98-2aa1-4e08-90f8-35a385bc009d/signed-receipt.html,,2026-08-06 17:10:49.751609+00,"{""eTag"": ""\""cc406784d28f5217512db1504df319d6\"""", ""size"": 15420, ""mimetype"": ""text/html"", ""cacheControl"": ""max-age=3600"", ""lastModified"": ""2026-08-06T17:10:50.000Z"", ""contentLength"": 15420, ""httpStatusCode"": 200}"
signed-code-of-conduct,8d36905e-8936-480a-bc69-7fc96d41c3d3/signed-code-of-conduct.pdf,,2026-06-11 16:16:12.915035+00,"{""eTag"": ""\""dbab0def3db8ce9de949aad13f5888fb\"""", ""size"": 450923, ""mimetype"": ""application/pdf"", ""cacheControl"": ""max-age=3600"", ""lastModified"": ""2026-06-11T16:16:13.000Z"", ""contentLength"": 450923, ""httpStatusCode"": 200}"
signed-code-of-conduct,8d36905e-8936-480a-bc69-7fc96d41c3d3/signed-receipt.html,,2026-06-11 16:16:13.07882+00,"{""eTag"": ""\""8a517b1356ce7d997d56aa0ddb087463\"""", ""size"": 40128, ""mimetype"": ""text/html"", ""cacheControl"": ""max-age=3600"", ""lastModified"": ""2026-06-11T16:16:14.000Z"", ""contentLength"": 40128, ""httpStatusCode"": 200}"
signed-code-of-conduct,8f0ae694-097d-4b25-9243-dc0534d35526/signed-code-of-conduct.pdf,,2026-07-30 12:19:25.885926+00,"{""eTag"": ""\""8407292bd5e16a85ca0ee9f006fe2a76\"""", ""size"": 439342, ""mimetype"": ""application/pdf"", ""cacheControl"": ""max-age=3600"", ""lastModified"": ""2026-07-30T12:19:26.000Z"", ""contentLength"": 439342, ""httpStatusCode"": 200}"
signed-code-of-conduct,8f0ae694-097d-4b25-9243-dc0534d35526/signed-receipt.html,,2026-07-30 12:19:26.113719+00,"{""eTag"": ""\""c95cbb8a41b4e41e29d8ae4d38c8ee9d\"""", ""size"": 17867, ""mimetype"": ""text/html"", ""cacheControl"": ""max-age=3600"", ""lastModified"": ""2026-07-30T12:19:27.000Z"", ""contentLength"": 17867, ""httpStatusCode"": 200}"
signed-code-of-conduct,954fbcc9-a262-4ccd-85ae-7235b4ed8480/signed-code-of-conduct.pdf,,2026-07-13 09:47:03.582127+00,"{""eTag"": ""\""d93a7eed2ded321a2b509f07a0c97a0e\"""", ""size"": 437702, ""mimetype"": ""application/pdf"", ""cacheControl"": ""max-age=3600"", ""lastModified"": ""2026-07-13T09:47:04.000Z"", ""contentLength"": 437702, ""httpStatusCode"": 200}"
signed-code-of-conduct,954fbcc9-a262-4ccd-85ae-7235b4ed8480/signed-receipt.html,,2026-07-13 09:47:03.883035+00,"{""eTag"": ""\""2f8815e1ae66fb078463be5576c97998\"""", ""size"": 15433, ""mimetype"": ""text/html"", ""cacheControl"": ""max-age=3600"", ""lastModified"": ""2026-07-13T09:47:04.000Z"", ""contentLength"": 15433, ""httpStatusCode"": 200}"
signed-code-of-conduct,9a030fc6-ff3a-492b-80df-1d50b69066e3/signed-code-of-conduct.pdf,,2026-08-06 14:10:15.493737+00,"{""eTag"": ""\""0d1e7c3cebfae2cf0fd22fc67eeb7efa\"""", ""size"": 442813, ""mimetype"": ""application/pdf"", ""cacheControl"": ""max-age=3600"", ""lastModified"": ""2026-08-06T14:10:16.000Z"", ""contentLength"": 442813, ""httpStatusCode"": 200}"
signed-code-of-conduct,9a030fc6-ff3a-492b-80df-1d50b69066e3/signed-receipt.html,,2026-08-06 14:10:15.700409+00,"{""eTag"": ""\""169fa111a75159b87cac8a577d58c07e\"""", ""size"": 25201, ""mimetype"": ""text/html"", ""cacheControl"": ""max-age=3600"", ""lastModified"": ""2026-08-06T14:10:16.000Z"", ""contentLength"": 25201, ""httpStatusCode"": 200}"
signed-code-of-conduct,9d43d1e1-dc42-4bf7-a228-f59707528e45/signed-code-of-conduct.pdf,,2026-07-06 15:35:42.385468+00,"{""eTag"": ""\""55d5936bcb5e2b3c80a18333ca8cbc96\"""", ""size"": 439786, ""mimetype"": ""application/pdf"", ""cacheControl"": ""max-age=3600"", ""lastModified"": ""2026-07-06T15:35:43.000Z"", ""contentLength"": 439786, ""httpStatusCode"": 200}"
signed-code-of-conduct,9d43d1e1-dc42-4bf7-a228-f59707528e45/signed-receipt.html,,2026-07-06 15:35:42.565907+00,"{""eTag"": ""\""a913c051d1a437999caa1088c7e562aa\"""", ""size"": 17817, ""mimetype"": ""text/html"", ""cacheControl"": ""max-age=3600"", ""lastModified"": ""2026-07-06T15:35:43.000Z"", ""contentLength"": 17817, ""httpStatusCode"": 200}"
signed-code-of-conduct,9ece54b0-ad35-49e8-98d8-1023dbced824/signed-code-of-conduct.pdf,,2026-06-19 05:42:37.15503+00,"{""eTag"": ""\""04a2faa415d71a786ef1219dccc2288c\"""", ""size"": 435539, ""mimetype"": ""application/pdf"", ""cacheControl"": ""max-age=3600"", ""lastModified"": ""2026-06-19T05:42:38.000Z"", ""contentLength"": 435539, ""httpStatusCode"": 200}"
signed-code-of-conduct,9ece54b0-ad35-49e8-98d8-1023dbced824/signed-receipt.html,,2026-06-19 05:42:37.324008+00,"{""eTag"": ""\""a7f2581f2f7c6f8665a7e336d6e17505\"""", ""size"": 13814, ""mimetype"": ""text/html"", ""cacheControl"": ""max-age=3600"", ""lastModified"": ""2026-06-19T05:42:38.000Z"", ""contentLength"": 13814, ""httpStatusCode"": 200}"
signed-code-of-conduct,a72f711f-6e86-42e2-8e56-c550a65bbb47/signed-code-of-conduct.pdf,,2026-07-16 12:38:32.941446+00,"{""eTag"": ""\""522e72388a9457aacc5afc2538bc0f9a\"""", ""size"": 438768, ""mimetype"": ""application/pdf"", ""cacheControl"": ""max-age=3600"", ""lastModified"": ""2026-07-16T12:38:33.000Z"", ""contentLength"": 438768, ""httpStatusCode"": 200}"
signed-code-of-conduct,a72f711f-6e86-42e2-8e56-c550a65bbb47/signed-receipt.html,,2026-07-16 12:38:33.117059+00,"{""eTag"": ""\""9b96df0d9a4d7c96c7f4cde16570cd23\"""", ""size"": 26769, ""mimetype"": ""text/html"", ""cacheControl"": ""max-age=3600"", ""lastModified"": ""2026-07-16T12:38:34.000Z"", ""contentLength"": 26769, ""httpStatusCode"": 200}"
signed-code-of-conduct,adec184a-dcb3-4f7a-a179-0899e66e2f74/signed-code-of-conduct.pdf,,2026-07-06 15:33:30.040015+00,"{""eTag"": ""\""723d49b64ca8a7f1b97c807ec6f4b064\"""", ""size"": 443916, ""mimetype"": ""application/pdf"", ""cacheControl"": ""max-age=3600"", ""lastModified"": ""2026-07-06T15:33:30.000Z"", ""contentLength"": 443916, ""httpStatusCode"": 200}"
signed-code-of-conduct,adec184a-dcb3-4f7a-a179-0899e66e2f74/signed-receipt.html,,2026-07-06 15:33:30.434056+00,"{""eTag"": ""\""9784b9053c85ae314d2a574a459d7632\"""", ""size"": 31066, ""mimetype"": ""text/html"", ""cacheControl"": ""max-age=3600"", ""lastModified"": ""2026-07-06T15:33:31.000Z"", ""contentLength"": 31066, ""httpStatusCode"": 200}"
signed-code-of-conduct,b2273475-bd5c-48e0-93f2-681e60cad6ee/signed-code-of-conduct.pdf,,2026-07-27 06:52:33.138061+00,"{""eTag"": ""\""821909f11093d62e76412b1173026d6a\"""", ""size"": 447353, ""mimetype"": ""application/pdf"", ""cacheControl"": ""max-age=3600"", ""lastModified"": ""2026-07-27T06:52:34.000Z"", ""contentLength"": 447353, ""httpStatusCode"": 200}"
signed-code-of-conduct,b2273475-bd5c-48e0-93f2-681e60cad6ee/signed-receipt.html,,2026-07-27 06:52:33.348687+00,"{""eTag"": ""\""6c4f3cb57e19a051efe53ac677cb1335\"""", ""size"": 35305, ""mimetype"": ""text/html"", ""cacheControl"": ""max-age=3600"", ""lastModified"": ""2026-07-27T06:52:34.000Z"", ""contentLength"": 35305, ""httpStatusCode"": 200}"
signed-code-of-conduct,b35f9b02-5b33-4ddd-81e8-fefb1211e18d/signed-code-of-conduct.pdf,,2026-05-28 18:13:06.626938+00,"{""eTag"": ""\""0a18341ea1aa909865d52cec93ea9f05\"""", ""size"": 441226, ""mimetype"": ""application/pdf"", ""cacheControl"": ""max-age=3600"", ""lastModified"": ""2026-05-28T18:13:07.000Z"", ""contentLength"": 441226, ""httpStatusCode"": 200}"
signed-code-of-conduct,b35f9b02-5b33-4ddd-81e8-fefb1211e18d/signed-receipt.html,,2026-05-28 18:13:06.784862+00,"{""eTag"": ""\""666eb12f9c09416fe189323edcf8c114\"""", ""size"": 20388, ""mimetype"": ""text/html"", ""cacheControl"": ""max-age=3600"", ""lastModified"": ""2026-05-28T18:13:07.000Z"", ""contentLength"": 20388, ""httpStatusCode"": 200}"
signed-code-of-conduct,b43ba284-87d3-4cf6-b987-e4bff1a701d9/signed-code-of-conduct.pdf,,2026-07-06 07:50:50.745216+00,"{""eTag"": ""\""12f19c10a937f5689598e65b8371cb07\"""", ""size"": 454947, ""mimetype"": ""application/pdf"", ""cacheControl"": ""max-age=3600"", ""lastModified"": ""2026-07-06T07:50:51.000Z"", ""contentLength"": 454947, ""httpStatusCode"": 200}"
signed-code-of-conduct,b43ba284-87d3-4cf6-b987-e4bff1a701d9/signed-receipt.html,,2026-07-06 07:50:50.941177+00,"{""eTag"": ""\""986dd1c3cfac6dc9e069e4a7c0e5d346\"""", ""size"": 48983, ""mimetype"": ""text/html"", ""cacheControl"": ""max-age=3600"", ""lastModified"": ""2026-07-06T07:50:51.000Z"", ""contentLength"": 48983, ""httpStatusCode"": 200}"
signed-code-of-conduct,b55d102b-c2a2-44fa-ad73-8e4b8831002b/signed-code-of-conduct.pdf,,2026-07-30 12:35:29.347766+00,"{""eTag"": ""\""37f1498ac1d988166f293d25125a5846\"""", ""size"": 444826, ""mimetype"": ""application/pdf"", ""cacheControl"": ""max-age=3600"", ""lastModified"": ""2026-07-30T12:35:30.000Z"", ""contentLength"": 444826, ""httpStatusCode"": 200}"
signed-code-of-conduct,b55d102b-c2a2-44fa-ad73-8e4b8831002b/signed-receipt.html,,2026-07-30 12:35:29.585708+00,"{""eTag"": ""\""4c7f6ebffdc060492cb7f76feb7fefb5\"""", ""size"": 31277, ""mimetype"": ""text/html"", ""cacheControl"": ""max-age=3600"", ""lastModified"": ""2026-07-30T12:35:30.000Z"", ""contentLength"": 31277, ""httpStatusCode"": 200}"
signed-code-of-conduct,b6b03e73-5866-485a-a2ac-12e47ad78244/signed-code-of-conduct.pdf,,2026-07-08 13:09:55.740632+00,"{""eTag"": ""\""f3ebf2b1d972b87a8ec05d14866a7a98\"""", ""size"": 447997, ""mimetype"": ""application/pdf"", ""cacheControl"": ""max-age=3600"", ""lastModified"": ""2026-07-08T13:09:56.000Z"", ""contentLength"": 447997, ""httpStatusCode"": 200}"
signed-code-of-conduct,b6b03e73-5866-485a-a2ac-12e47ad78244/signed-receipt.html,,2026-07-08 13:09:55.905716+00,"{""eTag"": ""\""fbc1f917f1c4232571e964466ce69bb4\"""", ""size"": 41089, ""mimetype"": ""text/html"", ""cacheControl"": ""max-age=3600"", ""lastModified"": ""2026-07-08T13:09:56.000Z"", ""contentLength"": 41089, ""httpStatusCode"": 200}"
signed-code-of-conduct,b776a793-a2c1-46dd-9371-85f68ded4345/signed-code-of-conduct.pdf,,2026-07-08 05:42:05.530933+00,"{""eTag"": ""\""1f15836342508a3cb524770c5efe14bf\"""", ""size"": 450005, ""mimetype"": ""application/pdf"", ""cacheControl"": ""max-age=3600"", ""lastModified"": ""2026-07-08T05:42:06.000Z"", ""contentLength"": 450005, ""httpStatusCode"": 200}"
signed-code-of-conduct,b776a793-a2c1-46dd-9371-85f68ded4345/signed-receipt.html,,2026-07-08 05:42:05.756125+00,"{""eTag"": ""\""4915620adcf66c0c156288f055249e0d\"""", ""size"": 36806, ""mimetype"": ""text/html"", ""cacheControl"": ""max-age=3600"", ""lastModified"": ""2026-07-08T05:42:06.000Z"", ""contentLength"": 36806, ""httpStatusCode"": 200}"
signed-code-of-conduct,b8a6ace4-7061-4245-98c5-184daa32b201/signed-code-of-conduct.pdf,,2026-07-11 12:05:54.181611+00,"{""eTag"": ""\""47cab36b6f7ea7bddb70da184f0a0522\"""", ""size"": 442991, ""mimetype"": ""application/pdf"", ""cacheControl"": ""max-age=3600"", ""lastModified"": ""2026-07-11T12:05:55.000Z"", ""contentLength"": 442991, ""httpStatusCode"": 200}"
signed-code-of-conduct,b8a6ace4-7061-4245-98c5-184daa32b201/signed-receipt.html,,2026-07-11 12:05:54.336379+00,"{""eTag"": ""\""090270c5a1ead4f6410a4d9bb2e4b143\"""", ""size"": 28382, ""mimetype"": ""text/html"", ""cacheControl"": ""max-age=3600"", ""lastModified"": ""2026-07-11T12:05:55.000Z"", ""contentLength"": 28382, ""httpStatusCode"": 200}"
signed-code-of-conduct,bc11bdf3-39fd-4d42-b964-56a0eb8833d5/signed-code-of-conduct.pdf,,2026-07-13 13:41:02.893329+00,"{""eTag"": ""\""adedf79a1fe11d22f689b49d96e1dcb9\"""", ""size"": 461353, ""mimetype"": ""application/pdf"", ""cacheControl"": ""max-age=3600"", ""lastModified"": ""2026-07-13T13:41:03.000Z"", ""contentLength"": 461353, ""httpStatusCode"": 200}"
signed-code-of-conduct,bc11bdf3-39fd-4d42-b964-56a0eb8833d5/signed-receipt.html,,2026-07-13 13:41:03.228946+00,"{""eTag"": ""\""85da71155bb81051c0ddfdd309709910\"""", ""size"": 74751, ""mimetype"": ""text/html"", ""cacheControl"": ""max-age=3600"", ""lastModified"": ""2026-07-13T13:41:04.000Z"", ""contentLength"": 74751, ""httpStatusCode"": 200}"
signed-code-of-conduct,be980477-59d6-4394-9c9a-93418c531be1/signed-code-of-conduct.pdf,,2026-07-30 02:42:15.862557+00,"{""eTag"": ""\""fda6a1e2529f38d11652ef46dae8d391\"""", ""size"": 450499, ""mimetype"": ""application/pdf"", ""cacheControl"": ""max-age=3600"", ""lastModified"": ""2026-07-30T02:42:16.000Z"", ""contentLength"": 450499, ""httpStatusCode"": 200}"
signed-code-of-conduct,be980477-59d6-4394-9c9a-93418c531be1/signed-receipt.html,,2026-07-30 02:42:16.038924+00,"{""eTag"": ""\""edd59a73be1b34a2628af5fdb752a2f6\"""", ""size"": 36531, ""mimetype"": ""text/html"", ""cacheControl"": ""max-age=3600"", ""lastModified"": ""2026-07-30T02:42:16.000Z"", ""contentLength"": 36531, ""httpStatusCode"": 200}"
signed-code-of-conduct,bf8cf2d5-2e27-4ec9-8e62-7e42b954b625/signed-code-of-conduct.pdf,,2026-06-29 16:02:20.397482+00,"{""eTag"": ""\""e76a8ce9d8831c05e12d2e617942d823\"""", ""size"": 447726, ""mimetype"": ""application/pdf"", ""cacheControl"": ""max-age=3600"", ""lastModified"": ""2026-06-29T16:02:21.000Z"", ""contentLength"": 447726, ""httpStatusCode"": 200}"
signed-code-of-conduct,bf8cf2d5-2e27-4ec9-8e62-7e42b954b625/signed-receipt.html,,2026-06-29 16:02:20.598647+00,"{""eTag"": ""\""4e9ce1f3aae8dd0641c2d49c59a99b7e\"""", ""size"": 36641, ""mimetype"": ""text/html"", ""cacheControl"": ""max-age=3600"", ""lastModified"": ""2026-06-29T16:02:21.000Z"", ""contentLength"": 36641, ""httpStatusCode"": 200}"
signed-code-of-conduct,c3f5ab71-1bb9-46fc-af04-f95dcedaf388/signed-code-of-conduct.pdf,,2026-08-06 17:55:31.356824+00,"{""eTag"": ""\""fd2c8cab5c02e6b0c2175ef25eec2562\"""", ""size"": 439137, ""mimetype"": ""application/pdf"", ""cacheControl"": ""max-age=3600"", ""lastModified"": ""2026-08-06T17:55:32.000Z"", ""contentLength"": 439137, ""httpStatusCode"": 200}"
signed-code-of-conduct,c3f5ab71-1bb9-46fc-af04-f95dcedaf388/signed-receipt.html,,2026-08-06 17:55:31.502816+00,"{""eTag"": ""\""7a760522450a2047d3b80851a35cb484\"""", ""size"": 17954, ""mimetype"": ""text/html"", ""cacheControl"": ""max-age=3600"", ""lastModified"": ""2026-08-06T17:55:32.000Z"", ""contentLength"": 17954, ""httpStatusCode"": 200}"
signed-code-of-conduct,c68fb209-0088-4fe5-813f-3d42d3315ff1/signed-code-of-conduct.pdf,,2026-07-08 13:03:12.499254+00,"{""eTag"": ""\""a62bc7f5f52f8d9e89053c4a03ceff3e\"""", ""size"": 443090, ""mimetype"": ""application/pdf"", ""cacheControl"": ""max-age=3600"", ""lastModified"": ""2026-07-08T13:03:13.000Z"", ""contentLength"": 443090, ""httpStatusCode"": 200}"
signed-code-of-conduct,c68fb209-0088-4fe5-813f-3d42d3315ff1/signed-receipt.html,,2026-07-08 13:03:12.722867+00,"{""eTag"": ""\""7ab82879e93ca2719257570426ed844c\"""", ""size"": 30287, ""mimetype"": ""text/html"", ""cacheControl"": ""max-age=3600"", ""lastModified"": ""2026-07-08T13:03:13.000Z"", ""contentLength"": 30287, ""httpStatusCode"": 200}"
signed-code-of-conduct,c77e1821-d5f6-4fff-b94e-67eb973e1eb3/signed-code-of-conduct.pdf,,2026-07-20 13:51:06.427241+00,"{""eTag"": ""\""4cd71f08924717587ce4c04440799561\"""", ""size"": 451669, ""mimetype"": ""application/pdf"", ""cacheControl"": ""max-age=3600"", ""lastModified"": ""2026-07-20T13:51:07.000Z"", ""contentLength"": 451669, ""httpStatusCode"": 200}"
signed-code-of-conduct,c77e1821-d5f6-4fff-b94e-67eb973e1eb3/signed-receipt.html,,2026-07-20 13:51:06.618842+00,"{""eTag"": ""\""edc393eda91cb9eee41ca43c1aa01694\"""", ""size"": 42262, ""mimetype"": ""text/html"", ""cacheControl"": ""max-age=3600"", ""lastModified"": ""2026-07-20T13:51:07.000Z"", ""contentLength"": 42262, ""httpStatusCode"": 200}"
signed-code-of-conduct,c8cc8333-afbc-4cd2-974f-a75716b8e0e9/signed-code-of-conduct.pdf,,2026-06-28 06:19:34.534019+00,"{""eTag"": ""\""03bc359edc42c33e5b97ebfc718fe53e\"""", ""size"": 449970, ""mimetype"": ""application/pdf"", ""cacheControl"": ""max-age=3600"", ""lastModified"": ""2026-06-28T06:19:35.000Z"", ""contentLength"": 449970, ""httpStatusCode"": 200}"
signed-code-of-conduct,c8cc8333-afbc-4cd2-974f-a75716b8e0e9/signed-receipt.html,,2026-06-28 06:19:34.726118+00,"{""eTag"": ""\""ec6bcd783ce262a8cfe34f132a8c7cdd\"""", ""size"": 35813, ""mimetype"": ""text/html"", ""cacheControl"": ""max-age=3600"", ""lastModified"": ""2026-06-28T06:19:35.000Z"", ""contentLength"": 35813, ""httpStatusCode"": 200}"
signed-code-of-conduct,cd21ef88-3790-4281-b5e9-fd3b4a278ac4/signed-code-of-conduct.pdf,,2026-07-23 12:54:23.225314+00,"{""eTag"": ""\""964ef83f308454cf4b64e857093ed202\"""", ""size"": 449535, ""mimetype"": ""application/pdf"", ""cacheControl"": ""max-age=3600"", ""lastModified"": ""2026-07-23T12:54:24.000Z"", ""contentLength"": 449535, ""httpStatusCode"": 200}"
signed-code-of-conduct,cd21ef88-3790-4281-b5e9-fd3b4a278ac4/signed-receipt.html,,2026-07-23 12:54:23.401797+00,"{""eTag"": ""\""1603caf128a23c8d74f26bed3ffcb959\"""", ""size"": 36838, ""mimetype"": ""text/html"", ""cacheControl"": ""max-age=3600"", ""lastModified"": ""2026-07-23T12:54:24.000Z"", ""contentLength"": 36838, ""httpStatusCode"": 200}"
signed-code-of-conduct,d434c9e5-dad7-468f-819d-e4c0c6ab3a8a/signed-code-of-conduct.pdf,,2026-05-31 05:37:17.543587+00,"{""eTag"": ""\""6fff0b68a3d931c6b3d28bfaaf5303fe\"""", ""size"": 450846, ""mimetype"": ""application/pdf"", ""cacheControl"": ""max-age=3600"", ""lastModified"": ""2026-05-31T05:37:18.000Z"", ""contentLength"": 450846, ""httpStatusCode"": 200}"
signed-code-of-conduct,d434c9e5-dad7-468f-819d-e4c0c6ab3a8a/signed-receipt.html,,2026-05-31 05:37:17.76138+00,"{""eTag"": ""\""df80bc1f0d3db24227bf80d59a68cf1c\"""", ""size"": 42909, ""mimetype"": ""text/html"", ""cacheControl"": ""max-age=3600"", ""lastModified"": ""2026-05-31T05:37:18.000Z"", ""contentLength"": 42909, ""httpStatusCode"": 200}"
signed-code-of-conduct,d7f5a262-a319-46e5-8bea-f40e3c0b6a38/signed-code-of-conduct.pdf,,2026-06-15 14:50:55.32914+00,"{""eTag"": ""\""13569877c508daaa5cfef4bc29fa6b74\"""", ""size"": 436545, ""mimetype"": ""application/pdf"", ""cacheControl"": ""max-age=3600"", ""lastModified"": ""2026-06-15T14:50:56.000Z"", ""contentLength"": 436545, ""httpStatusCode"": 200}"
signed-code-of-conduct,d7f5a262-a319-46e5-8bea-f40e3c0b6a38/signed-receipt.html,,2026-06-15 14:50:55.540359+00,"{""eTag"": ""\""52576319c3575ce37dfb6894b66b98bd\"""", ""size"": 12570, ""mimetype"": ""text/html"", ""cacheControl"": ""max-age=3600"", ""lastModified"": ""2026-06-15T14:50:56.000Z"", ""contentLength"": 12570, ""httpStatusCode"": 200}"
signed-code-of-conduct,d934330f-49bd-4a98-9527-6e102f4a833f/signed-code-of-conduct.pdf,,2026-08-01 17:30:40.578062+00,"{""eTag"": ""\""d315b5fa699bee3b517cfa44e2422ed3\"""", ""size"": 440630, ""mimetype"": ""application/pdf"", ""cacheControl"": ""max-age=3600"", ""lastModified"": ""2026-08-01T17:30:41.000Z"", ""contentLength"": 440630, ""httpStatusCode"": 200}"
signed-code-of-conduct,d934330f-49bd-4a98-9527-6e102f4a833f/signed-receipt.html,,2026-08-01 17:30:40.8017+00,"{""eTag"": ""\""6a5ac902afb4b82d73e9e94f977fc59d\"""", ""size"": 19840, ""mimetype"": ""text/html"", ""cacheControl"": ""max-age=3600"", ""lastModified"": ""2026-08-01T17:30:41.000Z"", ""contentLength"": 19840, ""httpStatusCode"": 200}"
signed-code-of-conduct,d99ae8b9-3222-45b6-8f25-2dac51945de8/signed-code-of-conduct.pdf,,2026-05-29 12:55:09.110805+00,"{""eTag"": ""\""8a2b5e3ae66f68bfea0fb60906af63e5\"""", ""size"": 445397, ""mimetype"": ""application/pdf"", ""cacheControl"": ""max-age=3600"", ""lastModified"": ""2026-05-29T12:55:10.000Z"", ""contentLength"": 445397, ""httpStatusCode"": 200}"
signed-code-of-conduct,d99ae8b9-3222-45b6-8f25-2dac51945de8/signed-receipt.html,,2026-05-29 12:55:09.282697+00,"{""eTag"": ""\""4993b3b9041073ba6d3d44ceb48e5521\"""", ""size"": 28396, ""mimetype"": ""text/html"", ""cacheControl"": ""max-age=3600"", ""lastModified"": ""2026-05-29T12:55:10.000Z"", ""contentLength"": 28396, ""httpStatusCode"": 200}"
signed-code-of-conduct,d99c7daf-b779-4c63-adf8-084767e89826/signed-code-of-conduct.pdf,,2026-07-13 02:31:52.159142+00,"{""eTag"": ""\""b5c9d6ec43d9168ef63166de43c6fa08\"""", ""size"": 448519, ""mimetype"": ""application/pdf"", ""cacheControl"": ""max-age=3600"", ""lastModified"": ""2026-07-13T02:31:53.000Z"", ""contentLength"": 448519, ""httpStatusCode"": 200}"
signed-code-of-conduct,d99c7daf-b779-4c63-adf8-084767e89826/signed-receipt.html,,2026-07-13 02:31:52.468124+00,"{""eTag"": ""\""ea5e8aa035ac58053e7f9ba9dffe66da\"""", ""size"": 36608, ""mimetype"": ""text/html"", ""cacheControl"": ""max-age=3600"", ""lastModified"": ""2026-07-13T02:31:53.000Z"", ""contentLength"": 36608, ""httpStatusCode"": 200}"
signed-code-of-conduct,ddb672f8-dae9-4319-bd23-f6cf4e18e655/signed-code-of-conduct.pdf,,2026-06-29 12:54:49.937131+00,"{""eTag"": ""\""f1f51a799a49ec43e93d01a631a57a87\"""", ""size"": 437553, ""mimetype"": ""application/pdf"", ""cacheControl"": ""max-age=3600"", ""lastModified"": ""2026-06-29T12:54:50.000Z"", ""contentLength"": 437553, ""httpStatusCode"": 200}"
signed-code-of-conduct,ddb672f8-dae9-4319-bd23-f6cf4e18e655/signed-receipt.html,,2026-06-29 12:54:50.100329+00,"{""eTag"": ""\""865514513c1a13f9b565c71ec7d40426\"""", ""size"": 21163, ""mimetype"": ""text/html"", ""cacheControl"": ""max-age=3600"", ""lastModified"": ""2026-06-29T12:54:51.000Z"", ""contentLength"": 21163, ""httpStatusCode"": 200}"
signed-code-of-conduct,deebd6b5-3edb-4f71-a826-b2320893b4ec/signed-code-of-conduct.pdf,,2026-06-26 16:24:44.925833+00,"{""eTag"": ""\""664331142bb7ce46efeda98539cf4dd1\"""", ""size"": 463728, ""mimetype"": ""application/pdf"", ""cacheControl"": ""max-age=3600"", ""lastModified"": ""2026-06-26T16:24:45.000Z"", ""contentLength"": 463728, ""httpStatusCode"": 200}"
signed-code-of-conduct,deebd6b5-3edb-4f71-a826-b2320893b4ec/signed-receipt.html,,2026-06-26 16:24:45.164763+00,"{""eTag"": ""\""dc1e6ac886cffe64777af9c27d212f0d\"""", ""size"": 57128, ""mimetype"": ""text/html"", ""cacheControl"": ""max-age=3600"", ""lastModified"": ""2026-06-26T16:24:46.000Z"", ""contentLength"": 57128, ""httpStatusCode"": 200}"
signed-code-of-conduct,dfeea292-b27c-4385-a209-85003ca5e02b/signed-code-of-conduct.pdf,,2026-08-06 11:55:27.338514+00,"{""eTag"": ""\""028624ba9452eda06e041cdd3eaeff26\"""", ""size"": 448315, ""mimetype"": ""application/pdf"", ""cacheControl"": ""max-age=3600"", ""lastModified"": ""2026-08-06T11:55:28.000Z"", ""contentLength"": 448315, ""httpStatusCode"": 200}"
signed-code-of-conduct,dfeea292-b27c-4385-a209-85003ca5e02b/signed-receipt.html,,2026-08-06 11:55:27.503307+00,"{""eTag"": ""\""7f4c84cc460bfab85b1de207f2771a58\"""", ""size"": 36990, ""mimetype"": ""text/html"", ""cacheControl"": ""max-age=3600"", ""lastModified"": ""2026-08-06T11:55:28.000Z"", ""contentLength"": 36990, ""httpStatusCode"": 200}"
signed-code-of-conduct,e14dd94c-8e11-4d49-a9d8-68eafdce5bdd/signed-code-of-conduct.pdf,,2026-06-05 06:15:45.828734+00,"{""eTag"": ""\""78d33a56ed529b0b012c6ef8b5a39b82\"""", ""size"": 455868, ""mimetype"": ""application/pdf"", ""cacheControl"": ""max-age=3600"", ""lastModified"": ""2026-06-05T06:15:46.000Z"", ""contentLength"": 455868, ""httpStatusCode"": 200}"
signed-code-of-conduct,e14dd94c-8e11-4d49-a9d8-68eafdce5bdd/signed-receipt.html,,2026-06-05 06:15:46.009741+00,"{""eTag"": ""\""1d8052df44458a264639bb5566b17eec\"""", ""size"": 58898, ""mimetype"": ""text/html"", ""cacheControl"": ""max-age=3600"", ""lastModified"": ""2026-06-05T06:15:46.000Z"", ""contentLength"": 58898, ""httpStatusCode"": 200}"
signed-code-of-conduct,eaf89fd6-d8d1-4874-8330-b91eaefb8419/signed-code-of-conduct.pdf,,2026-07-23 12:46:44.956317+00,"{""eTag"": ""\""2f92f0ce9dd32d25b3b24738fee250d0\"""", ""size"": 438511, ""mimetype"": ""application/pdf"", ""cacheControl"": ""max-age=3600"", ""lastModified"": ""2026-07-23T12:46:45.000Z"", ""contentLength"": 438511, ""httpStatusCode"": 200}"
signed-code-of-conduct,eaf89fd6-d8d1-4874-8330-b91eaefb8419/signed-receipt.html,,2026-07-23 12:46:45.153333+00,"{""eTag"": ""\""2af41ac72c37db669e61280597bedf80\"""", ""size"": 15305, ""mimetype"": ""text/html"", ""cacheControl"": ""max-age=3600"", ""lastModified"": ""2026-07-23T12:46:46.000Z"", ""contentLength"": 15305, ""httpStatusCode"": 200}"
signed-code-of-conduct,ec1e5666-a8d0-4eae-a80b-a672e4863814/signed-code-of-conduct.pdf,,2026-06-18 16:56:36.451491+00,"{""eTag"": ""\""c19615a50bf73229f6771d493f2167e3\"""", ""size"": 445500, ""mimetype"": ""application/pdf"", ""cacheControl"": ""max-age=3600"", ""lastModified"": ""2026-06-18T16:56:37.000Z"", ""contentLength"": 445500, ""httpStatusCode"": 200}"
signed-code-of-conduct,ec1e5666-a8d0-4eae-a80b-a672e4863814/signed-receipt.html,,2026-06-18 16:56:36.62625+00,"{""eTag"": ""\""b95d40fd9c04664a034d628e7ccb6635\"""", ""size"": 27635, ""mimetype"": ""text/html"", ""cacheControl"": ""max-age=3600"", ""lastModified"": ""2026-06-18T16:56:37.000Z"", ""contentLength"": 27635, ""httpStatusCode"": 200}"
signed-code-of-conduct,f6656857-73c0-47a0-b500-7ab790ab0a61/signed-code-of-conduct.pdf,,2026-06-16 04:10:35.080385+00,"{""eTag"": ""\""d0b7eee5acd840c9f761cc2e42c1c8c0\"""", ""size"": 441690, ""mimetype"": ""application/pdf"", ""cacheControl"": ""max-age=3600"", ""lastModified"": ""2026-06-16T04:10:36.000Z"", ""contentLength"": 441690, ""httpStatusCode"": 200}"
signed-code-of-conduct,f6656857-73c0-47a0-b500-7ab790ab0a61/signed-receipt.html,,2026-06-16 04:10:35.274362+00,"{""eTag"": ""\""fa76b5451802b73f7f5600df1f5383d2\"""", ""size"": 22538, ""mimetype"": ""text/html"", ""cacheControl"": ""max-age=3600"", ""lastModified"": ""2026-06-16T04:10:36.000Z"", ""contentLength"": 22538, ""httpStatusCode"": 200}"
signed-code-of-conduct,fc8950d6-e66b-4ea2-835a-55731d0493c4/signed-code-of-conduct.pdf,,2026-06-13 08:30:12.591125+00,"{""eTag"": ""\""14830c142de01726054027bb28f23865\"""", ""size"": 463917, ""mimetype"": ""application/pdf"", ""cacheControl"": ""max-age=3600"", ""lastModified"": ""2026-06-13T08:30:13.000Z"", ""contentLength"": 463917, ""httpStatusCode"": 200}"
signed-code-of-conduct,fc8950d6-e66b-4ea2-835a-55731d0493c4/signed-receipt.html,,2026-06-13 08:30:12.781861+00,"{""eTag"": ""\""066d0b884f0ebbee95f9e9bcce947724\"""", ""size"": 59882, ""mimetype"": ""text/html"", ""cacheControl"": ""max-age=3600"", ""lastModified"": ""2026-06-13T08:30:13.000Z"", ""contentLength"": 59882, ""httpStatusCode"": 200}"
