id,webinar_name,webinar_date,webinar_type,total_leads,total_sales,total_ad_spend,total_revenue,overall_roas,unmatched_count,created_by,created_at,calculation_method,master_sheet_id,fetch_log_id,master_sheet_url,master_sheet_title,webinar_date_mode,webinar_single_date,webinar_start_date,webinar_end_date,webinar_dates,webinar_timing,webinar_format,webinar_operator,session_slot,webinar_platform,zoom_account_used,webinar_notes,tab_role_mapping,column_mapping,result_status,calculation_id,input_snapshot_hash,output_hash,media_buyer_order,column_mappings_used,duplicate_conflicts_count,attribution_engine_version,saved_from_draft_id,calculation_display_method,is_deleted,deleted_at,deleted_by,updated_at,ad_spend_tax_mode,gst_rate,roas_spend_basis,total_net_ad_spend,total_gst_amount,total_gross_ad_spend,revenue_mode,product_name,product_price,product_gst_mode,product_gst_percent,roas_revenue_basis,revenue_per_sale_gross,revenue_per_sale_net,total_gross_revenue,total_net_revenue,total_revenue_gst,total_token_collected
5417142f-14d7-4d59-a862-9133f23c16e3,6 Secrets Webinar,2026-05-05,2 Days Webinar,340,17,263121,2006000,7.623868866415071,3,89eddcfc-f32c-4f2b-b348-c30d77ce0c4b,2026-05-08 02:09:05.062838+00,automatic_master_sheet,,,https://docs.google.com/spreadsheets/d/1lSRdPblaq5nqwhJWCklSpHvaas_9TZ8utV4PPRFEEUI/edit?gid=1630687451#gid=1630687451,ROAS Calculation Sheet,single,2026-05-05,,,,"{""mode"": ""none""}",Automated,Nisha,Morning 11 AM,Zoom,Crux Account Umesh,,"[{""role"": ""sales"", ""sheetId"": ""0"", ""tabName"": ""Sales""}, {""role"": ""media_buyer"", ""sheetId"": ""1630687451"", ""tabName"": ""Akhil"", ""mediaBuyerName"": ""Akhil""}, {""role"": ""media_buyer"", ""sheetId"": ""1864198967"", ""tabName"": ""Hemant"", ""mediaBuyerName"": ""Hemant""}]",,fresh,calc_mowa0ld6_onkg4n,28950053,c6f316d2,"[{""id"": ""auto:Akhil:0"", ""name"": ""Akhil""}, {""id"": ""auto:Hemant:1"", ""name"": ""Hemant""}]",[],4,deterministic_v1,,,f,,,,,,,,,,,,,,,,,,,,,
492a5f0a-9110-451b-8063-87470ae1031e,6 Secrets Webinar,2026-05-13,2 Days Webinar,248,11,224241,1298000,5.788415142636716,1,89eddcfc-f32c-4f2b-b348-c30d77ce0c4b,2026-05-14 07:35:01.020807+00,automatic_master_sheet,,,https://docs.google.com/spreadsheets/d/1lSRdPblaq5nqwhJWCklSpHvaas_9TZ8utV4PPRFEEUI/edit?gid=0#gid=0,ROAS Calculation Sheet,single,2026-05-13,,,,"{""mode"": ""none""}",,,,Zoom,,,"[{""role"": ""sales"", ""sheetId"": ""0"", ""tabName"": ""Sales"", ""columnMapping"": {""name"": ""Name"", ""email"": ""email"", ""phone"": ""phone"", ""amount"": null, ""source"": null, ""paymentDate"": ""Date"", ""webinarName"": null, ""registrationDate"": null}}, {""role"": ""media_buyer"", ""sheetId"": ""1630687451"", ""tabName"": ""Akhil"", ""mediaBuyerName"": ""Akhil""}, {""role"": ""media_buyer"", ""sheetId"": ""1864198967"", ""tabName"": ""Hemant"", ""mediaBuyerName"": ""Hemant""}]",,fresh,calc_mp56ak6c_me87im,e4610e26,0a761b13,"[{""id"": ""auto:Akhil:0"", ""name"": ""Akhil""}, {""id"": ""auto:Hemant:1"", ""name"": ""Hemant""}]","[{""role"": ""sales"", ""tabName"": ""Sales"", ""columnMapping"": {""name"": ""Name"", ""email"": ""email"", ""phone"": ""phone"", ""amount"": null, ""source"": null, ""paymentDate"": ""Date"", ""webinarName"": null, ""registrationDate"": null}}]",2,deterministic_v1,,Automatic Attribution,f,,,,,,,,,,,,,,,,,,,,,
75f944f8-a0a0-4e1c-8925-cf3c9ebe96bc,6 Secrets Webinar,2026-05-09,2 Days Webinar,149,2,156999,236000,1.5031942878617062,0,8dca6892-3cf8-4a59-95a9-7484b6672cac,2026-05-14 10:23:29.140909+00,automatic_master_sheet,,,https://docs.google.com/spreadsheets/d/1lSRdPblaq5nqwhJWCklSpHvaas_9TZ8utV4PPRFEEUI/edit?gid=1630687451#gid=1630687451,ROAS Calculation Sheet,single,2026-05-09,,,,"{""mode"": ""same"", ""same"": {""to"": ""17:00"", ""from"": ""11:00""}}",Automated,Nisha,Morning 11 AM,Zoom,Crux Account Umesh,,"[{""role"": ""sales"", ""sheetId"": ""0"", ""tabName"": ""Sales""}, {""role"": ""media_buyer"", ""sheetId"": ""1630687451"", ""tabName"": ""Akhil"", ""mediaBuyerName"": ""Akhil""}, {""role"": ""media_buyer"", ""sheetId"": ""1864198967"", ""tabName"": ""Hemant"", ""mediaBuyerName"": ""Hemant""}]",,fresh,calc_mp5cbf36_b3uemr,14c98c65,2abf2470,"[{""id"": ""auto:Akhil:0"", ""name"": ""Akhil""}, {""id"": ""auto:Hemant:1"", ""name"": ""Hemant""}]",[],4,deterministic_v1,,Automatic Attribution,f,,,,,,,,,,,,,,,,,,,,,
20aa3669-1270-4840-bd93-5992d52c666b,6 Secrets Webinar,2026-05-16,2 Days Webinar,214,10,224590,1180000,5.2540184335900975,1,8dca6892-3cf8-4a59-95a9-7484b6672cac,2026-05-18 06:47:56.167402+00,automatic_master_sheet,,,https://docs.google.com/spreadsheets/d/1lSRdPblaq5nqwhJWCklSpHvaas_9TZ8utV4PPRFEEUI/edit?gid=0#gid=0,ROAS Calculation Sheet,single,2026-05-16,,,,"{""mode"": ""none""}",,,,Zoom,,,"[{""role"": ""sales"", ""sheetId"": ""0"", ""tabName"": ""Sales""}, {""role"": ""media_buyer"", ""sheetId"": ""1630687451"", ""tabName"": ""Akhil"", ""mediaBuyerName"": ""Akhil""}, {""role"": ""media_buyer"", ""sheetId"": ""1864198967"", ""tabName"": ""Hemant"", ""mediaBuyerName"": ""Hemant""}]",,fresh,calc_mpaudqnu_z2xvy3,3fa7a577,2a8a5f2c,"[{""id"": ""auto:Akhil:0"", ""name"": ""Akhil""}, {""id"": ""auto:Hemant:1"", ""name"": ""Hemant""}]",[],2,deterministic_v1,,Automatic Attribution,f,,,,,,,,,,,,,,,,,,,,,
6b541ea2-c588-4873-9144-45b9e5853495,6 Secrets Webinar,2026-05-21,2 Days Webinar,393,5,401484,590000,1.4695479770053104,1,8dca6892-3cf8-4a59-95a9-7484b6672cac,2026-05-22 10:31:36.003839+00,automatic_master_sheet,,,https://docs.google.com/spreadsheets/d/1lSRdPblaq5nqwhJWCklSpHvaas_9TZ8utV4PPRFEEUI/edit?gid=1630687451#gid=1630687451,ROAS Calculation Sheet,single,2026-05-21,,,,"{""mode"": ""none""}",,,,Zoom,,,"[{""role"": ""sales"", ""sheetId"": ""49576760"", ""tabName"": ""Sales 1""}, {""role"": ""media_buyer"", ""sheetId"": ""1630687451"", ""tabName"": ""Akhil"", ""mediaBuyerName"": ""Akhil""}, {""role"": ""media_buyer"", ""sheetId"": ""1864198967"", ""tabName"": ""Hemant"", ""mediaBuyerName"": ""Hemant""}]",,fresh,calc_mpgs4tdu_n4qihp,18ce8932,4f5cec38,"[{""id"": ""auto:Akhil:0"", ""name"": ""Akhil""}, {""id"": ""auto:Hemant:1"", ""name"": ""Hemant""}]",[],5,deterministic_v1,,Automatic Attribution,f,,,,,,,,,,,,,,,,,,,,,
b516eeca-07f9-41c2-805f-155cc7313ba7,6 Secrets Webinar,2026-05-30,2 Days Webinar,201,4,255794.5,472000,1.845231230538577,1,8dca6892-3cf8-4a59-95a9-7484b6672cac,2026-05-30 12:07:45.794652+00,automatic_master_sheet,,,https://docs.google.com/spreadsheets/d/1lSRdPblaq5nqwhJWCklSpHvaas_9TZ8utV4PPRFEEUI/edit?gid=49576760#gid=49576760,ROAS Calculation Sheet,single,2026-05-30,,,,"{""mode"": ""none""}",,,,Zoom,,,"[{""role"": ""sales"", ""sheetId"": ""49576760"", ""tabName"": ""Sales 1""}, {""role"": ""media_buyer"", ""sheetId"": ""1630687451"", ""tabName"": ""Akhil"", ""mediaBuyerName"": ""Akhil""}, {""role"": ""media_buyer"", ""sheetId"": ""1864198967"", ""tabName"": ""Hemanth"", ""mediaBuyerName"": ""Hemanth""}]",,fresh,calc_mpsb37ma_bso7sp,ec77e995,9988f1d9,"[{""id"": ""auto:Akhil:0"", ""name"": ""Akhil""}, {""id"": ""auto:Hemanth:1"", ""name"": ""Hemanth""}]",[],2,deterministic_v1,,Automatic Attribution,f,,,,exclusive,18,gross,216775,39019.5,255794.5,,,,,,,,,,,,
eabd2f9f-800c-4e04-afe1-878c556b430b,6 Secrets Webinar,2026-06-03,2 Days Webinar,206,8,315305.44,944000,2.993922337654561,1,8dca6892-3cf8-4a59-95a9-7484b6672cac,2026-06-03 12:47:32.569968+00,automatic_master_sheet,,,https://docs.google.com/spreadsheets/d/1lSRdPblaq5nqwhJWCklSpHvaas_9TZ8utV4PPRFEEUI/edit?gid=49576760#gid=49576760,ROAS Calculation Sheet,single,2026-06-03,,,,"{""mode"": ""none""}",,,,Zoom,,,"[{""role"": ""sales"", ""sheetId"": ""49576760"", ""tabName"": ""Sales 1""}, {""role"": ""media_buyer"", ""sheetId"": ""1630687451"", ""tabName"": ""Akhil"", ""mediaBuyerName"": ""Akhil""}, {""role"": ""media_buyer"", ""sheetId"": ""1864198967"", ""tabName"": ""Hemanth"", ""mediaBuyerName"": ""Hemanth""}]",,fresh,calc_mpy26t1h_ll3f7q,0b55bf52,53d1dadf,"[{""id"": ""auto:Akhil:0"", ""name"": ""Akhil""}, {""id"": ""auto:Hemanth:1"", ""name"": ""Hemanth""}]",[],1,deterministic_v1,,Automatic Attribution,f,,,,exclusive,18,gross,267208,48097.44,315305.44,,,,,,,,,,,,
3098bb7f-3ae2-4c1e-8078-cadf7358b282,6 Secrets Webinar,2026-06-06,2 Days Webinar,128,7,221631.14,826000,3.726913104358891,1,8dca6892-3cf8-4a59-95a9-7484b6672cac,2026-06-06 13:10:32.902981+00,automatic_master_sheet,,,https://docs.google.com/spreadsheets/d/1lSRdPblaq5nqwhJWCklSpHvaas_9TZ8utV4PPRFEEUI/edit?gid=49576760#gid=49576760,ROAS Calculation Sheet,single,2026-06-06,,,,"{""mode"": ""none""}",,,,Zoom,,,"[{""role"": ""sales"", ""sheetId"": ""49576760"", ""tabName"": ""Sales 1""}, {""role"": ""media_buyer"", ""sheetId"": ""1630687451"", ""tabName"": ""Akhil"", ""mediaBuyerName"": ""Akhil""}, {""role"": ""media_buyer"", ""sheetId"": ""1864198967"", ""tabName"": ""Hemanth"", ""mediaBuyerName"": ""Hemanth""}]",,fresh,calc_mq2df6f3_ayon26,95f41c8b,63eaa1e8,"[{""id"": ""auto:Akhil:0"", ""name"": ""Akhil""}, {""id"": ""auto:Hemanth:1"", ""name"": ""Hemanth""}]",[],0,deterministic_v1,,Automatic Attribution,f,,,,exclusive,18,gross,187823,33808.14,221631.14,,,,,,,,,,,,
21a65512-4610-4044-8257-4278b353ae4e,6 Secrets Webinar,2026-06-10,2 Days Webinar,187,6,283500.9,708000,2.4973465692701504,2,89eddcfc-f32c-4f2b-b348-c30d77ce0c4b,2026-06-10 11:36:24.788035+00,automatic_master_sheet,,,https://docs.google.com/spreadsheets/d/1lSRdPblaq5nqwhJWCklSpHvaas_9TZ8utV4PPRFEEUI/edit?gid=49576760#gid=49576760,ROAS Calculation Sheet,single,2026-06-10,,,,"{""mode"": ""none""}",,,,Zoom,,,"[{""role"": ""sales"", ""sheetId"": ""49576760"", ""tabName"": ""Sales 1""}, {""role"": ""media_buyer"", ""sheetId"": ""1630687451"", ""tabName"": ""Akhil"", ""mediaBuyerName"": ""Akhil""}, {""role"": ""media_buyer"", ""sheetId"": ""1864198967"", ""tabName"": ""Hemanth"", ""mediaBuyerName"": ""Hemanth""}]",,fresh,calc_mq7ztcb7_1j6cdh,5bc5f745,49efd5fb,"[{""id"": ""auto:Akhil:0"", ""name"": ""Akhil""}, {""id"": ""auto:Hemanth:1"", ""name"": ""Hemanth""}]",[],0,deterministic_v1,,Automatic Attribution,f,,,,exclusive,18,gross,240255,43245.9,283500.9,,,,,,,,,,,,
fb42f9a3-8c91-48c1-9fc3-a092f9a21802,6 Secrets Webinar,2026-06-13,2 Days Webinar,155,6,212999.44,708000,3.3239524010016175,3,89eddcfc-f32c-4f2b-b348-c30d77ce0c4b,2026-06-13 12:03:21.965233+00,automatic_master_sheet,,,https://docs.google.com/spreadsheets/d/1lSRdPblaq5nqwhJWCklSpHvaas_9TZ8utV4PPRFEEUI/edit?gid=49576760#gid=49576760,ROAS Calculation Sheet,single,2026-06-13,,,,"{""mode"": ""none""}",,,,Zoom,,,"[{""role"": ""sales"", ""sheetId"": ""49576760"", ""tabName"": ""Sales 1""}, {""role"": ""media_buyer"", ""sheetId"": ""1630687451"", ""tabName"": ""Akhil"", ""mediaBuyerName"": ""Akhil""}, {""role"": ""media_buyer"", ""sheetId"": ""1864198967"", ""tabName"": ""Hemanth"", ""mediaBuyerName"": ""Hemanth""}]",,fresh,calc_mqcb3jme_8ubdqx,c0434014,5fc78143,"[{""id"": ""auto:Akhil:0"", ""name"": ""Akhil""}, {""id"": ""auto:Hemanth:1"", ""name"": ""Hemanth""}]",[],0,deterministic_v1,,Automatic Attribution,f,,,,exclusive,18,gross,180508,32491.440000000002,212999.44,,,,,,,,,,,,
93ab341b-07f2-4f1c-ba79-69a2b3134134,6 Secrets Webinar,2026-06-17,2 Days Webinar,131,7,201379.97999999998,826000,4.101698689214291,3,89eddcfc-f32c-4f2b-b348-c30d77ce0c4b,2026-06-17 12:20:12.042282+00,automatic_master_sheet,,,https://docs.google.com/spreadsheets/d/1lSRdPblaq5nqwhJWCklSpHvaas_9TZ8utV4PPRFEEUI/edit?gid=49576760#gid=49576760,ROAS Calculation Sheet,single,2026-06-17,,,,"{""mode"": ""none""}",,,,Zoom,,,"[{""role"": ""sales"", ""sheetId"": ""49576760"", ""tabName"": ""Sales 1""}, {""role"": ""media_buyer"", ""sheetId"": ""1630687451"", ""tabName"": ""Akhil"", ""mediaBuyerName"": ""Akhil""}, {""role"": ""media_buyer"", ""sheetId"": ""1864198967"", ""tabName"": ""Hemanth"", ""mediaBuyerName"": ""Hemanth""}]",,fresh,calc_mqi1g1si_x2jec3,a97f272a,a2b4c450,"[{""id"": ""auto:Akhil:0"", ""name"": ""Akhil""}, {""id"": ""auto:Hemanth:1"", ""name"": ""Hemanth""}]",[],0,deterministic_v1,,Automatic Attribution,f,,,,exclusive,18,gross,170661,30718.98,201379.97999999998,,,,,,,,,,,,
09861111-894e-42eb-b788-ba2426ff39bf,6 Secrets Webinar,2026-06-20,2 Days Webinar,96,5,162211.06,590000,3.63723657314119,0,89eddcfc-f32c-4f2b-b348-c30d77ce0c4b,2026-06-20 11:51:55.378727+00,automatic_master_sheet,,,https://docs.google.com/spreadsheets/d/1lSRdPblaq5nqwhJWCklSpHvaas_9TZ8utV4PPRFEEUI/edit?gid=1864198967#gid=1864198967,ROAS Calculation Sheet,single,2026-06-20,,,,"{""mode"": ""none""}",,,,Zoom,,,"[{""role"": ""sales"", ""sheetId"": ""49576760"", ""tabName"": ""Sales 1""}, {""role"": ""media_buyer"", ""sheetId"": ""1630687451"", ""tabName"": ""Akhil"", ""mediaBuyerName"": ""Akhil""}, {""role"": ""media_buyer"", ""sheetId"": ""1864198967"", ""tabName"": ""Hemanth"", ""mediaBuyerName"": ""Hemanth""}]",,fresh,calc_mqmarx3b_ughr5t,e8e18adb,5a51e692,"[{""id"": ""auto:Akhil:0"", ""name"": ""Akhil""}, {""id"": ""auto:Hemanth:1"", ""name"": ""Hemanth""}]",[],0,deterministic_v1,,Automatic Attribution,f,,,,exclusive,18,gross,137467,24744.06,162211.06,,,,,,,,,,,,
8f157ae0-5fad-45c4-9ab8-ef10f2b3c74f,6 Secrets Webinar,2026-06-24,2 Days Webinar,154,4,256988.66,472000,1.8366569170795317,1,89eddcfc-f32c-4f2b-b348-c30d77ce0c4b,2026-06-24 13:16:12.19528+00,automatic_master_sheet,,,https://docs.google.com/spreadsheets/d/1lSRdPblaq5nqwhJWCklSpHvaas_9TZ8utV4PPRFEEUI/edit?gid=49576760#gid=49576760,ROAS Calculation Sheet,single,2026-06-24,,,,"{""mode"": ""none""}",,,,Zoom,,,"[{""role"": ""sales"", ""sheetId"": ""49576760"", ""tabName"": ""Sales 1""}, {""role"": ""media_buyer"", ""sheetId"": ""1630687451"", ""tabName"": ""Akhil"", ""mediaBuyerName"": ""Akhil""}, {""role"": ""media_buyer"", ""sheetId"": ""1864198967"", ""tabName"": ""Hemanth"", ""mediaBuyerName"": ""Hemanth""}]",,fresh,calc_mqs3jqgn_8lsa6d,509b2a4e,21c89684,"[{""id"": ""auto:Akhil:0"", ""name"": ""Akhil""}, {""id"": ""auto:Hemanth:1"", ""name"": ""Hemanth""}]",[],0,deterministic_v1,,Automatic Attribution,f,,,,exclusive,18,gross,217787,39201.659999999996,256988.66,,,,,,,,,,,,
adf6ce34-dff8-4d16-a12a-839b2de424ca,6 Secrets Webinar,2026-06-27,2 Days Webinar,143,5,230075.22,590000,2.564378727965576,1,89eddcfc-f32c-4f2b-b348-c30d77ce0c4b,2026-06-27 12:24:05.250638+00,automatic_master_sheet,,,https://docs.google.com/spreadsheets/d/1lSRdPblaq5nqwhJWCklSpHvaas_9TZ8utV4PPRFEEUI/edit?gid=49576760#gid=49576760,ROAS Calculation Sheet,single,2026-06-27,,,,"{""mode"": ""none""}",,,,Zoom,,,"[{""role"": ""sales"", ""sheetId"": ""49576760"", ""tabName"": ""Sales 1""}, {""role"": ""media_buyer"", ""sheetId"": ""1630687451"", ""tabName"": ""Akhil"", ""mediaBuyerName"": ""Akhil""}, {""role"": ""media_buyer"", ""sheetId"": ""1864198967"", ""tabName"": ""Hemanth"", ""mediaBuyerName"": ""Hemanth""}]",,fresh,calc_mqwc06ip_ic8z4k,57297395,8bd918a5,"[{""id"": ""auto:Akhil:0"", ""name"": ""Akhil""}, {""id"": ""auto:Hemanth:1"", ""name"": ""Hemanth""}]",[],0,deterministic_v1,,Automatic Attribution,f,,,,exclusive,18,gross,194979,35096.22,230075.22,,,,,,,,,,,,
bef2d525-df3c-4367-a2c7-26de6af036b7,6 Secrets Webinar,2026-07-01,2 Days Webinar,194,16,291179.16,1888000,6.483980515638551,2,89eddcfc-f32c-4f2b-b348-c30d77ce0c4b,2026-07-02 06:43:29.604957+00,automatic_master_sheet,,,https://docs.google.com/spreadsheets/d/1lSRdPblaq5nqwhJWCklSpHvaas_9TZ8utV4PPRFEEUI/edit?gid=49576760#gid=49576760,ROAS Calculation Sheet,single,2026-07-01,,,,"{""mode"": ""none""}",,,,Zoom,,,"[{""role"": ""sales"", ""sheetId"": ""49576760"", ""tabName"": ""Sales 1""}, {""role"": ""media_buyer"", ""sheetId"": ""1630687451"", ""tabName"": ""Akhil"", ""mediaBuyerName"": ""Akhil""}, {""role"": ""media_buyer"", ""sheetId"": ""1864198967"", ""tabName"": ""Hemanth"", ""mediaBuyerName"": ""Hemanth""}]",,fresh,calc_mr351gfc_wpvsmb,8c731c57,296378cf,"[{""id"": ""auto:Akhil:0"", ""name"": ""Akhil""}, {""id"": ""auto:Hemanth:1"", ""name"": ""Hemanth""}]",[],1,deterministic_v1,,Automatic Attribution,f,,,,exclusive,18,gross,246762,44417.16,291179.16,,,,,,,,,,,,
f03dddf1-99ef-4468-a1e0-b40798ca0b7a,6 Secrets Webinar,2026-07-04,2 Days Webinar,225,2,263540.02,235998,0.8954920774461502,1,89eddcfc-f32c-4f2b-b348-c30d77ce0c4b,2026-07-06 06:27:29.397875+00,automatic_master_sheet,,,https://docs.google.com/spreadsheets/d/1lSRdPblaq5nqwhJWCklSpHvaas_9TZ8utV4PPRFEEUI/edit?gid=49576760#gid=49576760,ROAS Calculation Sheet,single,2026-07-04,,,,"{""mode"": ""none""}",,,,Zoom,,,"[{""role"": ""sales"", ""sheetId"": ""49576760"", ""tabName"": ""Sales 1""}, {""role"": ""media_buyer"", ""sheetId"": ""1630687451"", ""tabName"": ""Akhil"", ""mediaBuyerName"": ""Akhil""}, {""role"": ""media_buyer"", ""sheetId"": ""1864198967"", ""tabName"": ""Hemanth"", ""mediaBuyerName"": ""Hemanth""}]",,fresh,calc_mr8u8c1x_36lk9b,d2998052,e927e89c,"[{""id"": ""auto:Akhil:0"", ""name"": ""Akhil""}, {""id"": ""auto:Hemanth:1"", ""name"": ""Hemanth""}]",[],1,deterministic_v1,,Automatic Attribution,f,,,,exclusive,18,gross,223339,40201.02,263540.02,,,,,,,,,,,,
35c76fa6-db63-4419-a038-6c53bdacca40,6 Secrets Webinar,2026-07-15,2 Days Webinar,232,11,373911.32,1100000,2.9418740251030644,8,8dca6892-3cf8-4a59-95a9-7484b6672cac,2026-07-15 12:14:40.818193+00,automatic_master_sheet,,,https://docs.google.com/spreadsheets/d/1lSRdPblaq5nqwhJWCklSpHvaas_9TZ8utV4PPRFEEUI/edit?gid=49576760#gid=49576760,ROAS Calculation Sheet,single,2026-07-15,,,,"{""mode"": ""none""}",,,,Zoom,,,"[{""role"": ""sales"", ""sheetId"": ""49576760"", ""tabName"": ""Sales 1""}, {""role"": ""media_buyer"", ""sheetId"": ""1630687451"", ""tabName"": ""Akhil"", ""mediaBuyerName"": ""Akhil""}, {""role"": ""media_buyer"", ""sheetId"": ""1864198967"", ""tabName"": ""Hemanth"", ""mediaBuyerName"": ""Hemanth""}]",,fresh,calc_mrm1l3rl_men8hq,11a4a4db,33dacdaf,"[{""id"": ""auto:Akhil:0"", ""name"": ""Akhil""}, {""id"": ""auto:Hemanth:1"", ""name"": ""Hemanth""}]",[],1,deterministic_v2_revenue,,Automatic Attribution,f,,,,exclusive,18,gross,316874,57037.32000000001,373911.32,fixed_product_price,IPC Diamond Membership,100000,inclusive,18,gross,100000,84745.76,1100000,932203.3898305085,167796.61016949144,83154
aebf2a9f-5c78-4658-93ff-be278033c715,6 Secrets Webinar,2026-07-08,2 Days Webinar,142,11,210250.03999999998,1298000,6.173601679219657,1,8dca6892-3cf8-4a59-95a9-7484b6672cac,2026-07-12 08:07:03.396902+00,automatic_master_sheet,,,https://docs.google.com/spreadsheets/d/1lSRdPblaq5nqwhJWCklSpHvaas_9TZ8utV4PPRFEEUI/edit?gid=1864198967#gid=1864198967,ROAS Calculation Sheet,single,2026-07-08,,,,"{""mode"": ""none""}",,,,Zoom,,,"[{""role"": ""sales"", ""sheetId"": ""49576760"", ""tabName"": ""Sales 1""}, {""role"": ""media_buyer"", ""sheetId"": ""1630687451"", ""tabName"": ""Akhil"", ""mediaBuyerName"": ""Akhil""}, {""role"": ""media_buyer"", ""sheetId"": ""1864198967"", ""tabName"": ""Hemanth"", ""mediaBuyerName"": ""Hemanth""}]",,fresh,calc_mrhifaz3_zghshn,3b1f2b6d,9ad5a1ed,"[{""id"": ""auto:Akhil:0"", ""name"": ""Akhil""}, {""id"": ""auto:Hemanth:1"", ""name"": ""Hemanth""}]",[],1,deterministic_v2_revenue,,Automatic Attribution,f,,,,exclusive,18,gross,178178,32072.04,210250.03999999998,fixed_product_price,IPC Diamond Membership,100000,exclusive,18,gross,118000,100000,1298000,1100000,198000,68320
d536d052-56d5-4b3b-a612-28edb6771289,6 Secrets Webinar,2026-07-11,2 Days Webinar,165,2,233614.03999999998,236000,1.0102132560183457,2,8dca6892-3cf8-4a59-95a9-7484b6672cac,2026-07-13 06:22:16.449564+00,automatic_master_sheet,,,https://docs.google.com/spreadsheets/d/1lSRdPblaq5nqwhJWCklSpHvaas_9TZ8utV4PPRFEEUI/edit?gid=49576760#gid=49576760,ROAS Calculation Sheet,single,2026-07-11,,,,"{""mode"": ""none""}",,,,Zoom,,,"[{""role"": ""sales"", ""sheetId"": ""49576760"", ""tabName"": ""Sales 1""}, {""role"": ""media_buyer"", ""sheetId"": ""1630687451"", ""tabName"": ""Akhil"", ""mediaBuyerName"": ""Akhil""}, {""role"": ""media_buyer"", ""sheetId"": ""1864198967"", ""tabName"": ""Hemanth"", ""mediaBuyerName"": ""Hemanth""}]",,fresh,calc_mriu4a3c_p3kmap,cd498a4c,7fbc5ef0,"[{""id"": ""auto:Akhil:0"", ""name"": ""Akhil""}, {""id"": ""auto:Hemanth:1"", ""name"": ""Hemanth""}]",[],7,deterministic_v1,,Automatic Attribution,f,,,,exclusive,18,gross,197978,35636.04,233614.03999999998,,,,,,,,,,,,
7f319c61-6a88-4a5a-a111-797061bbefd7,6 Secrets Webinar,2026-07-15,2 Days Webinar,245,10,373911.32,1000000,2.6744309319118766,8,8dca6892-3cf8-4a59-95a9-7484b6672cac,2026-07-16 10:49:50.92139+00,automatic_master_sheet,,,https://docs.google.com/spreadsheets/d/1lSRdPblaq5nqwhJWCklSpHvaas_9TZ8utV4PPRFEEUI/edit?gid=49576760#gid=49576760,ROAS Calculation Sheet,single,2026-07-15,,,,"{""mode"": ""none""}",,,,Zoom,,,"[{""role"": ""sales"", ""sheetId"": ""49576760"", ""tabName"": ""Sales 1""}, {""role"": ""media_buyer"", ""sheetId"": ""1630687451"", ""tabName"": ""Akhil"", ""mediaBuyerName"": ""Akhil""}, {""role"": ""media_buyer"", ""sheetId"": ""1864198967"", ""tabName"": ""Hemanth"", ""mediaBuyerName"": ""Hemanth""}]",,fresh,calc_mrne07qn_gx3ope,2d527980,35b7a130,"[{""id"": ""auto:Akhil:0"", ""name"": ""Akhil""}, {""id"": ""auto:Hemanth:1"", ""name"": ""Hemanth""}]",[],1,deterministic_v2_revenue,,Automatic Attribution,f,,,,exclusive,18,gross,316874,57037.32000000001,373911.32,fixed_product_price,IPC Diamond Membership,100000,inclusive,18,gross,100000,84745.76,1000000,847457.6271186442,152542.3728813558,82154
4ea93a63-0fd2-4a17-aeb5-663b64c6ca6f,6 Secrets Webinar,2026-07-18,2 Days Webinar,161,7,202373.53999999998,42493,0.20997310221484491,2,89eddcfc-f32c-4f2b-b348-c30d77ce0c4b,2026-07-22 08:12:32.347233+00,automatic_master_sheet,,,https://docs.google.com/spreadsheets/d/1lSRdPblaq5nqwhJWCklSpHvaas_9TZ8utV4PPRFEEUI/edit?gid=49576760#gid=49576760,ROAS Calculation Sheet,single,2026-07-18,,,,"{""mode"": ""none""}",,,,Zoom,,,"[{""role"": ""sales"", ""sheetId"": ""49576760"", ""tabName"": ""Sales 1""}, {""role"": ""media_buyer"", ""sheetId"": ""1630687451"", ""tabName"": ""Akhil"", ""mediaBuyerName"": ""Akhil""}, {""role"": ""media_buyer"", ""sheetId"": ""1864198967"", ""tabName"": ""Hemanth"", ""mediaBuyerName"": ""Hemanth""}]",,fresh,calc_mrsw12m1_ubpcjq,f980de65,63e3871b,"[{""id"": ""auto:Akhil:0"", ""name"": ""Akhil""}, {""id"": ""auto:Hemanth:1"", ""name"": ""Hemanth""}]",[],0,deterministic_v1,,Automatic Attribution,f,,,,exclusive,18,gross,171503,30870.54,202373.53999999998,fixed_product_price,,0,inclusive,18,gross,,,,,,
5a0465a4-40ee-4122-8b08-b5c268cde974,6 Secrets Webinar,2026-07-22,2 Days Webinar,92,6,133630.28,708000,5.298200377938294,1,89eddcfc-f32c-4f2b-b348-c30d77ce0c4b,2026-07-22 12:30:17.305306+00,automatic_master_sheet,,,https://docs.google.com/spreadsheets/d/1lSRdPblaq5nqwhJWCklSpHvaas_9TZ8utV4PPRFEEUI/edit?gid=49576760#gid=49576760,ROAS Calculation Sheet,single,2026-07-22,,,,"{""mode"": ""none""}",,,,Zoom,,,"[{""role"": ""sales"", ""sheetId"": ""49576760"", ""tabName"": ""Sales 1""}, {""role"": ""media_buyer"", ""sheetId"": ""1630687451"", ""tabName"": ""Akhil"", ""mediaBuyerName"": ""Akhil""}, {""role"": ""media_buyer"", ""sheetId"": ""1864198967"", ""tabName"": ""Hemanth"", ""mediaBuyerName"": ""Hemanth""}]",,fresh,calc_mrw28nws_pk394k,033141a5,ef064d4c,"[{""id"": ""auto:Akhil:0"", ""name"": ""Akhil""}, {""id"": ""auto:Hemanth:1"", ""name"": ""Hemanth""}]",[],0,deterministic_v2_revenue,,Automatic Attribution,f,,,,exclusive,18,gross,113246,20384.280000000002,133630.28,fixed_product_price,IPC Diamond Program,100000,exclusive,18,gross,118000,100000,708000,600000,108000,28828
0ff3be0a-afe1-434b-9069-aa3635a77437,6 Secrets Webinar,2026-07-29,2 Days Webinar,316,14,400501.44,1652000,4.124829114222411,5,89eddcfc-f32c-4f2b-b348-c30d77ce0c4b,2026-07-29 12:59:33.047765+00,automatic_master_sheet,,,https://docs.google.com/spreadsheets/d/1lSRdPblaq5nqwhJWCklSpHvaas_9TZ8utV4PPRFEEUI/edit?gid=49576760#gid=49576760,ROAS Calculation Sheet,single,2026-07-29,,,,"{""mode"": ""none""}",,,,Zoom,,,"[{""role"": ""sales"", ""sheetId"": ""49576760"", ""tabName"": ""Sales 1""}, {""role"": ""media_buyer"", ""sheetId"": ""1630687451"", ""tabName"": ""Akhil"", ""mediaBuyerName"": ""Akhil""}, {""role"": ""media_buyer"", ""sheetId"": ""1864198967"", ""tabName"": ""Hemanth"", ""mediaBuyerName"": ""Hemanth""}]",,fresh,calc_ms62qg6a_3dhyns,1c089553,5598b7fe,"[{""id"": ""auto:Akhil:0"", ""name"": ""Akhil""}, {""id"": ""auto:Hemanth:1"", ""name"": ""Hemanth""}]",[],21,deterministic_v2_revenue,,Automatic Attribution,f,,,,exclusive,18,gross,339408,61093.44,400501.44,fixed_product_price,IPC Diamond Program,100000,exclusive,18,gross,118000,100000,1652000,1400000,252000,87649
a02d67a1-78b7-4af2-ae24-899403668339,Wedding Business Owners,2026-07-30,Wedding Business Owners,8,8,115263.58,1179990.5600000003,10.237323532723869,0,89eddcfc-f32c-4f2b-b348-c30d77ce0c4b,2026-07-30 13:20:46.111178+00,automatic_master_sheet,,,https://docs.google.com/spreadsheets/d/1lSRdPblaq5nqwhJWCklSpHvaas_9TZ8utV4PPRFEEUI/edit?gid=1164266596#gid=1164266596,ROAS Calculation Sheet,single,2026-07-30,,,,"{""mode"": ""none""}",,,,Zoom,,,"[{""role"": ""sales"", ""sheetId"": ""49576760"", ""tabName"": ""Sales 1""}, {""role"": ""media_buyer"", ""sheetId"": ""1164266596"", ""tabName"": ""Swati"", ""mediaBuyerName"": ""Swati""}]",,fresh,calc_ms7jkbei_umbt29,e16d4136,39bcd8bd,"[{""id"": ""auto:Swati:0"", ""name"": ""Swati""}]",[],0,deterministic_v2_revenue,,Automatic Attribution,f,,,,exclusive,18,gross,97681,17582.58,115263.58,fixed_product_price,IPC Diamond Program,124999,exclusive,18,gross,147498.82,124999,1179990.5600000003,999992,179998.56000000003,0
6eebd0ac-7d6e-4069-ad95-b14616145bc3,6 Secrets Webinar,2026-08-05,2 Days Webinar,299,17,597071.74,2006000,3.35973027294844,3,89eddcfc-f32c-4f2b-b348-c30d77ce0c4b,2026-08-05 15:13:31.526753+00,automatic_master_sheet,,,https://docs.google.com/spreadsheets/d/1lSRdPblaq5nqwhJWCklSpHvaas_9TZ8utV4PPRFEEUI/edit?gid=49576760#gid=49576760,ROAS Calculation Sheet,single,2026-08-05,,,,"{""mode"": ""none""}",,,,Zoom,,,"[{""role"": ""sales"", ""sheetId"": ""49576760"", ""tabName"": ""Sales 1""}, {""role"": ""media_buyer"", ""sheetId"": ""230839342"", ""tabName"": ""Hemant"", ""mediaBuyerName"": ""Hemant""}]",,fresh,calc_msg88crv_895bk1,cc3e1af7,bb514600,"[{""id"": ""auto:Hemant:0"", ""name"": ""Hemant""}]",[],0,deterministic_v2_revenue,,Automatic Attribution,f,,,,exclusive,18,gross,505993,91078.74,597071.74,fixed_product_price,IPC Diamond Program,100000,exclusive,18,gross,118000,100000,2006000,1700000,306000,82314
f78597e5-a9e9-469f-ba3a-ce408a66bf28,Wedding Business Owners,2026-08-06,Wedding Business Owners,290,3,157142.96,442496.46,2.8158847205118196,1,89eddcfc-f32c-4f2b-b348-c30d77ce0c4b,2026-08-06 10:49:13.926321+00,automatic_master_sheet,,,https://docs.google.com/spreadsheets/d/1lSRdPblaq5nqwhJWCklSpHvaas_9TZ8utV4PPRFEEUI/edit?gid=49576760#gid=49576760,ROAS Calculation Sheet,single,2026-08-06,,,,"{""mode"": ""none""}",,,,Zoom,,,"[{""role"": ""sales"", ""sheetId"": ""49576760"", ""tabName"": ""Sales 1""}, {""role"": ""media_buyer"", ""sheetId"": ""230839342"", ""tabName"": ""Swati"", ""mediaBuyerName"": ""Swati""}]",,fresh,calc_mshe80m5_xtyny7,2b3faad1,ded398f7,"[{""id"": ""auto:Swati:0"", ""name"": ""Swati""}]",[],0,deterministic_v2_revenue,,Automatic Attribution,f,,,,exclusive,18,gross,133172,23970.96,157142.96,fixed_product_price,Wedding Business Owners Program,124999,exclusive,18,gross,147498.82,124999,442496.46,374997,67499.45999999999,14998
