id,request_id,rule_id,event_type,crm_lead_id,paid_pipeline_lead_id,old_pipeline_id,old_stage_id,new_pipeline_id,new_stage_id,status,skip_reason,error_message,metadata,created_by,created_at
55c06789-b4c7-499b-b7c8-948256daef0d,d434c9e5-dad7-468f-819d-e4c0c6ab3a8a,06ef1a3c-03ea-482a-95de-d50c895747cd,email_sent,ecae776d-b9df-45be-b808-c9aa0d4faa1d,9dad46bb-6510-438f-b20f-d5aa1279bcb8,7629660f-13d9-4b95-8eab-38a0071bd4fb,30cf47c8-b6f7-4662-9faf-0014b04d6e01,7629660f-13d9-4b95-8eab-38a0071bd4fb,1302273e-92a5-4ba6-8ac1-59d3c54a0ee7,applied,,,"{""rule_name"": ""Moving to access stage."", ""resolved_via"": ""request""}",,2026-05-31 05:34:12.434325+00
1b7ae489-5949-4990-9f53-adb2f9bf669f,fcb4e8f6-dfc4-4ca6-aba2-d642a9c474c9,06ef1a3c-03ea-482a-95de-d50c895747cd,email_sent,6f3b710c-6569-4fa0-b827-e0ec2ea6c3ed,77c1df43-3201-44c6-b1b8-62800cba22c0,7629660f-13d9-4b95-8eab-38a0071bd4fb,ec731076-08c7-431f-a81b-62399454dccf,7629660f-13d9-4b95-8eab-38a0071bd4fb,1302273e-92a5-4ba6-8ac1-59d3c54a0ee7,applied,,,"{""rule_name"": ""Moving to access stage."", ""resolved_via"": ""request""}",,2026-06-05 04:50:35.665673+00
7fd6b4d4-3fba-45a8-951c-20c2b35a00ac,20650887-c78e-41b6-871b-618f2033d4d4,06ef1a3c-03ea-482a-95de-d50c895747cd,email_sent,3842466e-4025-42f8-bdfe-ac4ce7f6ce69,9635038b-f33c-4540-8743-7dee1da8395a,7629660f-13d9-4b95-8eab-38a0071bd4fb,ec731076-08c7-431f-a81b-62399454dccf,7629660f-13d9-4b95-8eab-38a0071bd4fb,1302273e-92a5-4ba6-8ac1-59d3c54a0ee7,applied,,,"{""rule_name"": ""Moving to access stage."", ""resolved_via"": ""request""}",,2026-06-05 04:50:56.870441+00
4a9a335a-6ed5-43e7-bcf7-00fd6e0d358d,e14dd94c-8e11-4d49-a9d8-68eafdce5bdd,12aa045e-0578-4235-80f9-79eb7c7c68ca,email_sent,0fc93758-b202-4f7c-884e-60d1b37d6894,63856a58-8da4-4c5f-8cda-3b05f65b847a,7629660f-13d9-4b95-8eab-38a0071bd4fb,ec731076-08c7-431f-a81b-62399454dccf,7629660f-13d9-4b95-8eab-38a0071bd4fb,30cf47c8-b6f7-4662-9faf-0014b04d6e01,applied,,,"{""rule_name"": ""Email Sent -> Code of Conduct Sign"", ""resolved_via"": ""request""}",,2026-06-05 05:16:58.983666+00
488cebd0-33c8-4cf5-836a-58f3f6018af4,20cfae6b-e59e-4d7a-802e-5f5bf418ec73,12aa045e-0578-4235-80f9-79eb7c7c68ca,email_sent,2ab592d8-eb9c-4a00-9056-0d8a6996752f,b786f82b-5673-44fd-a798-74731e6ce3e2,7629660f-13d9-4b95-8eab-38a0071bd4fb,ec731076-08c7-431f-a81b-62399454dccf,7629660f-13d9-4b95-8eab-38a0071bd4fb,30cf47c8-b6f7-4662-9faf-0014b04d6e01,applied,,,"{""rule_name"": ""Email Sent -> Code of Conduct Sign"", ""resolved_via"": ""request""}",,2026-06-05 05:17:19.724466+00
912f4ea9-4424-49f8-96ce-1aa4b7a0547b,1f3838e0-5d6c-441c-ae5d-1349e4b82f94,12aa045e-0578-4235-80f9-79eb7c7c68ca,email_sent,0451d32d-64e3-4775-bdb7-e3d7dc350a48,970839a4-bd2a-4b04-8fc0-1ca1ebdca775,7629660f-13d9-4b95-8eab-38a0071bd4fb,ec731076-08c7-431f-a81b-62399454dccf,7629660f-13d9-4b95-8eab-38a0071bd4fb,30cf47c8-b6f7-4662-9faf-0014b04d6e01,applied,,,"{""rule_name"": ""Email Sent -> Code of Conduct Sign"", ""resolved_via"": ""request""}",,2026-06-05 05:17:30.574746+00
77e1aad1-2c77-42ff-944e-14a825d3d7dd,20cfae6b-e59e-4d7a-802e-5f5bf418ec73,12aa045e-0578-4235-80f9-79eb7c7c68ca,email_sent,2ab592d8-eb9c-4a00-9056-0d8a6996752f,b786f82b-5673-44fd-a798-74731e6ce3e2,7629660f-13d9-4b95-8eab-38a0071bd4fb,30cf47c8-b6f7-4662-9faf-0014b04d6e01,7629660f-13d9-4b95-8eab-38a0071bd4fb,30cf47c8-b6f7-4662-9faf-0014b04d6e01,skipped,already_in_destination,,,,2026-06-05 07:51:21.552182+00
b5471745-497f-4529-a986-5abf42a1c4ef,4c4eb66f-3ab7-4470-ab33-32cf023abc97,12aa045e-0578-4235-80f9-79eb7c7c68ca,email_sent,5ab728f5-3a3f-478e-91f7-08e528fe51ff,36aa1bba-cfcc-4555-8350-56ff0958bf07,7629660f-13d9-4b95-8eab-38a0071bd4fb,ec731076-08c7-431f-a81b-62399454dccf,7629660f-13d9-4b95-8eab-38a0071bd4fb,30cf47c8-b6f7-4662-9faf-0014b04d6e01,applied,,,"{""rule_name"": ""Email Sent -> Code of Conduct Sign"", ""resolved_via"": ""request""}",,2026-06-06 02:10:49.13433+00
74a30dd1-b337-46e6-9248-049fb01f6e3a,1391cd79-1ade-4ff9-8b8a-9f2118c8c220,12aa045e-0578-4235-80f9-79eb7c7c68ca,email_sent,16679179-8745-4a90-8655-4a40677ad37d,c88f7985-4cfe-4b20-a426-40439b715fe9,7629660f-13d9-4b95-8eab-38a0071bd4fb,ec731076-08c7-431f-a81b-62399454dccf,7629660f-13d9-4b95-8eab-38a0071bd4fb,30cf47c8-b6f7-4662-9faf-0014b04d6e01,applied,,,"{""rule_name"": ""Email Sent -> Code of Conduct Sign"", ""resolved_via"": ""request""}",,2026-06-06 02:11:04.294749+00
5529e836-af0d-404c-a16d-aa8713837f49,1f3838e0-5d6c-441c-ae5d-1349e4b82f94,12aa045e-0578-4235-80f9-79eb7c7c68ca,email_sent,0451d32d-64e3-4775-bdb7-e3d7dc350a48,970839a4-bd2a-4b04-8fc0-1ca1ebdca775,7629660f-13d9-4b95-8eab-38a0071bd4fb,30cf47c8-b6f7-4662-9faf-0014b04d6e01,7629660f-13d9-4b95-8eab-38a0071bd4fb,30cf47c8-b6f7-4662-9faf-0014b04d6e01,skipped,already_in_destination,,,,2026-06-06 04:21:20.963951+00
fc8bcf99-ee65-465d-89fa-29fee935a6c9,4c4eb66f-3ab7-4470-ab33-32cf023abc97,12aa045e-0578-4235-80f9-79eb7c7c68ca,email_sent,5ab728f5-3a3f-478e-91f7-08e528fe51ff,36aa1bba-cfcc-4555-8350-56ff0958bf07,7629660f-13d9-4b95-8eab-38a0071bd4fb,30cf47c8-b6f7-4662-9faf-0014b04d6e01,7629660f-13d9-4b95-8eab-38a0071bd4fb,30cf47c8-b6f7-4662-9faf-0014b04d6e01,skipped,already_in_destination,,,,2026-06-06 11:54:53.146338+00
90fcb094-bb3e-4d91-983b-a530f87f1396,20650887-c78e-41b6-871b-618f2033d4d4,12aa045e-0578-4235-80f9-79eb7c7c68ca,email_sent,3842466e-4025-42f8-bdfe-ac4ce7f6ce69,9635038b-f33c-4540-8743-7dee1da8395a,7629660f-13d9-4b95-8eab-38a0071bd4fb,30cf47c8-b6f7-4662-9faf-0014b04d6e01,7629660f-13d9-4b95-8eab-38a0071bd4fb,30cf47c8-b6f7-4662-9faf-0014b04d6e01,skipped,already_in_destination,,,,2026-06-06 11:55:17.160235+00
92a4caab-8bb2-44ff-a385-380d719c5ae2,1391cd79-1ade-4ff9-8b8a-9f2118c8c220,12aa045e-0578-4235-80f9-79eb7c7c68ca,email_sent,16679179-8745-4a90-8655-4a40677ad37d,c88f7985-4cfe-4b20-a426-40439b715fe9,,,,,skipped,already_applied_for_request,,,,2026-06-07 09:44:31.112913+00
125d5f8a-902d-431e-b2e7-5483059b907e,794129ae-d214-441d-97af-a6fe232d575e,12aa045e-0578-4235-80f9-79eb7c7c68ca,email_sent,e33f5c11-5ad4-45fa-8f8f-0b3541518a9c,bff5a44a-5133-4c62-8d0c-c9fa227a1e71,7629660f-13d9-4b95-8eab-38a0071bd4fb,ec731076-08c7-431f-a81b-62399454dccf,7629660f-13d9-4b95-8eab-38a0071bd4fb,30cf47c8-b6f7-4662-9faf-0014b04d6e01,applied,,,"{""rule_name"": ""Email Sent -> Code of Conduct Sign"", ""resolved_via"": ""request""}",,2026-06-07 14:42:48.267696+00
cacb1059-bbde-43a8-95bb-25d6b35dc640,3a4f95e7-9d35-4ede-9c2e-e7f5547f59a2,12aa045e-0578-4235-80f9-79eb7c7c68ca,email_sent,eed15877-0107-4000-81c8-5e68ce68ca0d,bb40ff16-59c7-42cd-9966-501f10fadc83,7629660f-13d9-4b95-8eab-38a0071bd4fb,ec731076-08c7-431f-a81b-62399454dccf,7629660f-13d9-4b95-8eab-38a0071bd4fb,30cf47c8-b6f7-4662-9faf-0014b04d6e01,applied,,,"{""rule_name"": ""Email Sent -> Code of Conduct Sign"", ""resolved_via"": ""request""}",,2026-06-07 15:01:17.856295+00
ac785ed5-9097-47a1-8f4e-0228dbb006d9,794129ae-d214-441d-97af-a6fe232d575e,12aa045e-0578-4235-80f9-79eb7c7c68ca,email_sent,e33f5c11-5ad4-45fa-8f8f-0b3541518a9c,bff5a44a-5133-4c62-8d0c-c9fa227a1e71,7629660f-13d9-4b95-8eab-38a0071bd4fb,30cf47c8-b6f7-4662-9faf-0014b04d6e01,7629660f-13d9-4b95-8eab-38a0071bd4fb,30cf47c8-b6f7-4662-9faf-0014b04d6e01,skipped,already_in_destination,,,,2026-06-07 15:14:57.406107+00
7c6804cf-3ff7-46bf-9ce8-cd4d2c74d71a,81aa851c-5c09-4f25-b2a9-2c1be51486ad,12aa045e-0578-4235-80f9-79eb7c7c68ca,email_sent,97b39b8a-23a4-4aa8-846f-563eda1dbab7,0a6ac87a-6362-4f4d-832a-b155d6913612,7629660f-13d9-4b95-8eab-38a0071bd4fb,ec731076-08c7-431f-a81b-62399454dccf,7629660f-13d9-4b95-8eab-38a0071bd4fb,30cf47c8-b6f7-4662-9faf-0014b04d6e01,applied,,,"{""rule_name"": ""Email Sent -> Code of Conduct Sign"", ""resolved_via"": ""request""}",,2026-06-07 15:26:01.457515+00
c2de44dc-9866-4746-9375-f92ccdb25de6,fcb4e8f6-dfc4-4ca6-aba2-d642a9c474c9,12aa045e-0578-4235-80f9-79eb7c7c68ca,email_sent,6f3b710c-6569-4fa0-b827-e0ec2ea6c3ed,77c1df43-3201-44c6-b1b8-62800cba22c0,7629660f-13d9-4b95-8eab-38a0071bd4fb,1302273e-92a5-4ba6-8ac1-59d3c54a0ee7,7629660f-13d9-4b95-8eab-38a0071bd4fb,30cf47c8-b6f7-4662-9faf-0014b04d6e01,applied,,,"{""rule_name"": ""Email Sent -> Code of Conduct Sign"", ""resolved_via"": ""request""}",,2026-06-07 16:15:53.692502+00
cdc12c51-4306-4a6b-9cb0-b2792fae5ffd,fcb4e8f6-dfc4-4ca6-aba2-d642a9c474c9,12aa045e-0578-4235-80f9-79eb7c7c68ca,email_sent,6f3b710c-6569-4fa0-b827-e0ec2ea6c3ed,77c1df43-3201-44c6-b1b8-62800cba22c0,7629660f-13d9-4b95-8eab-38a0071bd4fb,30cf47c8-b6f7-4662-9faf-0014b04d6e01,7629660f-13d9-4b95-8eab-38a0071bd4fb,30cf47c8-b6f7-4662-9faf-0014b04d6e01,skipped,already_in_destination,,,,2026-06-07 16:16:22.251516+00
90d6e529-1c73-4d9e-be3e-87034196edec,421f3567-17e6-45e2-91a3-67b6bcde7c6e,12aa045e-0578-4235-80f9-79eb7c7c68ca,email_sent,e6c51dc7-1b74-4f8e-9b92-97e07d1d6ad1,21803195-9fd5-4e4f-be3c-a46f1da80feb,7629660f-13d9-4b95-8eab-38a0071bd4fb,ec731076-08c7-431f-a81b-62399454dccf,7629660f-13d9-4b95-8eab-38a0071bd4fb,30cf47c8-b6f7-4662-9faf-0014b04d6e01,applied,,,"{""rule_name"": ""Email Sent -> Code of Conduct Sign"", ""resolved_via"": ""request""}",,2026-06-07 16:37:34.342181+00
ba54a876-10e8-4c22-b620-f2b935a609fd,af7b722f-e3d3-44ac-ba72-7c2a8403aea5,12aa045e-0578-4235-80f9-79eb7c7c68ca,email_sent,9fe9ccc5-a179-4c10-ad68-8e211e424b5f,3cfc1549-7c57-4e9c-93fd-e6d5936e8da5,7629660f-13d9-4b95-8eab-38a0071bd4fb,ec731076-08c7-431f-a81b-62399454dccf,7629660f-13d9-4b95-8eab-38a0071bd4fb,30cf47c8-b6f7-4662-9faf-0014b04d6e01,applied,,,"{""rule_name"": ""Email Sent -> Code of Conduct Sign"", ""resolved_via"": ""request""}",,2026-06-08 01:24:56.30393+00
b141108e-aba5-4672-af80-77da141c96f7,9601f299-bd0c-4b10-ae0d-1b6195f169d9,12aa045e-0578-4235-80f9-79eb7c7c68ca,email_sent,b7de5b06-ad70-4efb-84dc-3ea9fe00a1b4,3e7c9521-6445-4749-b5f8-6d58a13fad5f,7629660f-13d9-4b95-8eab-38a0071bd4fb,ec731076-08c7-431f-a81b-62399454dccf,7629660f-13d9-4b95-8eab-38a0071bd4fb,30cf47c8-b6f7-4662-9faf-0014b04d6e01,applied,,,"{""rule_name"": ""Email Sent -> Code of Conduct Sign"", ""resolved_via"": ""request""}",,2026-06-08 14:22:46.730481+00
cdd91586-4a14-4bc6-9462-5863d3cdcd27,4be5be49-3033-4551-9400-cea3c14e1ed6,12aa045e-0578-4235-80f9-79eb7c7c68ca,email_sent,b46c1bae-1851-465a-87ba-923aaf8464eb,b4cbde17-2986-4575-b921-55d28a61ea02,7629660f-13d9-4b95-8eab-38a0071bd4fb,fbd8bd43-1537-48a5-be81-9c60217d3281,7629660f-13d9-4b95-8eab-38a0071bd4fb,30cf47c8-b6f7-4662-9faf-0014b04d6e01,applied,,,"{""rule_name"": ""Email Sent -> Code of Conduct Sign"", ""resolved_via"": ""request""}",,2026-06-08 15:06:10.812539+00
f6b2d503-d7b6-41b0-8c76-2e079f4dd8c5,9151e55b-3758-4f95-9e97-b05f57796232,12aa045e-0578-4235-80f9-79eb7c7c68ca,email_sent,b3fb5c89-9f3e-44c9-a1ff-df7a4895daab,f7c9d5c3-a8b9-4eea-98dc-bee7fb61beda,7629660f-13d9-4b95-8eab-38a0071bd4fb,1302273e-92a5-4ba6-8ac1-59d3c54a0ee7,7629660f-13d9-4b95-8eab-38a0071bd4fb,30cf47c8-b6f7-4662-9faf-0014b04d6e01,applied,,,"{""rule_name"": ""Email Sent -> Code of Conduct Sign"", ""resolved_via"": ""request""}",,2026-06-10 04:25:35.026756+00
bd451e42-a723-4909-a8ba-34a811d0833d,fcb4e8f6-dfc4-4ca6-aba2-d642a9c474c9,12aa045e-0578-4235-80f9-79eb7c7c68ca,email_sent,6f3b710c-6569-4fa0-b827-e0ec2ea6c3ed,77c1df43-3201-44c6-b1b8-62800cba22c0,,,,,skipped,already_applied_for_request,,,,2026-06-10 04:28:52.615401+00
531318d7-8608-4073-8a33-b34dcdac9659,fcb4e8f6-dfc4-4ca6-aba2-d642a9c474c9,12aa045e-0578-4235-80f9-79eb7c7c68ca,email_sent,6f3b710c-6569-4fa0-b827-e0ec2ea6c3ed,77c1df43-3201-44c6-b1b8-62800cba22c0,,,,,skipped,already_applied_for_request,,,,2026-06-10 04:29:15.550052+00
31a1d704-0f0d-456f-aed0-a7427c956bff,fc8950d6-e66b-4ea2-835a-55731d0493c4,12aa045e-0578-4235-80f9-79eb7c7c68ca,email_sent,60377a90-a176-449d-9e6e-d6c78db1abf5,51460e28-7f26-423a-bb55-768fd369113b,7629660f-13d9-4b95-8eab-38a0071bd4fb,ec731076-08c7-431f-a81b-62399454dccf,7629660f-13d9-4b95-8eab-38a0071bd4fb,30cf47c8-b6f7-4662-9faf-0014b04d6e01,applied,,,"{""rule_name"": ""Email Sent -> Code of Conduct Sign"", ""resolved_via"": ""request""}",,2026-06-11 11:44:49.178251+00
19fff077-4e8b-4291-b98a-a7b2fa0966fb,fc8950d6-e66b-4ea2-835a-55731d0493c4,12aa045e-0578-4235-80f9-79eb7c7c68ca,email_sent,60377a90-a176-449d-9e6e-d6c78db1abf5,51460e28-7f26-423a-bb55-768fd369113b,7629660f-13d9-4b95-8eab-38a0071bd4fb,30cf47c8-b6f7-4662-9faf-0014b04d6e01,7629660f-13d9-4b95-8eab-38a0071bd4fb,30cf47c8-b6f7-4662-9faf-0014b04d6e01,skipped,already_in_destination,,,,2026-06-11 14:49:59.366774+00
f94cea52-8458-461c-9111-19a8d318243e,b7c870af-0253-4b14-8abe-449bc3054bf5,12aa045e-0578-4235-80f9-79eb7c7c68ca,email_sent,e0ef9b10-1479-48c5-9e8a-9400b130fbfa,8cb2b1b5-7285-4f46-8d44-12aa25805cfa,7629660f-13d9-4b95-8eab-38a0071bd4fb,ec731076-08c7-431f-a81b-62399454dccf,7629660f-13d9-4b95-8eab-38a0071bd4fb,30cf47c8-b6f7-4662-9faf-0014b04d6e01,applied,,,"{""rule_name"": ""Email Sent -> Code of Conduct Sign"", ""resolved_via"": ""request""}",,2026-06-11 15:15:16.588466+00
fe28f54b-6b7b-49d8-9359-8b5600f006d6,83d34f28-11d0-40de-965a-d7a125dacdf6,12aa045e-0578-4235-80f9-79eb7c7c68ca,email_sent,f930eb7d-c77e-4f8a-97b9-35c71350b3ce,d96d099f-28ba-41db-888f-a3a8cf0b3923,7629660f-13d9-4b95-8eab-38a0071bd4fb,ec731076-08c7-431f-a81b-62399454dccf,7629660f-13d9-4b95-8eab-38a0071bd4fb,30cf47c8-b6f7-4662-9faf-0014b04d6e01,applied,,,"{""rule_name"": ""Email Sent -> Code of Conduct Sign"", ""resolved_via"": ""request""}",,2026-06-11 15:35:17.949002+00
9a13ccc5-f0ac-4d6e-a908-60c955828c94,8d36905e-8936-480a-bc69-7fc96d41c3d3,12aa045e-0578-4235-80f9-79eb7c7c68ca,email_sent,ec69ad39-0527-4222-ac18-bbb2c93a7032,4b5d48c2-aac9-44b6-a302-963e959c1787,7629660f-13d9-4b95-8eab-38a0071bd4fb,ec731076-08c7-431f-a81b-62399454dccf,7629660f-13d9-4b95-8eab-38a0071bd4fb,30cf47c8-b6f7-4662-9faf-0014b04d6e01,applied,,,"{""rule_name"": ""Email Sent -> Code of Conduct Sign"", ""resolved_via"": ""request""}",,2026-06-11 15:49:56.84425+00
2da161cb-d1b9-43c4-8da0-b0d108761909,3d3b682d-a8d8-4d66-be10-843f86904342,12aa045e-0578-4235-80f9-79eb7c7c68ca,email_sent,c07d8754-7be0-4711-8743-973751f64964,27b77239-ebb0-4f6e-9186-76e53821cf91,7629660f-13d9-4b95-8eab-38a0071bd4fb,ec731076-08c7-431f-a81b-62399454dccf,7629660f-13d9-4b95-8eab-38a0071bd4fb,30cf47c8-b6f7-4662-9faf-0014b04d6e01,applied,,,"{""rule_name"": ""Email Sent -> Code of Conduct Sign"", ""resolved_via"": ""request""}",,2026-06-11 15:50:08.890278+00
875002c3-60d7-4d87-a85e-cc599454f6c2,3d3b682d-a8d8-4d66-be10-843f86904342,12aa045e-0578-4235-80f9-79eb7c7c68ca,email_sent,c07d8754-7be0-4711-8743-973751f64964,27b77239-ebb0-4f6e-9186-76e53821cf91,7629660f-13d9-4b95-8eab-38a0071bd4fb,30cf47c8-b6f7-4662-9faf-0014b04d6e01,7629660f-13d9-4b95-8eab-38a0071bd4fb,30cf47c8-b6f7-4662-9faf-0014b04d6e01,skipped,already_in_destination,,,,2026-06-11 16:03:55.560454+00
f4aa0675-d267-4541-8a93-2d398063c9fe,25093b8b-9935-4653-82a9-dffbcff4103b,12aa045e-0578-4235-80f9-79eb7c7c68ca,email_sent,b2c4fa6b-82a9-45ab-a0d6-93e4f7480f8e,4ebb4636-812f-4fb4-91bb-8d40d7828781,7629660f-13d9-4b95-8eab-38a0071bd4fb,fbd8bd43-1537-48a5-be81-9c60217d3281,7629660f-13d9-4b95-8eab-38a0071bd4fb,30cf47c8-b6f7-4662-9faf-0014b04d6e01,applied,,,"{""rule_name"": ""Email Sent -> Code of Conduct Sign"", ""resolved_via"": ""request""}",,2026-06-15 14:38:28.996995+00
43d73f9c-a694-4c3a-ae7e-58912ad538af,b7e5f1d2-f037-45b0-b41c-af8e06011f0a,12aa045e-0578-4235-80f9-79eb7c7c68ca,email_sent,e9918685-53f7-43b9-8c1f-634e248136e8,5b6e2b68-36df-49ad-a637-ab85ffa80595,7629660f-13d9-4b95-8eab-38a0071bd4fb,fbd8bd43-1537-48a5-be81-9c60217d3281,7629660f-13d9-4b95-8eab-38a0071bd4fb,30cf47c8-b6f7-4662-9faf-0014b04d6e01,applied,,,"{""rule_name"": ""Email Sent -> Code of Conduct Sign"", ""resolved_via"": ""request""}",,2026-06-15 14:38:57.720972+00
764ca7f8-c930-431f-82ca-dbdb295896c1,d7f5a262-a319-46e5-8bea-f40e3c0b6a38,12aa045e-0578-4235-80f9-79eb7c7c68ca,email_sent,829abafb-fb97-408c-99a3-577e1cc540c4,9a10f9b9-2e3e-49d3-9757-1445c302ceca,7629660f-13d9-4b95-8eab-38a0071bd4fb,fbd8bd43-1537-48a5-be81-9c60217d3281,7629660f-13d9-4b95-8eab-38a0071bd4fb,30cf47c8-b6f7-4662-9faf-0014b04d6e01,applied,,,"{""rule_name"": ""Email Sent -> Code of Conduct Sign"", ""resolved_via"": ""request""}",,2026-06-15 14:46:37.815673+00
878ba70c-82c3-4a25-bde4-516e1d86293d,732670f7-0b76-4c9d-b985-9f15450ae728,12aa045e-0578-4235-80f9-79eb7c7c68ca,email_sent,513b8bb1-1b00-46ce-80f2-bbb4d03c7d46,1393eaef-b573-40ed-bf22-fbe1f7eaa68a,7629660f-13d9-4b95-8eab-38a0071bd4fb,fbd8bd43-1537-48a5-be81-9c60217d3281,7629660f-13d9-4b95-8eab-38a0071bd4fb,30cf47c8-b6f7-4662-9faf-0014b04d6e01,applied,,,"{""rule_name"": ""Email Sent -> Code of Conduct Sign"", ""resolved_via"": ""request""}",,2026-06-15 14:57:06.22258+00
1d82936c-d8ea-4ac9-8ade-b1c9164cc8bb,c07ddcff-760e-498d-b997-6a79bf91be1f,12aa045e-0578-4235-80f9-79eb7c7c68ca,email_sent,dafbfd60-b264-4ff5-9583-a5b702ae6833,6512ad94-8f45-40ea-8e3d-d3bc53d590cc,7629660f-13d9-4b95-8eab-38a0071bd4fb,fbd8bd43-1537-48a5-be81-9c60217d3281,7629660f-13d9-4b95-8eab-38a0071bd4fb,30cf47c8-b6f7-4662-9faf-0014b04d6e01,applied,,,"{""rule_name"": ""Email Sent -> Code of Conduct Sign"", ""resolved_via"": ""request""}",,2026-06-15 14:59:09.280499+00
b938ee22-07c7-45ca-a1f1-4fbeb7cae17b,f6656857-73c0-47a0-b500-7ab790ab0a61,12aa045e-0578-4235-80f9-79eb7c7c68ca,email_sent,a057e20f-8103-4c86-8cfd-c4b3a90d7dc6,a7a134ca-6c35-4c2e-8d07-f94802532611,7629660f-13d9-4b95-8eab-38a0071bd4fb,fbd8bd43-1537-48a5-be81-9c60217d3281,7629660f-13d9-4b95-8eab-38a0071bd4fb,30cf47c8-b6f7-4662-9faf-0014b04d6e01,applied,,,"{""rule_name"": ""Email Sent -> Code of Conduct Sign"", ""resolved_via"": ""request""}",,2026-06-15 15:01:22.25102+00
2ff01027-15cb-4b10-8b4d-8b354ccc30f7,f6656857-73c0-47a0-b500-7ab790ab0a61,12aa045e-0578-4235-80f9-79eb7c7c68ca,email_sent,a057e20f-8103-4c86-8cfd-c4b3a90d7dc6,a7a134ca-6c35-4c2e-8d07-f94802532611,7629660f-13d9-4b95-8eab-38a0071bd4fb,30cf47c8-b6f7-4662-9faf-0014b04d6e01,7629660f-13d9-4b95-8eab-38a0071bd4fb,30cf47c8-b6f7-4662-9faf-0014b04d6e01,skipped,already_in_destination,,,,2026-06-15 15:01:34.081113+00
2ff2c5e4-9980-4c6c-958f-5bfe050d8f06,b7e5f1d2-f037-45b0-b41c-af8e06011f0a,12aa045e-0578-4235-80f9-79eb7c7c68ca,email_sent,e9918685-53f7-43b9-8c1f-634e248136e8,5b6e2b68-36df-49ad-a637-ab85ffa80595,7629660f-13d9-4b95-8eab-38a0071bd4fb,30cf47c8-b6f7-4662-9faf-0014b04d6e01,7629660f-13d9-4b95-8eab-38a0071bd4fb,30cf47c8-b6f7-4662-9faf-0014b04d6e01,skipped,already_in_destination,,,,2026-06-15 15:09:22.554619+00
eab6cbef-d9a6-4103-a630-3c9d372bc345,25093b8b-9935-4653-82a9-dffbcff4103b,12aa045e-0578-4235-80f9-79eb7c7c68ca,email_sent,b2c4fa6b-82a9-45ab-a0d6-93e4f7480f8e,4ebb4636-812f-4fb4-91bb-8d40d7828781,7629660f-13d9-4b95-8eab-38a0071bd4fb,30cf47c8-b6f7-4662-9faf-0014b04d6e01,7629660f-13d9-4b95-8eab-38a0071bd4fb,30cf47c8-b6f7-4662-9faf-0014b04d6e01,skipped,already_in_destination,,,,2026-06-15 15:15:27.681209+00
f378c586-6275-46fc-9019-786b45f6d773,5f503e17-2736-4be0-a3fe-fbc7724e28f5,12aa045e-0578-4235-80f9-79eb7c7c68ca,email_sent,896d3454-58bf-474f-b051-82dd6431f2a6,33239c48-520a-4bfb-b7cb-9b3e28ba7339,7629660f-13d9-4b95-8eab-38a0071bd4fb,fbd8bd43-1537-48a5-be81-9c60217d3281,7629660f-13d9-4b95-8eab-38a0071bd4fb,30cf47c8-b6f7-4662-9faf-0014b04d6e01,applied,,,"{""rule_name"": ""Email Sent -> Code of Conduct Sign"", ""resolved_via"": ""request""}",,2026-06-15 17:04:56.713536+00
77a484a6-cac2-45b6-876b-bd1ef9d52558,5f503e17-2736-4be0-a3fe-fbc7724e28f5,12aa045e-0578-4235-80f9-79eb7c7c68ca,email_sent,896d3454-58bf-474f-b051-82dd6431f2a6,33239c48-520a-4bfb-b7cb-9b3e28ba7339,7629660f-13d9-4b95-8eab-38a0071bd4fb,30cf47c8-b6f7-4662-9faf-0014b04d6e01,7629660f-13d9-4b95-8eab-38a0071bd4fb,30cf47c8-b6f7-4662-9faf-0014b04d6e01,skipped,already_in_destination,,,,2026-06-15 17:34:43.348804+00
d917cf10-63ec-486a-ae53-2921110dbab8,5f503e17-2736-4be0-a3fe-fbc7724e28f5,12aa045e-0578-4235-80f9-79eb7c7c68ca,email_sent,896d3454-58bf-474f-b051-82dd6431f2a6,33239c48-520a-4bfb-b7cb-9b3e28ba7339,7629660f-13d9-4b95-8eab-38a0071bd4fb,30cf47c8-b6f7-4662-9faf-0014b04d6e01,7629660f-13d9-4b95-8eab-38a0071bd4fb,30cf47c8-b6f7-4662-9faf-0014b04d6e01,skipped,already_in_destination,,,,2026-06-15 17:38:48.560419+00
b8458552-6654-4080-8c4e-4f33124e28f8,5f503e17-2736-4be0-a3fe-fbc7724e28f5,12aa045e-0578-4235-80f9-79eb7c7c68ca,email_sent,896d3454-58bf-474f-b051-82dd6431f2a6,33239c48-520a-4bfb-b7cb-9b3e28ba7339,7629660f-13d9-4b95-8eab-38a0071bd4fb,30cf47c8-b6f7-4662-9faf-0014b04d6e01,7629660f-13d9-4b95-8eab-38a0071bd4fb,30cf47c8-b6f7-4662-9faf-0014b04d6e01,skipped,already_in_destination,,,,2026-06-15 17:39:29.935497+00
50654f58-1452-4d88-aa0b-7796ecf55eb9,5f503e17-2736-4be0-a3fe-fbc7724e28f5,12aa045e-0578-4235-80f9-79eb7c7c68ca,email_sent,896d3454-58bf-474f-b051-82dd6431f2a6,33239c48-520a-4bfb-b7cb-9b3e28ba7339,7629660f-13d9-4b95-8eab-38a0071bd4fb,30cf47c8-b6f7-4662-9faf-0014b04d6e01,7629660f-13d9-4b95-8eab-38a0071bd4fb,30cf47c8-b6f7-4662-9faf-0014b04d6e01,skipped,already_in_destination,,,,2026-06-15 17:40:42.900719+00
1a989fe8-3288-4bfe-9178-8cf79cfe406c,1d096e91-5a76-4aa3-b775-dca6da639f93,12aa045e-0578-4235-80f9-79eb7c7c68ca,email_sent,0d4bad89-4896-4e6a-b07c-54a69fcf2de7,a8c42ff0-7fbf-418a-a255-df2f7436ba63,7629660f-13d9-4b95-8eab-38a0071bd4fb,ec731076-08c7-431f-a81b-62399454dccf,7629660f-13d9-4b95-8eab-38a0071bd4fb,30cf47c8-b6f7-4662-9faf-0014b04d6e01,applied,,,"{""rule_name"": ""Email Sent -> Code of Conduct Sign"", ""resolved_via"": ""request""}",,2026-06-18 07:32:49.518931+00
b711ba87-8fec-4912-be6b-8ea0b49b057d,9ece54b0-ad35-49e8-98d8-1023dbced824,12aa045e-0578-4235-80f9-79eb7c7c68ca,email_sent,d32a96ba-2068-4709-a8fa-c567d02cfe2b,e3572a81-5f12-4947-8c0a-3d1fe10b9995,7629660f-13d9-4b95-8eab-38a0071bd4fb,ec731076-08c7-431f-a81b-62399454dccf,7629660f-13d9-4b95-8eab-38a0071bd4fb,30cf47c8-b6f7-4662-9faf-0014b04d6e01,applied,,,"{""rule_name"": ""Email Sent -> Code of Conduct Sign"", ""resolved_via"": ""request""}",,2026-06-18 15:11:31.143694+00
ce8e531d-ba74-44a1-bb29-88253a028694,ec1e5666-a8d0-4eae-a80b-a672e4863814,12aa045e-0578-4235-80f9-79eb7c7c68ca,email_sent,02229b96-842d-4758-ab7e-60265cef6b07,39086026-81b4-43af-b9e9-41b3fccd7244,7629660f-13d9-4b95-8eab-38a0071bd4fb,ec731076-08c7-431f-a81b-62399454dccf,7629660f-13d9-4b95-8eab-38a0071bd4fb,30cf47c8-b6f7-4662-9faf-0014b04d6e01,applied,,,"{""rule_name"": ""Email Sent -> Code of Conduct Sign"", ""resolved_via"": ""request""}",,2026-06-18 15:12:15.995864+00
ae6121ed-2eb9-4c96-98df-f8a6bc0ec535,6744768b-223d-4cdc-b389-27247ad9cdf9,12aa045e-0578-4235-80f9-79eb7c7c68ca,email_sent,bd0be0de-a15a-4331-8f7a-4c61011cce37,3af18ebf-6602-42f6-b5a8-de104eeadd1e,7629660f-13d9-4b95-8eab-38a0071bd4fb,ec731076-08c7-431f-a81b-62399454dccf,7629660f-13d9-4b95-8eab-38a0071bd4fb,30cf47c8-b6f7-4662-9faf-0014b04d6e01,applied,,,"{""rule_name"": ""Email Sent -> Code of Conduct Sign"", ""resolved_via"": ""request""}",,2026-06-18 15:12:23.376988+00
c0e2972b-6017-46aa-866f-d2715378730f,9ece54b0-ad35-49e8-98d8-1023dbced824,12aa045e-0578-4235-80f9-79eb7c7c68ca,email_sent,d32a96ba-2068-4709-a8fa-c567d02cfe2b,e3572a81-5f12-4947-8c0a-3d1fe10b9995,7629660f-13d9-4b95-8eab-38a0071bd4fb,30cf47c8-b6f7-4662-9faf-0014b04d6e01,7629660f-13d9-4b95-8eab-38a0071bd4fb,30cf47c8-b6f7-4662-9faf-0014b04d6e01,skipped,already_in_destination,,,,2026-06-19 05:37:18.994525+00
ed6cf100-15f5-4e76-8222-d4aa0bd2e1b8,28de1563-5c47-4e77-b2b5-bb864f165633,12aa045e-0578-4235-80f9-79eb7c7c68ca,email_sent,5d6448dc-f640-4b5d-befc-066e5b51c3ae,033c87b6-83e3-4ddf-8800-3a1837028cea,7629660f-13d9-4b95-8eab-38a0071bd4fb,ec731076-08c7-431f-a81b-62399454dccf,7629660f-13d9-4b95-8eab-38a0071bd4fb,30cf47c8-b6f7-4662-9faf-0014b04d6e01,applied,,,"{""rule_name"": ""Email Sent -> Code of Conduct Sign"", ""resolved_via"": ""request""}",,2026-06-26 11:42:14.258775+00
79ceffe6-c0f6-4718-9342-a2baf31a8419,97c74d38-2cce-4330-829d-9984bb6fe6e0,12aa045e-0578-4235-80f9-79eb7c7c68ca,email_sent,ac82f994-ad74-426a-89fe-fc1421d0ee62,3cf44cf9-b19a-400e-91ba-049184832188,7629660f-13d9-4b95-8eab-38a0071bd4fb,ec731076-08c7-431f-a81b-62399454dccf,7629660f-13d9-4b95-8eab-38a0071bd4fb,30cf47c8-b6f7-4662-9faf-0014b04d6e01,applied,,,"{""rule_name"": ""Email Sent -> Code of Conduct Sign"", ""resolved_via"": ""request""}",,2026-06-26 11:43:20.023385+00
5d3185b9-0322-4e14-99e9-29c0f614c165,deebd6b5-3edb-4f71-a826-b2320893b4ec,12aa045e-0578-4235-80f9-79eb7c7c68ca,email_sent,3bab5ca7-9046-489a-96f9-353d423a1b81,5d41137e-72b4-4725-b42b-bdf8b5571e50,7629660f-13d9-4b95-8eab-38a0071bd4fb,ec731076-08c7-431f-a81b-62399454dccf,7629660f-13d9-4b95-8eab-38a0071bd4fb,30cf47c8-b6f7-4662-9faf-0014b04d6e01,applied,,,"{""rule_name"": ""Email Sent -> Code of Conduct Sign"", ""resolved_via"": ""request""}",,2026-06-26 11:57:34.68583+00
4b2712d0-df94-4f65-ad53-b00685afe896,deebd6b5-3edb-4f71-a826-b2320893b4ec,12aa045e-0578-4235-80f9-79eb7c7c68ca,email_sent,3bab5ca7-9046-489a-96f9-353d423a1b81,5d41137e-72b4-4725-b42b-bdf8b5571e50,7629660f-13d9-4b95-8eab-38a0071bd4fb,30cf47c8-b6f7-4662-9faf-0014b04d6e01,7629660f-13d9-4b95-8eab-38a0071bd4fb,30cf47c8-b6f7-4662-9faf-0014b04d6e01,skipped,already_in_destination,,,,2026-06-26 14:01:11.500872+00
9b0a4cfa-fedc-4026-8b15-b30af6c565ac,c8cc8333-afbc-4cd2-974f-a75716b8e0e9,12aa045e-0578-4235-80f9-79eb7c7c68ca,email_sent,fb0aa340-c183-4ab3-a987-71fceb4b5c6c,,10eb9d2c-99a3-4f2e-9366-7cd73e4acb4c,c3f3a270-4dbd-4c82-9cc3-d4bb0199ddcd,7629660f-13d9-4b95-8eab-38a0071bd4fb,30cf47c8-b6f7-4662-9faf-0014b04d6e01,applied,,,"{""rule_name"": ""Email Sent -> Code of Conduct Sign"", ""resolved_via"": ""request""}",,2026-06-26 14:07:46.147138+00
a41e78de-78f0-4492-b504-a86f3f6d277e,8993ca80-fb62-4e3f-af74-a83d1e3ccf44,12aa045e-0578-4235-80f9-79eb7c7c68ca,email_sent,a24d0dc4-0055-467c-8874-5db0ffeb775c,ec5ff310-e64e-4a5a-a0e8-b434a2cb98a4,7629660f-13d9-4b95-8eab-38a0071bd4fb,ec731076-08c7-431f-a81b-62399454dccf,7629660f-13d9-4b95-8eab-38a0071bd4fb,30cf47c8-b6f7-4662-9faf-0014b04d6e01,applied,,,"{""rule_name"": ""Email Sent -> Code of Conduct Sign"", ""resolved_via"": ""request""}",,2026-06-26 14:11:18.008257+00
c6bfe8a4-cd16-4183-9aac-721acd129ac2,4dc0503b-5cf2-4231-8bf9-5f14fa3f34de,12aa045e-0578-4235-80f9-79eb7c7c68ca,email_sent,ffed04ce-86ef-4dc0-95ad-283746422fbe,625ce9eb-116c-41d1-965e-665a3eb9097d,7629660f-13d9-4b95-8eab-38a0071bd4fb,ec731076-08c7-431f-a81b-62399454dccf,7629660f-13d9-4b95-8eab-38a0071bd4fb,30cf47c8-b6f7-4662-9faf-0014b04d6e01,applied,,,"{""rule_name"": ""Email Sent -> Code of Conduct Sign"", ""resolved_via"": ""request""}",,2026-06-26 17:05:33.84472+00
32791ce6-bbbc-4c65-831c-314a70c64e59,891d249a-fd71-4c98-8dc5-a898392b0929,12aa045e-0578-4235-80f9-79eb7c7c68ca,email_sent,6c4bd06b-a7ee-49ca-80df-2888334594d1,2fb95396-5768-425d-b0eb-e77e8e034828,7629660f-13d9-4b95-8eab-38a0071bd4fb,ec731076-08c7-431f-a81b-62399454dccf,7629660f-13d9-4b95-8eab-38a0071bd4fb,30cf47c8-b6f7-4662-9faf-0014b04d6e01,applied,,,"{""rule_name"": ""Email Sent -> Code of Conduct Sign"", ""resolved_via"": ""request""}",,2026-06-26 17:07:19.328843+00
9dfdc589-5be9-45d2-91a7-ab7beb690527,0fc01097-f4b1-449a-a4de-01654d6f14aa,12aa045e-0578-4235-80f9-79eb7c7c68ca,email_sent,48a6b7e5-61b0-4b55-8875-d46478714ca6,3e002026-5659-4c7e-bfc1-4b7599177aeb,7629660f-13d9-4b95-8eab-38a0071bd4fb,ec731076-08c7-431f-a81b-62399454dccf,7629660f-13d9-4b95-8eab-38a0071bd4fb,30cf47c8-b6f7-4662-9faf-0014b04d6e01,applied,,,"{""rule_name"": ""Email Sent -> Code of Conduct Sign"", ""resolved_via"": ""request""}",,2026-06-27 02:01:38.638227+00
f3fbed57-7493-45eb-a645-f066dffd5fd7,4d4a24fc-5368-416e-aba6-94351c77317e,12aa045e-0578-4235-80f9-79eb7c7c68ca,email_sent,a56f23e0-bc83-4a91-a8fe-a7bdcdaeff2c,107e9836-a714-4e52-bc65-526c91b7e5ab,7629660f-13d9-4b95-8eab-38a0071bd4fb,ec731076-08c7-431f-a81b-62399454dccf,7629660f-13d9-4b95-8eab-38a0071bd4fb,30cf47c8-b6f7-4662-9faf-0014b04d6e01,applied,,,"{""rule_name"": ""Email Sent -> Code of Conduct Sign"", ""resolved_via"": ""request""}",,2026-06-27 02:02:04.763556+00
39570dcc-a0eb-4a97-a0fe-bf7d3187ac6f,bf8cf2d5-2e27-4ec9-8e62-7e42b954b625,12aa045e-0578-4235-80f9-79eb7c7c68ca,email_sent,e6ad8ab1-babf-4c07-9e11-4cee652f316b,d8789078-9ebf-491d-851d-411968b18acf,7629660f-13d9-4b95-8eab-38a0071bd4fb,ec731076-08c7-431f-a81b-62399454dccf,7629660f-13d9-4b95-8eab-38a0071bd4fb,30cf47c8-b6f7-4662-9faf-0014b04d6e01,applied,,,"{""rule_name"": ""Email Sent -> Code of Conduct Sign"", ""resolved_via"": ""request""}",,2026-06-28 12:30:49.79586+00
bcc64be2-d1b0-4959-aaad-f265a73f0162,ddb672f8-dae9-4319-bd23-f6cf4e18e655,12aa045e-0578-4235-80f9-79eb7c7c68ca,email_sent,ae89907d-c27b-4289-a67a-1e71ccae355c,8ca81f75-3aad-4519-a731-01812d347c65,7629660f-13d9-4b95-8eab-38a0071bd4fb,ec731076-08c7-431f-a81b-62399454dccf,7629660f-13d9-4b95-8eab-38a0071bd4fb,30cf47c8-b6f7-4662-9faf-0014b04d6e01,applied,,,"{""rule_name"": ""Email Sent -> Code of Conduct Sign"", ""resolved_via"": ""request""}",,2026-06-28 12:53:26.506808+00
aa614f10-fd9a-4958-9994-30c7b3e0c479,1732194f-a827-4e2c-9fe7-f0742f070d69,12aa045e-0578-4235-80f9-79eb7c7c68ca,email_sent,e5878ceb-62b5-4099-bf86-b6876d5b3065,29fa8b5c-6395-4e4e-a58b-ce9fbe05be31,7629660f-13d9-4b95-8eab-38a0071bd4fb,30cf47c8-b6f7-4662-9faf-0014b04d6e01,7629660f-13d9-4b95-8eab-38a0071bd4fb,30cf47c8-b6f7-4662-9faf-0014b04d6e01,skipped,already_in_destination,,,,2026-06-29 09:59:14.875219+00
83b27ff1-e07a-42ee-900c-3e8bf919a3bc,1732194f-a827-4e2c-9fe7-f0742f070d69,12aa045e-0578-4235-80f9-79eb7c7c68ca,email_sent,e5878ceb-62b5-4099-bf86-b6876d5b3065,29fa8b5c-6395-4e4e-a58b-ce9fbe05be31,7629660f-13d9-4b95-8eab-38a0071bd4fb,30cf47c8-b6f7-4662-9faf-0014b04d6e01,7629660f-13d9-4b95-8eab-38a0071bd4fb,30cf47c8-b6f7-4662-9faf-0014b04d6e01,skipped,already_in_destination,,,,2026-06-29 09:59:14.905278+00
cbad6f75-f496-4ccf-aa5b-cfcd01fecd5a,37cb9cdf-3c55-4b3d-8af5-e26e02b00cb3,12aa045e-0578-4235-80f9-79eb7c7c68ca,email_sent,9aad4cdc-c110-4b3d-9be5-b320970b7d0c,9053a56d-c5f1-4e47-852f-77d4fac691f5,7629660f-13d9-4b95-8eab-38a0071bd4fb,30cf47c8-b6f7-4662-9faf-0014b04d6e01,7629660f-13d9-4b95-8eab-38a0071bd4fb,30cf47c8-b6f7-4662-9faf-0014b04d6e01,skipped,already_in_destination,,,,2026-06-29 09:59:26.08587+00
aa055416-d2ec-48af-a876-93f9a94d6295,37cb9cdf-3c55-4b3d-8af5-e26e02b00cb3,12aa045e-0578-4235-80f9-79eb7c7c68ca,email_sent,9aad4cdc-c110-4b3d-9be5-b320970b7d0c,9053a56d-c5f1-4e47-852f-77d4fac691f5,7629660f-13d9-4b95-8eab-38a0071bd4fb,30cf47c8-b6f7-4662-9faf-0014b04d6e01,7629660f-13d9-4b95-8eab-38a0071bd4fb,30cf47c8-b6f7-4662-9faf-0014b04d6e01,skipped,already_in_destination,,,,2026-06-29 09:59:26.518727+00
f2e45051-74fa-450f-ba27-935ebd3dde46,ce7bd13d-9b8e-4d6c-99ea-77260c0ca403,12aa045e-0578-4235-80f9-79eb7c7c68ca,email_sent,c6a8d896-d09b-4f57-817a-645e75ba4554,6bdf598b-3b40-434c-a271-abad1cfa6224,7629660f-13d9-4b95-8eab-38a0071bd4fb,30cf47c8-b6f7-4662-9faf-0014b04d6e01,7629660f-13d9-4b95-8eab-38a0071bd4fb,30cf47c8-b6f7-4662-9faf-0014b04d6e01,skipped,already_in_destination,,,,2026-06-29 10:14:59.3958+00
419a5bd1-dc48-4ca0-9320-3c9b3f17fa4f,3fcc34b1-76a9-460d-b0f7-74a2559da2da,12aa045e-0578-4235-80f9-79eb7c7c68ca,email_sent,474b13a9-6bd7-48c9-a7e3-355bc3781a78,1109fac4-3c4c-44b8-9846-a8378ed3d995,7629660f-13d9-4b95-8eab-38a0071bd4fb,30cf47c8-b6f7-4662-9faf-0014b04d6e01,7629660f-13d9-4b95-8eab-38a0071bd4fb,30cf47c8-b6f7-4662-9faf-0014b04d6e01,skipped,already_in_destination,,,,2026-06-29 10:15:00.861846+00
95422552-6e7e-4b18-b216-5fef41927806,1a7fb28b-c946-4aaf-a3f2-879cb9e5107b,12aa045e-0578-4235-80f9-79eb7c7c68ca,email_sent,ed46c2d4-86ab-4bec-9d78-341691db880b,34954418-a2cd-4a7d-9c04-cf1c1d5c3c53,7629660f-13d9-4b95-8eab-38a0071bd4fb,30cf47c8-b6f7-4662-9faf-0014b04d6e01,7629660f-13d9-4b95-8eab-38a0071bd4fb,30cf47c8-b6f7-4662-9faf-0014b04d6e01,skipped,already_in_destination,,,,2026-06-29 10:15:02.696358+00
73c7a956-9de6-466d-8baf-29568db18127,a080c515-9196-486a-a21c-73626239bf2f,12aa045e-0578-4235-80f9-79eb7c7c68ca,email_sent,73a517d6-40d2-4469-a018-c50a1ef99fd0,9f3dc86c-3c77-4cb0-ae71-79c8db5822de,7629660f-13d9-4b95-8eab-38a0071bd4fb,ec731076-08c7-431f-a81b-62399454dccf,7629660f-13d9-4b95-8eab-38a0071bd4fb,30cf47c8-b6f7-4662-9faf-0014b04d6e01,applied,,,"{""rule_name"": ""Email Sent -> Code of Conduct Sign"", ""resolved_via"": ""request""}",,2026-06-29 10:53:01.78514+00
83885779-20c9-4153-89c9-e8059d4574dd,8854ac96-49dd-4805-94ae-d236551005da,12aa045e-0578-4235-80f9-79eb7c7c68ca,email_sent,31bce5c9-eca9-40f9-9fb9-235e24d37a69,ce5beefc-f882-4bd3-90b7-c4c1a5769601,7629660f-13d9-4b95-8eab-38a0071bd4fb,ec731076-08c7-431f-a81b-62399454dccf,7629660f-13d9-4b95-8eab-38a0071bd4fb,30cf47c8-b6f7-4662-9faf-0014b04d6e01,applied,,,"{""rule_name"": ""Email Sent -> Code of Conduct Sign"", ""resolved_via"": ""request""}",,2026-06-29 10:53:13.717225+00
608892c1-31da-40f5-ad98-471bad1605c5,0066168e-1fd0-4381-b8a5-51d88e7da196,12aa045e-0578-4235-80f9-79eb7c7c68ca,email_sent,a8026d53-98a6-4b91-bcda-4d35f6f03d9c,1ed2ae8c-4d00-4a8b-a23d-65692b36ca6d,7629660f-13d9-4b95-8eab-38a0071bd4fb,ec731076-08c7-431f-a81b-62399454dccf,7629660f-13d9-4b95-8eab-38a0071bd4fb,30cf47c8-b6f7-4662-9faf-0014b04d6e01,applied,,,"{""rule_name"": ""Email Sent -> Code of Conduct Sign"", ""resolved_via"": ""request""}",,2026-06-29 13:15:58.560316+00
03c2e7ad-22c5-4303-8c37-7d68dfac1334,37cb9cdf-3c55-4b3d-8af5-e26e02b00cb3,12aa045e-0578-4235-80f9-79eb7c7c68ca,email_sent,9aad4cdc-c110-4b3d-9be5-b320970b7d0c,9053a56d-c5f1-4e47-852f-77d4fac691f5,7629660f-13d9-4b95-8eab-38a0071bd4fb,30cf47c8-b6f7-4662-9faf-0014b04d6e01,7629660f-13d9-4b95-8eab-38a0071bd4fb,30cf47c8-b6f7-4662-9faf-0014b04d6e01,skipped,already_in_destination,,,,2026-06-29 15:40:42.182956+00
dc49e09f-2f88-49ff-9057-a0864034e1dc,1732194f-a827-4e2c-9fe7-f0742f070d69,12aa045e-0578-4235-80f9-79eb7c7c68ca,email_sent,e5878ceb-62b5-4099-bf86-b6876d5b3065,29fa8b5c-6395-4e4e-a58b-ce9fbe05be31,7629660f-13d9-4b95-8eab-38a0071bd4fb,30cf47c8-b6f7-4662-9faf-0014b04d6e01,7629660f-13d9-4b95-8eab-38a0071bd4fb,30cf47c8-b6f7-4662-9faf-0014b04d6e01,skipped,already_in_destination,,,,2026-06-29 15:40:52.753112+00
6938f1d8-75aa-4ca6-9edb-e06ba17f435c,bf8cf2d5-2e27-4ec9-8e62-7e42b954b625,12aa045e-0578-4235-80f9-79eb7c7c68ca,email_sent,e6ad8ab1-babf-4c07-9e11-4cee652f316b,d8789078-9ebf-491d-851d-411968b18acf,7629660f-13d9-4b95-8eab-38a0071bd4fb,30cf47c8-b6f7-4662-9faf-0014b04d6e01,7629660f-13d9-4b95-8eab-38a0071bd4fb,30cf47c8-b6f7-4662-9faf-0014b04d6e01,skipped,already_in_destination,,,,2026-06-29 15:41:08.958051+00
c0e5b170-0d87-4f37-a73a-989692d243a1,87fef2d4-aad5-4067-b258-e739b3547068,12aa045e-0578-4235-80f9-79eb7c7c68ca,email_sent,613a9ace-b24e-45f8-bb78-e9bf34265fa9,fd7e384f-7806-4acb-837f-9f757fcd63c1,7629660f-13d9-4b95-8eab-38a0071bd4fb,ec731076-08c7-431f-a81b-62399454dccf,7629660f-13d9-4b95-8eab-38a0071bd4fb,30cf47c8-b6f7-4662-9faf-0014b04d6e01,applied,,,"{""rule_name"": ""Email Sent -> Code of Conduct Sign"", ""resolved_via"": ""request""}",,2026-06-29 15:42:15.171912+00
63ce8138-817d-42e8-8fed-e9a20e9f4f64,bf8cf2d5-2e27-4ec9-8e62-7e42b954b625,12aa045e-0578-4235-80f9-79eb7c7c68ca,email_sent,e6ad8ab1-babf-4c07-9e11-4cee652f316b,d8789078-9ebf-491d-851d-411968b18acf,7629660f-13d9-4b95-8eab-38a0071bd4fb,30cf47c8-b6f7-4662-9faf-0014b04d6e01,7629660f-13d9-4b95-8eab-38a0071bd4fb,30cf47c8-b6f7-4662-9faf-0014b04d6e01,skipped,already_in_destination,,,,2026-06-29 15:43:58.500697+00
69242574-a92e-4a54-967c-13eb58d8ea26,37cb9cdf-3c55-4b3d-8af5-e26e02b00cb3,12aa045e-0578-4235-80f9-79eb7c7c68ca,email_sent,9aad4cdc-c110-4b3d-9be5-b320970b7d0c,9053a56d-c5f1-4e47-852f-77d4fac691f5,7629660f-13d9-4b95-8eab-38a0071bd4fb,30cf47c8-b6f7-4662-9faf-0014b04d6e01,7629660f-13d9-4b95-8eab-38a0071bd4fb,30cf47c8-b6f7-4662-9faf-0014b04d6e01,skipped,already_in_destination,,,,2026-06-29 15:47:41.805759+00
1066fb51-f694-4277-8134-717a3ce8a3f9,bf8cf2d5-2e27-4ec9-8e62-7e42b954b625,12aa045e-0578-4235-80f9-79eb7c7c68ca,email_sent,e6ad8ab1-babf-4c07-9e11-4cee652f316b,d8789078-9ebf-491d-851d-411968b18acf,7629660f-13d9-4b95-8eab-38a0071bd4fb,30cf47c8-b6f7-4662-9faf-0014b04d6e01,7629660f-13d9-4b95-8eab-38a0071bd4fb,30cf47c8-b6f7-4662-9faf-0014b04d6e01,skipped,already_in_destination,,,,2026-06-29 15:47:56.550904+00
2ebafa9d-0a5b-4aa6-8f82-40822b3316d5,37cb9cdf-3c55-4b3d-8af5-e26e02b00cb3,12aa045e-0578-4235-80f9-79eb7c7c68ca,email_sent,9aad4cdc-c110-4b3d-9be5-b320970b7d0c,9053a56d-c5f1-4e47-852f-77d4fac691f5,7629660f-13d9-4b95-8eab-38a0071bd4fb,30cf47c8-b6f7-4662-9faf-0014b04d6e01,7629660f-13d9-4b95-8eab-38a0071bd4fb,30cf47c8-b6f7-4662-9faf-0014b04d6e01,skipped,already_in_destination,,,,2026-06-29 15:48:05.785551+00
f29e957c-8787-4d75-be63-8bd6cae79eb8,1efabac2-3b12-4a9e-8809-8d453fca1b22,12aa045e-0578-4235-80f9-79eb7c7c68ca,email_sent,2f3dd5b1-8c53-4abd-bc27-359ddf59fb74,8cc5f0d3-3956-4055-9d2e-90887c04e124,7629660f-13d9-4b95-8eab-38a0071bd4fb,ec731076-08c7-431f-a81b-62399454dccf,7629660f-13d9-4b95-8eab-38a0071bd4fb,30cf47c8-b6f7-4662-9faf-0014b04d6e01,applied,,,"{""rule_name"": ""Email Sent -> Code of Conduct Sign"", ""resolved_via"": ""request""}",,2026-07-02 10:32:03.033395+00
6edbd33d-9033-4e8b-9253-f5383cf7eb2e,482444aa-a2cd-4cf0-bf3b-e21f96c78977,12aa045e-0578-4235-80f9-79eb7c7c68ca,email_sent,6c8826fd-7189-4ad2-a6d1-7eecaf5f9942,0030f63a-b7b1-4e52-8eba-087fc6da57b0,7629660f-13d9-4b95-8eab-38a0071bd4fb,ec731076-08c7-431f-a81b-62399454dccf,7629660f-13d9-4b95-8eab-38a0071bd4fb,30cf47c8-b6f7-4662-9faf-0014b04d6e01,applied,,,"{""rule_name"": ""Email Sent -> Code of Conduct Sign"", ""resolved_via"": ""request""}",,2026-07-02 11:43:12.441268+00
d3e50924-2264-41d9-8aaf-24289bdda73c,6d647847-89ec-4d58-9b43-b877338b62d6,12aa045e-0578-4235-80f9-79eb7c7c68ca,email_sent,d6067b10-9a2e-4748-900a-2e2052c44f63,88fc1efb-63d9-48ae-82c3-2da22692910a,7629660f-13d9-4b95-8eab-38a0071bd4fb,ec731076-08c7-431f-a81b-62399454dccf,7629660f-13d9-4b95-8eab-38a0071bd4fb,30cf47c8-b6f7-4662-9faf-0014b04d6e01,applied,,,"{""rule_name"": ""Email Sent -> Code of Conduct Sign"", ""resolved_via"": ""request""}",,2026-07-02 11:55:16.247927+00
a25eaccc-1bd6-4e1d-a5d8-bb81e0a5d8d1,1f5e83ef-ac33-4edb-a89f-116586b3a0dc,12aa045e-0578-4235-80f9-79eb7c7c68ca,email_sent,3c3314f2-7004-4e5a-86fc-dee6a9bd943f,86280c7e-1fe7-4533-8242-7497f2d639f0,7629660f-13d9-4b95-8eab-38a0071bd4fb,ec731076-08c7-431f-a81b-62399454dccf,7629660f-13d9-4b95-8eab-38a0071bd4fb,30cf47c8-b6f7-4662-9faf-0014b04d6e01,applied,,,"{""rule_name"": ""Email Sent -> Code of Conduct Sign"", ""resolved_via"": ""request""}",,2026-07-02 12:01:11.379302+00
2321bb92-1a2a-482c-a2ae-f6180cdec657,5d8e3539-8db1-46d4-9ad8-b473d667ecb8,12aa045e-0578-4235-80f9-79eb7c7c68ca,email_sent,5d9c0ea9-0c12-48a4-9bb1-1f4b19e3aa09,f1e5259a-2fb1-4b16-a085-fa2d889db8ae,7629660f-13d9-4b95-8eab-38a0071bd4fb,ec731076-08c7-431f-a81b-62399454dccf,7629660f-13d9-4b95-8eab-38a0071bd4fb,30cf47c8-b6f7-4662-9faf-0014b04d6e01,applied,,,"{""rule_name"": ""Email Sent -> Code of Conduct Sign"", ""resolved_via"": ""request""}",,2026-07-03 07:57:03.993629+00
fa7356e6-8c0c-45d4-9ba4-61b26f5e2377,841485ef-a769-4790-ac6f-61d1515e1236,12aa045e-0578-4235-80f9-79eb7c7c68ca,email_sent,4477241f-be2d-4a56-b620-11ecb7d7a0a3,fa4ed813-59e7-4f79-9dc9-81260e084d5c,7629660f-13d9-4b95-8eab-38a0071bd4fb,ec731076-08c7-431f-a81b-62399454dccf,7629660f-13d9-4b95-8eab-38a0071bd4fb,30cf47c8-b6f7-4662-9faf-0014b04d6e01,applied,,,"{""rule_name"": ""Email Sent -> Code of Conduct Sign"", ""resolved_via"": ""request""}",,2026-07-03 07:57:23.634183+00
a419a747-b1eb-4a3c-9b9a-bb71f2671d69,17ac5c56-0336-4fc8-aca9-ce6d767323b7,12aa045e-0578-4235-80f9-79eb7c7c68ca,email_sent,af82ffbe-4f5a-4409-bf4c-b6da95a5d328,acd4d50e-56e4-41c9-a3be-fe6600300e6b,7629660f-13d9-4b95-8eab-38a0071bd4fb,ec731076-08c7-431f-a81b-62399454dccf,7629660f-13d9-4b95-8eab-38a0071bd4fb,30cf47c8-b6f7-4662-9faf-0014b04d6e01,applied,,,"{""rule_name"": ""Email Sent -> Code of Conduct Sign"", ""resolved_via"": ""request""}",,2026-07-03 07:57:49.62175+00
5f7ccf5e-4c50-4f97-bf73-c233f2e40d0e,b43ba284-87d3-4cf6-b987-e4bff1a701d9,12aa045e-0578-4235-80f9-79eb7c7c68ca,email_sent,a3b3f1c3-57e6-423c-9dd2-99349dc6c7a9,e77cb9cd-acbb-4b34-8d79-ee8d8cf1484f,7629660f-13d9-4b95-8eab-38a0071bd4fb,ec731076-08c7-431f-a81b-62399454dccf,7629660f-13d9-4b95-8eab-38a0071bd4fb,30cf47c8-b6f7-4662-9faf-0014b04d6e01,applied,,,"{""rule_name"": ""Email Sent -> Code of Conduct Sign"", ""resolved_via"": ""request""}",,2026-07-03 07:58:37.838828+00
cf0c9fc0-fafc-4230-8ed7-b020fde12a1e,01b4607a-7271-4957-93a7-5a28591a254a,12aa045e-0578-4235-80f9-79eb7c7c68ca,email_sent,7b99eeaa-0ec3-4326-87de-e5b4a2dd0e15,5f2a412c-301a-4bc7-a91a-abfa69ed9c48,7629660f-13d9-4b95-8eab-38a0071bd4fb,ec731076-08c7-431f-a81b-62399454dccf,7629660f-13d9-4b95-8eab-38a0071bd4fb,30cf47c8-b6f7-4662-9faf-0014b04d6e01,applied,,,"{""rule_name"": ""Email Sent -> Code of Conduct Sign"", ""resolved_via"": ""request""}",,2026-07-03 07:58:47.740112+00
d03a1e05-ca9c-4993-bbbf-35e9c2ef6e7f,6f5be1ac-157b-491a-99e8-2963f33fed56,12aa045e-0578-4235-80f9-79eb7c7c68ca,email_sent,40474118-b885-4596-983f-d6f39921209e,c78cf148-5704-4391-b8ca-1dac5c788200,7629660f-13d9-4b95-8eab-38a0071bd4fb,ec731076-08c7-431f-a81b-62399454dccf,7629660f-13d9-4b95-8eab-38a0071bd4fb,30cf47c8-b6f7-4662-9faf-0014b04d6e01,applied,,,"{""rule_name"": ""Email Sent -> Code of Conduct Sign"", ""resolved_via"": ""request""}",,2026-07-03 08:57:50.640077+00
03f45933-32ae-442f-9f80-74873eb5eda7,1f5e83ef-ac33-4edb-a89f-116586b3a0dc,12aa045e-0578-4235-80f9-79eb7c7c68ca,email_sent,3c3314f2-7004-4e5a-86fc-dee6a9bd943f,86280c7e-1fe7-4533-8242-7497f2d639f0,7629660f-13d9-4b95-8eab-38a0071bd4fb,30cf47c8-b6f7-4662-9faf-0014b04d6e01,7629660f-13d9-4b95-8eab-38a0071bd4fb,30cf47c8-b6f7-4662-9faf-0014b04d6e01,skipped,already_in_destination,,,,2026-07-03 09:54:42.067749+00
39cacdf8-dad6-4186-b7db-a87ce44c499d,7cdc9a3d-c84e-4729-bd52-5b70e918eb66,12aa045e-0578-4235-80f9-79eb7c7c68ca,email_sent,806d4bdf-913b-4bc1-a5cc-c17b25b5a58b,6d13be05-2bdd-4ebc-842b-8f9e6e5c7bf9,7629660f-13d9-4b95-8eab-38a0071bd4fb,ec731076-08c7-431f-a81b-62399454dccf,7629660f-13d9-4b95-8eab-38a0071bd4fb,30cf47c8-b6f7-4662-9faf-0014b04d6e01,applied,,,"{""rule_name"": ""Email Sent -> Code of Conduct Sign"", ""resolved_via"": ""request""}",,2026-07-03 09:56:31.097394+00
afbb6116-8f86-44e0-a7a0-2ab022c250f1,17ac5c56-0336-4fc8-aca9-ce6d767323b7,12aa045e-0578-4235-80f9-79eb7c7c68ca,email_sent,af82ffbe-4f5a-4409-bf4c-b6da95a5d328,acd4d50e-56e4-41c9-a3be-fe6600300e6b,7629660f-13d9-4b95-8eab-38a0071bd4fb,30cf47c8-b6f7-4662-9faf-0014b04d6e01,7629660f-13d9-4b95-8eab-38a0071bd4fb,30cf47c8-b6f7-4662-9faf-0014b04d6e01,skipped,already_in_destination,,,,2026-07-03 09:57:12.195827+00
10423ca4-4a3f-4eaf-ae66-4093df7a0b9d,6f5be1ac-157b-491a-99e8-2963f33fed56,12aa045e-0578-4235-80f9-79eb7c7c68ca,email_sent,40474118-b885-4596-983f-d6f39921209e,c78cf148-5704-4391-b8ca-1dac5c788200,7629660f-13d9-4b95-8eab-38a0071bd4fb,30cf47c8-b6f7-4662-9faf-0014b04d6e01,7629660f-13d9-4b95-8eab-38a0071bd4fb,30cf47c8-b6f7-4662-9faf-0014b04d6e01,skipped,already_in_destination,,,,2026-07-03 09:57:38.080863+00
60cd0b20-d2ac-478a-baa6-40f35611c252,10d2f711-c92b-4a38-ab33-5b9bb47381ae,12aa045e-0578-4235-80f9-79eb7c7c68ca,email_sent,0bee15e2-7e7e-4eb3-ab6c-a1e4acb0b12c,fe8f7cd8-9c61-426e-8a99-a60d7dcf4a9d,7629660f-13d9-4b95-8eab-38a0071bd4fb,ec731076-08c7-431f-a81b-62399454dccf,7629660f-13d9-4b95-8eab-38a0071bd4fb,30cf47c8-b6f7-4662-9faf-0014b04d6e01,applied,,,"{""rule_name"": ""Email Sent -> Code of Conduct Sign"", ""resolved_via"": ""request""}",,2026-07-03 10:17:53.242748+00
b9955f6a-663c-4446-a099-56f4b39e6f62,5d8e3539-8db1-46d4-9ad8-b473d667ecb8,12aa045e-0578-4235-80f9-79eb7c7c68ca,email_sent,5d9c0ea9-0c12-48a4-9bb1-1f4b19e3aa09,f1e5259a-2fb1-4b16-a085-fa2d889db8ae,7629660f-13d9-4b95-8eab-38a0071bd4fb,30cf47c8-b6f7-4662-9faf-0014b04d6e01,7629660f-13d9-4b95-8eab-38a0071bd4fb,30cf47c8-b6f7-4662-9faf-0014b04d6e01,skipped,already_in_destination,,,,2026-07-04 12:38:49.942184+00
7fd0bece-ded0-473c-9e3d-585ee3859203,10d2f711-c92b-4a38-ab33-5b9bb47381ae,12aa045e-0578-4235-80f9-79eb7c7c68ca,email_sent,0bee15e2-7e7e-4eb3-ab6c-a1e4acb0b12c,fe8f7cd8-9c61-426e-8a99-a60d7dcf4a9d,7629660f-13d9-4b95-8eab-38a0071bd4fb,30cf47c8-b6f7-4662-9faf-0014b04d6e01,7629660f-13d9-4b95-8eab-38a0071bd4fb,30cf47c8-b6f7-4662-9faf-0014b04d6e01,skipped,already_in_destination,,,,2026-07-05 13:10:37.241779+00
f6a03b08-43bd-4782-9448-d845ff8fe8f2,17ac5c56-0336-4fc8-aca9-ce6d767323b7,12aa045e-0578-4235-80f9-79eb7c7c68ca,email_sent,af82ffbe-4f5a-4409-bf4c-b6da95a5d328,acd4d50e-56e4-41c9-a3be-fe6600300e6b,7629660f-13d9-4b95-8eab-38a0071bd4fb,30cf47c8-b6f7-4662-9faf-0014b04d6e01,7629660f-13d9-4b95-8eab-38a0071bd4fb,30cf47c8-b6f7-4662-9faf-0014b04d6e01,skipped,already_in_destination,,,,2026-07-05 13:14:22.340619+00
68549d87-2704-471b-bb6f-fe4f1f956a23,b43ba284-87d3-4cf6-b987-e4bff1a701d9,12aa045e-0578-4235-80f9-79eb7c7c68ca,email_sent,a3b3f1c3-57e6-423c-9dd2-99349dc6c7a9,e77cb9cd-acbb-4b34-8d79-ee8d8cf1484f,7629660f-13d9-4b95-8eab-38a0071bd4fb,30cf47c8-b6f7-4662-9faf-0014b04d6e01,7629660f-13d9-4b95-8eab-38a0071bd4fb,30cf47c8-b6f7-4662-9faf-0014b04d6e01,skipped,already_in_destination,,,,2026-07-05 13:22:46.504061+00
f1afa1d4-e2c3-4afa-beea-b735593d1931,b43ba284-87d3-4cf6-b987-e4bff1a701d9,12aa045e-0578-4235-80f9-79eb7c7c68ca,email_sent,a3b3f1c3-57e6-423c-9dd2-99349dc6c7a9,e77cb9cd-acbb-4b34-8d79-ee8d8cf1484f,7629660f-13d9-4b95-8eab-38a0071bd4fb,30cf47c8-b6f7-4662-9faf-0014b04d6e01,7629660f-13d9-4b95-8eab-38a0071bd4fb,30cf47c8-b6f7-4662-9faf-0014b04d6e01,skipped,already_in_destination,,,,2026-07-05 13:27:34.273077+00
60776b69-fd35-45a6-b8f9-6ecf78babf0c,1f5e83ef-ac33-4edb-a89f-116586b3a0dc,12aa045e-0578-4235-80f9-79eb7c7c68ca,email_sent,3c3314f2-7004-4e5a-86fc-dee6a9bd943f,86280c7e-1fe7-4533-8242-7497f2d639f0,7629660f-13d9-4b95-8eab-38a0071bd4fb,30cf47c8-b6f7-4662-9faf-0014b04d6e01,7629660f-13d9-4b95-8eab-38a0071bd4fb,30cf47c8-b6f7-4662-9faf-0014b04d6e01,skipped,already_in_destination,,,,2026-07-05 14:55:50.867129+00
9fe359fb-1efa-441d-8c32-b3e40e943f53,1f5e83ef-ac33-4edb-a89f-116586b3a0dc,12aa045e-0578-4235-80f9-79eb7c7c68ca,email_sent,3c3314f2-7004-4e5a-86fc-dee6a9bd943f,86280c7e-1fe7-4533-8242-7497f2d639f0,7629660f-13d9-4b95-8eab-38a0071bd4fb,30cf47c8-b6f7-4662-9faf-0014b04d6e01,7629660f-13d9-4b95-8eab-38a0071bd4fb,30cf47c8-b6f7-4662-9faf-0014b04d6e01,skipped,already_in_destination,,,,2026-07-05 14:57:32.2708+00
0d367aa3-496f-444c-8fff-25ce5e5cb427,6d647847-89ec-4d58-9b43-b877338b62d6,12aa045e-0578-4235-80f9-79eb7c7c68ca,email_sent,d6067b10-9a2e-4748-900a-2e2052c44f63,88fc1efb-63d9-48ae-82c3-2da22692910a,7629660f-13d9-4b95-8eab-38a0071bd4fb,30cf47c8-b6f7-4662-9faf-0014b04d6e01,7629660f-13d9-4b95-8eab-38a0071bd4fb,30cf47c8-b6f7-4662-9faf-0014b04d6e01,skipped,already_in_destination,,,,2026-07-05 16:14:32.796837+00
36b4f5ca-1a6e-4997-b4bb-191c6dbc5905,1f5e83ef-ac33-4edb-a89f-116586b3a0dc,12aa045e-0578-4235-80f9-79eb7c7c68ca,email_sent,3c3314f2-7004-4e5a-86fc-dee6a9bd943f,86280c7e-1fe7-4533-8242-7497f2d639f0,7629660f-13d9-4b95-8eab-38a0071bd4fb,30cf47c8-b6f7-4662-9faf-0014b04d6e01,7629660f-13d9-4b95-8eab-38a0071bd4fb,30cf47c8-b6f7-4662-9faf-0014b04d6e01,skipped,already_in_destination,,,,2026-07-05 16:19:00.108304+00
5c237a5f-62da-49e7-bcde-50d55f64deb1,01b4607a-7271-4957-93a7-5a28591a254a,12aa045e-0578-4235-80f9-79eb7c7c68ca,email_sent,7b99eeaa-0ec3-4326-87de-e5b4a2dd0e15,5f2a412c-301a-4bc7-a91a-abfa69ed9c48,7629660f-13d9-4b95-8eab-38a0071bd4fb,30cf47c8-b6f7-4662-9faf-0014b04d6e01,7629660f-13d9-4b95-8eab-38a0071bd4fb,30cf47c8-b6f7-4662-9faf-0014b04d6e01,skipped,already_in_destination,,,,2026-07-05 16:23:23.562062+00
60914dca-f3f1-4a93-b8ac-deee0261735b,6f5be1ac-157b-491a-99e8-2963f33fed56,12aa045e-0578-4235-80f9-79eb7c7c68ca,email_sent,40474118-b885-4596-983f-d6f39921209e,c78cf148-5704-4391-b8ca-1dac5c788200,7629660f-13d9-4b95-8eab-38a0071bd4fb,30cf47c8-b6f7-4662-9faf-0014b04d6e01,7629660f-13d9-4b95-8eab-38a0071bd4fb,30cf47c8-b6f7-4662-9faf-0014b04d6e01,skipped,already_in_destination,,,,2026-07-05 16:43:43.879697+00
bef67525-8ce6-4d9f-9634-5c25ad5ef069,8993ca80-fb62-4e3f-af74-a83d1e3ccf44,12aa045e-0578-4235-80f9-79eb7c7c68ca,email_sent,a24d0dc4-0055-467c-8874-5db0ffeb775c,ec5ff310-e64e-4a5a-a0e8-b434a2cb98a4,7629660f-13d9-4b95-8eab-38a0071bd4fb,30cf47c8-b6f7-4662-9faf-0014b04d6e01,7629660f-13d9-4b95-8eab-38a0071bd4fb,30cf47c8-b6f7-4662-9faf-0014b04d6e01,skipped,already_in_destination,,,,2026-07-05 16:49:09.473383+00
4f488056-f481-410a-a29d-2b2178a9eb78,5d8e3539-8db1-46d4-9ad8-b473d667ecb8,12aa045e-0578-4235-80f9-79eb7c7c68ca,email_sent,5d9c0ea9-0c12-48a4-9bb1-1f4b19e3aa09,f1e5259a-2fb1-4b16-a085-fa2d889db8ae,7629660f-13d9-4b95-8eab-38a0071bd4fb,30cf47c8-b6f7-4662-9faf-0014b04d6e01,7629660f-13d9-4b95-8eab-38a0071bd4fb,30cf47c8-b6f7-4662-9faf-0014b04d6e01,skipped,already_in_destination,,,,2026-07-05 16:55:28.966206+00
c9667196-a319-4de4-8bd4-b2e5227a6399,5f3a3c3e-f630-479e-b315-7eecce7208db,12aa045e-0578-4235-80f9-79eb7c7c68ca,email_sent,6887bd5f-9f2b-45d6-a5fe-ed6421ce8ed0,72dcfab9-ad71-4456-b591-4d6d4c217273,7629660f-13d9-4b95-8eab-38a0071bd4fb,ec731076-08c7-431f-a81b-62399454dccf,7629660f-13d9-4b95-8eab-38a0071bd4fb,30cf47c8-b6f7-4662-9faf-0014b04d6e01,applied,,,"{""rule_name"": ""Email Sent -> Code of Conduct Sign"", ""resolved_via"": ""request""}",,2026-07-06 13:47:15.460367+00
d35efcf9-04b3-4b04-ab4d-550229ee0059,7112bfe1-0bc6-4764-8137-272179290e1b,12aa045e-0578-4235-80f9-79eb7c7c68ca,email_sent,283b70c0-5549-4876-b426-b67c6b9360ec,09462478-7756-4989-8992-6d33e8a86905,7629660f-13d9-4b95-8eab-38a0071bd4fb,ec731076-08c7-431f-a81b-62399454dccf,7629660f-13d9-4b95-8eab-38a0071bd4fb,30cf47c8-b6f7-4662-9faf-0014b04d6e01,applied,,,"{""rule_name"": ""Email Sent -> Code of Conduct Sign"", ""resolved_via"": ""request""}",,2026-07-06 13:51:37.952769+00
70747a20-c0c6-4013-9dc9-cee3c1aae1f1,626886b2-0c11-451f-a4d4-3c73b99a9560,12aa045e-0578-4235-80f9-79eb7c7c68ca,email_sent,88294cc7-fa6a-4b8d-8d71-9ca12fdea3c5,e443bbad-6ea6-4d3f-89ea-81994e57e4a2,7629660f-13d9-4b95-8eab-38a0071bd4fb,ec731076-08c7-431f-a81b-62399454dccf,7629660f-13d9-4b95-8eab-38a0071bd4fb,30cf47c8-b6f7-4662-9faf-0014b04d6e01,applied,,,"{""rule_name"": ""Email Sent -> Code of Conduct Sign"", ""resolved_via"": ""request""}",,2026-07-06 14:55:50.043985+00
ed164f30-2299-4d36-bbd8-06068a0aecef,adec184a-dcb3-4f7a-a179-0899e66e2f74,12aa045e-0578-4235-80f9-79eb7c7c68ca,email_sent,1e1678a3-8199-4c72-b5fd-4b649ee329e2,b2189f79-da3a-4e65-aa0d-968dcd44788d,7629660f-13d9-4b95-8eab-38a0071bd4fb,ec731076-08c7-431f-a81b-62399454dccf,7629660f-13d9-4b95-8eab-38a0071bd4fb,30cf47c8-b6f7-4662-9faf-0014b04d6e01,applied,,,"{""rule_name"": ""Email Sent -> Code of Conduct Sign"", ""resolved_via"": ""request""}",,2026-07-06 15:10:49.921552+00
7d2676b0-8398-47cf-938d-66b22482260d,9d43d1e1-dc42-4bf7-a228-f59707528e45,12aa045e-0578-4235-80f9-79eb7c7c68ca,email_sent,dda3de7a-4c37-4265-9dab-893f422765fa,34feb6b6-1b39-4a4e-996f-eaa3ee4f7925,7629660f-13d9-4b95-8eab-38a0071bd4fb,ec731076-08c7-431f-a81b-62399454dccf,7629660f-13d9-4b95-8eab-38a0071bd4fb,30cf47c8-b6f7-4662-9faf-0014b04d6e01,applied,,,"{""rule_name"": ""Email Sent -> Code of Conduct Sign"", ""resolved_via"": ""request""}",,2026-07-06 15:21:41.360433+00
68d5aaec-59f4-4b06-91c1-a9a39803cb26,6e2db717-ab37-4cbb-815a-d587464ac8cc,12aa045e-0578-4235-80f9-79eb7c7c68ca,email_sent,1f41475b-fa92-43c7-836f-0c4e8986db14,2d97f65a-a131-44d8-a706-8d19f3a55ac6,7629660f-13d9-4b95-8eab-38a0071bd4fb,ec731076-08c7-431f-a81b-62399454dccf,7629660f-13d9-4b95-8eab-38a0071bd4fb,30cf47c8-b6f7-4662-9faf-0014b04d6e01,applied,,,"{""rule_name"": ""Email Sent -> Code of Conduct Sign"", ""resolved_via"": ""request""}",,2026-07-06 15:26:45.18579+00
de26d50a-9eb3-4623-8e58-97f586627235,2f165df5-1e50-49f1-bb54-167af6697417,12aa045e-0578-4235-80f9-79eb7c7c68ca,email_sent,c4470a51-1098-400f-b73e-5ee8801cdad2,a24aeda2-a235-4051-ab32-96c88a834593,7629660f-13d9-4b95-8eab-38a0071bd4fb,ec731076-08c7-431f-a81b-62399454dccf,7629660f-13d9-4b95-8eab-38a0071bd4fb,30cf47c8-b6f7-4662-9faf-0014b04d6e01,applied,,,"{""rule_name"": ""Email Sent -> Code of Conduct Sign"", ""resolved_via"": ""request""}",,2026-07-06 16:53:17.613841+00
0a2fdfcf-9e88-49a6-8235-22bfc1fd08db,1732194f-a827-4e2c-9fe7-f0742f070d69,12aa045e-0578-4235-80f9-79eb7c7c68ca,email_sent,e5878ceb-62b5-4099-bf86-b6876d5b3065,29fa8b5c-6395-4e4e-a58b-ce9fbe05be31,7629660f-13d9-4b95-8eab-38a0071bd4fb,30cf47c8-b6f7-4662-9faf-0014b04d6e01,7629660f-13d9-4b95-8eab-38a0071bd4fb,30cf47c8-b6f7-4662-9faf-0014b04d6e01,skipped,already_in_destination,,,,2026-07-06 16:59:15.100647+00
e37ab2b3-cb20-4f16-8d8f-c9a27791e9fd,482444aa-a2cd-4cf0-bf3b-e21f96c78977,12aa045e-0578-4235-80f9-79eb7c7c68ca,email_sent,6c8826fd-7189-4ad2-a6d1-7eecaf5f9942,0030f63a-b7b1-4e52-8eba-087fc6da57b0,7629660f-13d9-4b95-8eab-38a0071bd4fb,30cf47c8-b6f7-4662-9faf-0014b04d6e01,7629660f-13d9-4b95-8eab-38a0071bd4fb,30cf47c8-b6f7-4662-9faf-0014b04d6e01,skipped,already_in_destination,,,,2026-07-06 17:02:44.449881+00
f0400b9a-a504-43fd-8d2b-ecddbec6e2b0,a080c515-9196-486a-a21c-73626239bf2f,12aa045e-0578-4235-80f9-79eb7c7c68ca,email_sent,73a517d6-40d2-4469-a018-c50a1ef99fd0,9f3dc86c-3c77-4cb0-ae71-79c8db5822de,7629660f-13d9-4b95-8eab-38a0071bd4fb,30cf47c8-b6f7-4662-9faf-0014b04d6e01,7629660f-13d9-4b95-8eab-38a0071bd4fb,30cf47c8-b6f7-4662-9faf-0014b04d6e01,skipped,already_in_destination,,,,2026-07-07 05:44:34.948199+00
de55a2a5-dd2e-40db-920d-b471d534400a,e321eea3-c9ab-4ad3-8d7d-aa1fb204099c,12aa045e-0578-4235-80f9-79eb7c7c68ca,email_sent,2298d2fd-593d-4563-9055-aa09de658172,5268f4ff-8f72-4262-9251-394887a2f89f,7629660f-13d9-4b95-8eab-38a0071bd4fb,ec731076-08c7-431f-a81b-62399454dccf,7629660f-13d9-4b95-8eab-38a0071bd4fb,30cf47c8-b6f7-4662-9faf-0014b04d6e01,applied,,,"{""rule_name"": ""Email Sent -> Code of Conduct Sign"", ""resolved_via"": ""request""}",,2026-07-07 10:13:01.978073+00
e4277b82-c893-4118-bf6f-f8fc93d0eb5b,3e2e77d8-a29d-4332-aaff-ca5aa037c242,12aa045e-0578-4235-80f9-79eb7c7c68ca,email_sent,6c6c61ad-cd12-430c-9e84-0267f0a2b1de,af50e20b-6e12-440f-b3fa-d73fe71b5122,7629660f-13d9-4b95-8eab-38a0071bd4fb,ec731076-08c7-431f-a81b-62399454dccf,7629660f-13d9-4b95-8eab-38a0071bd4fb,30cf47c8-b6f7-4662-9faf-0014b04d6e01,applied,,,"{""rule_name"": ""Email Sent -> Code of Conduct Sign"", ""resolved_via"": ""request""}",,2026-07-07 10:13:35.247673+00
afbc0484-9654-4889-b067-bacd04371d74,abf80e93-541e-403b-9d03-7de48597592d,12aa045e-0578-4235-80f9-79eb7c7c68ca,email_sent,e2abb5f5-0df2-496e-a0ae-28cf1dc291d5,e6cfaf28-343b-4efa-9301-43654b0cb741,7629660f-13d9-4b95-8eab-38a0071bd4fb,ec731076-08c7-431f-a81b-62399454dccf,7629660f-13d9-4b95-8eab-38a0071bd4fb,30cf47c8-b6f7-4662-9faf-0014b04d6e01,applied,,,"{""rule_name"": ""Email Sent -> Code of Conduct Sign"", ""resolved_via"": ""request""}",,2026-07-07 10:13:49.062214+00
a66f1f24-66fa-4b40-86ec-3365f5a0b394,74918f5a-1cb1-4cb5-9e1c-0e116e275d4c,12aa045e-0578-4235-80f9-79eb7c7c68ca,email_sent,f884dd14-7338-464f-aeb2-d69cbf7a8528,d150f871-5827-4889-8fe5-84839bb9dd90,7629660f-13d9-4b95-8eab-38a0071bd4fb,ec731076-08c7-431f-a81b-62399454dccf,7629660f-13d9-4b95-8eab-38a0071bd4fb,30cf47c8-b6f7-4662-9faf-0014b04d6e01,applied,,,"{""rule_name"": ""Email Sent -> Code of Conduct Sign"", ""resolved_via"": ""request""}",,2026-07-07 10:14:04.424365+00
3fdf5e60-6e23-4431-aedd-d7cd6d2d5968,c68fb209-0088-4fe5-813f-3d42d3315ff1,12aa045e-0578-4235-80f9-79eb7c7c68ca,email_sent,b1b49ed8-2873-4bfd-b463-d13e8edc0a02,,10eb9d2c-99a3-4f2e-9366-7cd73e4acb4c,3eb8f2b5-c5e7-4e41-8b7c-a55f46465dd3,7629660f-13d9-4b95-8eab-38a0071bd4fb,30cf47c8-b6f7-4662-9faf-0014b04d6e01,applied,,,"{""rule_name"": ""Email Sent -> Code of Conduct Sign"", ""resolved_via"": ""request""}",,2026-07-07 10:17:14.06175+00
e058e1ed-bbe2-45d7-b5a8-9feeba24f874,5b98f4e1-ec02-44a1-8962-60daba0f26d6,12aa045e-0578-4235-80f9-79eb7c7c68ca,email_sent,7717eb3a-f826-4b0f-91c1-ef5a46cb1b95,e86451b6-b1fb-42dd-aa06-fc51a1830158,7629660f-13d9-4b95-8eab-38a0071bd4fb,30cf47c8-b6f7-4662-9faf-0014b04d6e01,7629660f-13d9-4b95-8eab-38a0071bd4fb,30cf47c8-b6f7-4662-9faf-0014b04d6e01,skipped,already_in_destination,,,,2026-07-07 13:04:59.908046+00
52dde4f8-3a76-4ca3-a997-aa3bda8f7804,68679de7-aa6f-4685-aed2-316acf31d74a,12aa045e-0578-4235-80f9-79eb7c7c68ca,email_sent,ae8c6825-e70b-4635-9710-9745b0529749,e282f157-7bf9-43e0-9ca4-8c7ebb245204,7629660f-13d9-4b95-8eab-38a0071bd4fb,30cf47c8-b6f7-4662-9faf-0014b04d6e01,7629660f-13d9-4b95-8eab-38a0071bd4fb,30cf47c8-b6f7-4662-9faf-0014b04d6e01,skipped,already_in_destination,,,,2026-07-07 13:05:00.805257+00
97c24c9a-91fe-414d-8cf3-0b1fdba5a38b,b6b03e73-5866-485a-a2ac-12e47ad78244,12aa045e-0578-4235-80f9-79eb7c7c68ca,email_sent,48bfbea4-98e7-4fb8-afa0-a23aae0c63bc,f0d07ab0-90dd-486f-a86f-7c8363617303,7629660f-13d9-4b95-8eab-38a0071bd4fb,1302273e-92a5-4ba6-8ac1-59d3c54a0ee7,7629660f-13d9-4b95-8eab-38a0071bd4fb,30cf47c8-b6f7-4662-9faf-0014b04d6e01,applied,,,"{""rule_name"": ""Email Sent -> Code of Conduct Sign"", ""resolved_via"": ""request""}",,2026-07-08 05:02:41.031639+00
7ac405b7-54de-43f1-96bd-4c4735247e8b,b776a793-a2c1-46dd-9371-85f68ded4345,12aa045e-0578-4235-80f9-79eb7c7c68ca,email_sent,e4f43815-9c49-47e6-811c-519231c18d60,c750d4c5-bef5-432a-ba9a-127d9887de41,7629660f-13d9-4b95-8eab-38a0071bd4fb,ec731076-08c7-431f-a81b-62399454dccf,7629660f-13d9-4b95-8eab-38a0071bd4fb,30cf47c8-b6f7-4662-9faf-0014b04d6e01,applied,,,"{""rule_name"": ""Email Sent -> Code of Conduct Sign"", ""resolved_via"": ""request""}",,2026-07-08 05:04:23.543671+00
43528d73-06ae-4200-8740-e51e672bd5bd,7112bfe1-0bc6-4764-8137-272179290e1b,12aa045e-0578-4235-80f9-79eb7c7c68ca,email_sent,283b70c0-5549-4876-b426-b67c6b9360ec,09462478-7756-4989-8992-6d33e8a86905,,,,,skipped,already_applied_for_request,,,,2026-07-09 03:07:18.07884+00
61e7c03a-c721-4671-a69c-2c280a30dbe2,f725b262-f602-4084-a236-e6781d2de3c6,12aa045e-0578-4235-80f9-79eb7c7c68ca,email_sent,29d8ca73-cf14-470a-bf9f-aab150dc366e,2faf35a5-613e-4c47-8798-9573066c9387,7629660f-13d9-4b95-8eab-38a0071bd4fb,ec731076-08c7-431f-a81b-62399454dccf,7629660f-13d9-4b95-8eab-38a0071bd4fb,30cf47c8-b6f7-4662-9faf-0014b04d6e01,applied,,,"{""rule_name"": ""Email Sent -> Code of Conduct Sign"", ""resolved_via"": ""request""}",,2026-07-09 09:55:39.916609+00
38ae07e7-2650-4ea9-b932-eceeeeee13b2,b6906d05-56bc-4094-bb66-665b7c1527e1,12aa045e-0578-4235-80f9-79eb7c7c68ca,email_sent,0dd2c149-69e8-4586-a5d6-3df8fcb12530,3168ab09-a4a3-4b4b-bc5e-5523486db9cf,7629660f-13d9-4b95-8eab-38a0071bd4fb,ec731076-08c7-431f-a81b-62399454dccf,7629660f-13d9-4b95-8eab-38a0071bd4fb,30cf47c8-b6f7-4662-9faf-0014b04d6e01,applied,,,"{""rule_name"": ""Email Sent -> Code of Conduct Sign"", ""resolved_via"": ""request""}",,2026-07-09 09:55:52.278186+00
0f0c9e0c-62de-43af-a27e-8291726cb62c,d99c7daf-b779-4c63-adf8-084767e89826,12aa045e-0578-4235-80f9-79eb7c7c68ca,email_sent,4bb7c54c-28c5-4964-8614-e1fbe05bf1c2,eb03738d-f531-4cbe-9239-b31b3e27722d,7629660f-13d9-4b95-8eab-38a0071bd4fb,ec731076-08c7-431f-a81b-62399454dccf,7629660f-13d9-4b95-8eab-38a0071bd4fb,30cf47c8-b6f7-4662-9faf-0014b04d6e01,applied,,,"{""rule_name"": ""Email Sent -> Code of Conduct Sign"", ""resolved_via"": ""request""}",,2026-07-09 09:56:03.704229+00
61976e53-8207-4439-ab23-eaa28affa3b9,694619d4-2e06-4fa9-838a-b5c1c84ceb2e,12aa045e-0578-4235-80f9-79eb7c7c68ca,email_sent,5ebdac48-b694-40ec-b6df-48472b37d0f3,57f8cc56-ab8b-40fa-b355-dc17eda595ce,7629660f-13d9-4b95-8eab-38a0071bd4fb,ec731076-08c7-431f-a81b-62399454dccf,7629660f-13d9-4b95-8eab-38a0071bd4fb,30cf47c8-b6f7-4662-9faf-0014b04d6e01,applied,,,"{""rule_name"": ""Email Sent -> Code of Conduct Sign"", ""resolved_via"": ""request""}",,2026-07-09 09:56:16.852624+00
3963b5a3-197f-4158-915e-70198b8272ed,be980477-59d6-4394-9c9a-93418c531be1,12aa045e-0578-4235-80f9-79eb7c7c68ca,email_sent,7cb560a4-4037-4185-af85-8f3fec1f8dda,5ac8e698-b42b-49cf-90e0-88e6f3cbe1b0,7629660f-13d9-4b95-8eab-38a0071bd4fb,ec731076-08c7-431f-a81b-62399454dccf,7629660f-13d9-4b95-8eab-38a0071bd4fb,30cf47c8-b6f7-4662-9faf-0014b04d6e01,applied,,,"{""rule_name"": ""Email Sent -> Code of Conduct Sign"", ""resolved_via"": ""request""}",,2026-07-09 09:56:23.426126+00
1486e6c5-03f1-425f-9b40-25ef1af56f2d,41a8afc7-3a60-4fbd-a781-1b0653df5023,12aa045e-0578-4235-80f9-79eb7c7c68ca,email_sent,bf61a75f-1005-4174-9083-26d1232b18d4,970249cd-223d-49dd-b966-bb4fd37695b9,7629660f-13d9-4b95-8eab-38a0071bd4fb,ec731076-08c7-431f-a81b-62399454dccf,7629660f-13d9-4b95-8eab-38a0071bd4fb,30cf47c8-b6f7-4662-9faf-0014b04d6e01,applied,,,"{""rule_name"": ""Email Sent -> Code of Conduct Sign"", ""resolved_via"": ""request""}",,2026-07-09 10:33:15.888951+00
0ec12c08-504b-4857-9210-4e6f7cf5b91a,c8c14a04-68e7-41ab-a613-905df5ef9135,12aa045e-0578-4235-80f9-79eb7c7c68ca,email_sent,664c5860-9da0-45b0-b15a-a35f9e980c26,5a96a455-26b5-46c7-8493-9e1c8463f586,7629660f-13d9-4b95-8eab-38a0071bd4fb,ec731076-08c7-431f-a81b-62399454dccf,7629660f-13d9-4b95-8eab-38a0071bd4fb,30cf47c8-b6f7-4662-9faf-0014b04d6e01,applied,,,"{""rule_name"": ""Email Sent -> Code of Conduct Sign"", ""resolved_via"": ""request""}",,2026-07-09 14:05:05.584764+00
11caacc7-58fb-4c90-a63f-cab6346a204c,be980477-59d6-4394-9c9a-93418c531be1,12aa045e-0578-4235-80f9-79eb7c7c68ca,email_sent,7cb560a4-4037-4185-af85-8f3fec1f8dda,5ac8e698-b42b-49cf-90e0-88e6f3cbe1b0,7629660f-13d9-4b95-8eab-38a0071bd4fb,30cf47c8-b6f7-4662-9faf-0014b04d6e01,7629660f-13d9-4b95-8eab-38a0071bd4fb,30cf47c8-b6f7-4662-9faf-0014b04d6e01,skipped,already_in_destination,,,,2026-07-11 05:39:54.005594+00
32f8dcd7-b1ce-40cd-8c8e-e98a0cc53306,b8a6ace4-7061-4245-98c5-184daa32b201,12aa045e-0578-4235-80f9-79eb7c7c68ca,email_sent,010a30d5-58ad-466e-a80a-6413d79a630e,085d9127-876a-4ba2-873e-36fee2988e90,7629660f-13d9-4b95-8eab-38a0071bd4fb,ec731076-08c7-431f-a81b-62399454dccf,7629660f-13d9-4b95-8eab-38a0071bd4fb,30cf47c8-b6f7-4662-9faf-0014b04d6e01,applied,,,"{""rule_name"": ""Email Sent -> Code of Conduct Sign"", ""resolved_via"": ""request""}",,2026-07-11 11:54:03.008804+00
f1f3ec46-f880-427d-8b6c-35c70a854393,7a5c5192-c0ab-413e-b3c7-381bc28f5ca6,12aa045e-0578-4235-80f9-79eb7c7c68ca,email_sent,811c4c51-9e94-463c-9c3f-cf0b5fb8c896,4aa171d3-2e9f-4db3-85c9-0636e1807aeb,7629660f-13d9-4b95-8eab-38a0071bd4fb,ec731076-08c7-431f-a81b-62399454dccf,7629660f-13d9-4b95-8eab-38a0071bd4fb,30cf47c8-b6f7-4662-9faf-0014b04d6e01,applied,,,"{""rule_name"": ""Email Sent -> Code of Conduct Sign"", ""resolved_via"": ""request""}",,2026-07-12 06:07:21.436589+00
238e0ba8-0658-4c76-ad8c-ee3607082c07,c77e1821-d5f6-4fff-b94e-67eb973e1eb3,12aa045e-0578-4235-80f9-79eb7c7c68ca,email_sent,c81957b5-23f2-458d-9094-bcd1631a5bd2,d81ee388-059a-40cf-9fce-c7a4aefe43a0,7629660f-13d9-4b95-8eab-38a0071bd4fb,ec731076-08c7-431f-a81b-62399454dccf,7629660f-13d9-4b95-8eab-38a0071bd4fb,30cf47c8-b6f7-4662-9faf-0014b04d6e01,applied,,,"{""rule_name"": ""Email Sent -> Code of Conduct Sign"", ""resolved_via"": ""request""}",,2026-07-12 06:43:24.50858+00
00882881-3423-4837-a389-48094c2943c4,954fbcc9-a262-4ccd-85ae-7235b4ed8480,12aa045e-0578-4235-80f9-79eb7c7c68ca,email_sent,c9b8f2c6-1476-4861-87de-2de1bbfa11f1,99f407a0-af12-4339-b8d2-559267d4080e,7629660f-13d9-4b95-8eab-38a0071bd4fb,ec731076-08c7-431f-a81b-62399454dccf,7629660f-13d9-4b95-8eab-38a0071bd4fb,30cf47c8-b6f7-4662-9faf-0014b04d6e01,applied,,,"{""rule_name"": ""Email Sent -> Code of Conduct Sign"", ""resolved_via"": ""request""}",,2026-07-13 04:39:23.16601+00
c8da7eae-8513-4761-9b1b-b27f11f16a4c,bc11bdf3-39fd-4d42-b964-56a0eb8833d5,12aa045e-0578-4235-80f9-79eb7c7c68ca,email_sent,e1cf374c-c37f-47fe-aef1-6636377daf1d,e8798d7c-80c7-4793-8ee2-400c35773af4,7629660f-13d9-4b95-8eab-38a0071bd4fb,ec731076-08c7-431f-a81b-62399454dccf,7629660f-13d9-4b95-8eab-38a0071bd4fb,30cf47c8-b6f7-4662-9faf-0014b04d6e01,applied,,,"{""rule_name"": ""Email Sent -> Code of Conduct Sign"", ""resolved_via"": ""request""}",,2026-07-13 11:26:42.818046+00
c35ea559-aec2-4200-94ac-f2892dcd5ce4,c77e1821-d5f6-4fff-b94e-67eb973e1eb3,12aa045e-0578-4235-80f9-79eb7c7c68ca,email_sent,c81957b5-23f2-458d-9094-bcd1631a5bd2,d81ee388-059a-40cf-9fce-c7a4aefe43a0,7629660f-13d9-4b95-8eab-38a0071bd4fb,30cf47c8-b6f7-4662-9faf-0014b04d6e01,7629660f-13d9-4b95-8eab-38a0071bd4fb,30cf47c8-b6f7-4662-9faf-0014b04d6e01,skipped,already_in_destination,,,,2026-07-15 06:15:34.091001+00
c6940c58-5d24-45cf-99d4-522455e4c017,a72f711f-6e86-42e2-8e56-c550a65bbb47,12aa045e-0578-4235-80f9-79eb7c7c68ca,email_sent,cbd5fbff-8354-43fd-a4b0-3818a0761f46,8e99ec07-051f-4db3-97b5-22452acac34b,7629660f-13d9-4b95-8eab-38a0071bd4fb,ec731076-08c7-431f-a81b-62399454dccf,7629660f-13d9-4b95-8eab-38a0071bd4fb,30cf47c8-b6f7-4662-9faf-0014b04d6e01,applied,,,"{""rule_name"": ""Email Sent -> Code of Conduct Sign"", ""resolved_via"": ""request""}",,2026-07-16 08:13:08.508461+00
e7d04573-a2ab-41c5-bc3d-cd8eec4bb400,0a11cfa6-2131-4a6a-8ef5-5d9f650458c3,12aa045e-0578-4235-80f9-79eb7c7c68ca,email_sent,1a1acc24-c89e-4680-87c7-802236050f57,7a6a3b39-aa82-492b-a2ff-bbb8ec1961ea,7629660f-13d9-4b95-8eab-38a0071bd4fb,ec731076-08c7-431f-a81b-62399454dccf,7629660f-13d9-4b95-8eab-38a0071bd4fb,30cf47c8-b6f7-4662-9faf-0014b04d6e01,applied,,,"{""rule_name"": ""Email Sent -> Code of Conduct Sign"", ""resolved_via"": ""request""}",,2026-07-16 10:18:58.250106+00
26ae8ad4-8457-448d-959d-64b520552567,278fc03a-ae86-4d3a-92f5-283247fd6dbd,12aa045e-0578-4235-80f9-79eb7c7c68ca,email_sent,3d8e20f7-9765-46ef-afd4-568b1e629370,313d982d-03b1-4860-8749-6f8f426c29fb,7629660f-13d9-4b95-8eab-38a0071bd4fb,ec731076-08c7-431f-a81b-62399454dccf,7629660f-13d9-4b95-8eab-38a0071bd4fb,30cf47c8-b6f7-4662-9faf-0014b04d6e01,applied,,,"{""rule_name"": ""Email Sent -> Code of Conduct Sign"", ""resolved_via"": ""request""}",,2026-07-16 10:19:28.6864+00
f767ea7e-8a8d-4b57-91e4-527165ab0ed8,36142976-ef27-4689-9ef1-f3ba9b4ad6f4,12aa045e-0578-4235-80f9-79eb7c7c68ca,email_sent,341d1bfc-3486-4940-8f34-c26782998647,a98b22ff-07c1-437d-86bd-bef6302d1656,7629660f-13d9-4b95-8eab-38a0071bd4fb,ec731076-08c7-431f-a81b-62399454dccf,7629660f-13d9-4b95-8eab-38a0071bd4fb,30cf47c8-b6f7-4662-9faf-0014b04d6e01,applied,,,"{""rule_name"": ""Email Sent -> Code of Conduct Sign"", ""resolved_via"": ""request""}",,2026-07-16 10:20:18.18719+00
2953ffbe-c7cd-4d58-ac5a-d33dec952750,34e2fcad-238b-4989-8ef2-b33f61e713ea,12aa045e-0578-4235-80f9-79eb7c7c68ca,email_sent,b6a8c5fc-4bf6-4a04-860e-24ff9b3481bb,f2c59710-7c5b-4703-9e10-61ee6f2d05d2,7629660f-13d9-4b95-8eab-38a0071bd4fb,ec731076-08c7-431f-a81b-62399454dccf,7629660f-13d9-4b95-8eab-38a0071bd4fb,30cf47c8-b6f7-4662-9faf-0014b04d6e01,applied,,,"{""rule_name"": ""Email Sent -> Code of Conduct Sign"", ""resolved_via"": ""request""}",,2026-07-16 10:24:23.071521+00
9988fd70-4608-43d5-9d4b-fea97f05ba82,544268dc-940e-4e09-9173-6e47a32cffb3,12aa045e-0578-4235-80f9-79eb7c7c68ca,email_sent,d5f6d5c4-532b-4bac-a8db-1ffbd51a02b8,c69fba31-b6e9-4109-ac01-74ed1551ccb9,7629660f-13d9-4b95-8eab-38a0071bd4fb,ec731076-08c7-431f-a81b-62399454dccf,7629660f-13d9-4b95-8eab-38a0071bd4fb,30cf47c8-b6f7-4662-9faf-0014b04d6e01,applied,,,"{""rule_name"": ""Email Sent -> Code of Conduct Sign"", ""resolved_via"": ""request""}",,2026-07-16 10:25:35.963865+00
5bfcb7e3-28f6-48e8-9fc8-99c8c1e357d3,9dd41bcd-6de3-4a2e-8e88-308779c5c44a,12aa045e-0578-4235-80f9-79eb7c7c68ca,email_sent,5d2e233d-a729-4e4f-a016-a4013b0cd2b1,c39f9ccb-b12d-4472-9b18-90a16858b9aa,7629660f-13d9-4b95-8eab-38a0071bd4fb,ec731076-08c7-431f-a81b-62399454dccf,7629660f-13d9-4b95-8eab-38a0071bd4fb,30cf47c8-b6f7-4662-9faf-0014b04d6e01,applied,,,"{""rule_name"": ""Email Sent -> Code of Conduct Sign"", ""resolved_via"": ""request""}",,2026-07-18 07:48:37.688029+00
0a19f860-6cb5-4e3b-ae46-16742030d24c,d51ac85f-f955-4663-947c-a62ac9c5a830,12aa045e-0578-4235-80f9-79eb7c7c68ca,email_sent,af57c8b9-c4ce-4f2d-97f2-3c031139ae1b,4d79c07b-cd39-451f-b7f0-e502f368624b,7629660f-13d9-4b95-8eab-38a0071bd4fb,ec731076-08c7-431f-a81b-62399454dccf,7629660f-13d9-4b95-8eab-38a0071bd4fb,30cf47c8-b6f7-4662-9faf-0014b04d6e01,applied,,,"{""rule_name"": ""Email Sent -> Code of Conduct Sign"", ""resolved_via"": ""request""}",,2026-07-18 07:49:00.136041+00
470284ff-b9c6-4f66-b86e-86fe6a21d771,0a11cfa6-2131-4a6a-8ef5-5d9f650458c3,12aa045e-0578-4235-80f9-79eb7c7c68ca,email_sent,1a1acc24-c89e-4680-87c7-802236050f57,7a6a3b39-aa82-492b-a2ff-bbb8ec1961ea,7629660f-13d9-4b95-8eab-38a0071bd4fb,30cf47c8-b6f7-4662-9faf-0014b04d6e01,7629660f-13d9-4b95-8eab-38a0071bd4fb,30cf47c8-b6f7-4662-9faf-0014b04d6e01,skipped,already_in_destination,,,,2026-07-19 01:16:39.832036+00
11842b46-7e6e-4c25-9372-32e0a8835f1b,8854ac96-49dd-4805-94ae-d236551005da,12aa045e-0578-4235-80f9-79eb7c7c68ca,email_sent,31bce5c9-eca9-40f9-9fb9-235e24d37a69,ce5beefc-f882-4bd3-90b7-c4c1a5769601,,,,,skipped,already_applied_for_request,,,,2026-07-20 12:01:14.400833+00
9c3906fc-daff-4149-90f3-25a8b4fd1855,4d4a24fc-5368-416e-aba6-94351c77317e,12aa045e-0578-4235-80f9-79eb7c7c68ca,email_sent,a56f23e0-bc83-4a91-a8fe-a7bdcdaeff2c,107e9836-a714-4e52-bc65-526c91b7e5ab,,,,,skipped,already_applied_for_request,,,,2026-07-20 12:07:15.647628+00
7d6394c1-be70-412c-9b54-406857630d21,4d4a24fc-5368-416e-aba6-94351c77317e,12aa045e-0578-4235-80f9-79eb7c7c68ca,email_sent,a56f23e0-bc83-4a91-a8fe-a7bdcdaeff2c,107e9836-a714-4e52-bc65-526c91b7e5ab,,,,,skipped,already_applied_for_request,,,,2026-07-20 12:07:48.840985+00
f39ea903-ed2e-482e-b67a-a934d9b0c8bf,c77e1821-d5f6-4fff-b94e-67eb973e1eb3,12aa045e-0578-4235-80f9-79eb7c7c68ca,email_sent,c81957b5-23f2-458d-9094-bcd1631a5bd2,d81ee388-059a-40cf-9fce-c7a4aefe43a0,7629660f-13d9-4b95-8eab-38a0071bd4fb,30cf47c8-b6f7-4662-9faf-0014b04d6e01,7629660f-13d9-4b95-8eab-38a0071bd4fb,30cf47c8-b6f7-4662-9faf-0014b04d6e01,skipped,already_in_destination,,,,2026-07-20 13:41:21.044995+00
0d56ea9e-0b93-4433-9268-38aacfd3ced6,c122210d-cb3b-4a0a-8a73-083d99e8c007,12aa045e-0578-4235-80f9-79eb7c7c68ca,email_sent,3708bee6-d12c-45dc-b147-01d81398cd94,da121acb-8f57-4101-98b5-b4dddb6a709c,7629660f-13d9-4b95-8eab-38a0071bd4fb,ec731076-08c7-431f-a81b-62399454dccf,7629660f-13d9-4b95-8eab-38a0071bd4fb,30cf47c8-b6f7-4662-9faf-0014b04d6e01,applied,,,"{""rule_name"": ""Email Sent -> Code of Conduct Sign"", ""resolved_via"": ""request""}",,2026-07-21 05:19:56.93727+00
b7573e25-fd41-44c0-9655-285efd273105,5ddf7fcb-6495-4798-ac4d-11fe35b1c1c8,12aa045e-0578-4235-80f9-79eb7c7c68ca,email_sent,1b584b98-084a-46ff-9a38-0fe9374add3e,8975f3cd-d66f-4fae-bbf2-bc6cf6898243,7629660f-13d9-4b95-8eab-38a0071bd4fb,ec731076-08c7-431f-a81b-62399454dccf,7629660f-13d9-4b95-8eab-38a0071bd4fb,30cf47c8-b6f7-4662-9faf-0014b04d6e01,applied,,,"{""rule_name"": ""Email Sent -> Code of Conduct Sign"", ""resolved_via"": ""request""}",,2026-07-21 05:20:35.380921+00
01092f3d-5c87-4c43-a023-1e46da9979e7,855df99f-da95-4678-bde2-2714f3fb5fc6,12aa045e-0578-4235-80f9-79eb7c7c68ca,email_sent,3ef7e8f2-3731-46b4-b653-ffa720768cd6,2c5faace-783e-4332-a2ca-03f14000801d,7629660f-13d9-4b95-8eab-38a0071bd4fb,ec731076-08c7-431f-a81b-62399454dccf,7629660f-13d9-4b95-8eab-38a0071bd4fb,30cf47c8-b6f7-4662-9faf-0014b04d6e01,applied,,,"{""rule_name"": ""Email Sent -> Code of Conduct Sign"", ""resolved_via"": ""request""}",,2026-07-21 05:20:45.033509+00
e0fb47a4-c3f4-4e82-88f7-3a8e01a51d85,27988b90-3b48-4250-baf5-ba49de09652c,12aa045e-0578-4235-80f9-79eb7c7c68ca,email_sent,c47c0256-e45f-44a6-b826-e036e6e1e7bc,bd33eac1-bcc0-4bb2-9641-2ff2c66f0578,7629660f-13d9-4b95-8eab-38a0071bd4fb,ec731076-08c7-431f-a81b-62399454dccf,7629660f-13d9-4b95-8eab-38a0071bd4fb,30cf47c8-b6f7-4662-9faf-0014b04d6e01,applied,,,"{""rule_name"": ""Email Sent -> Code of Conduct Sign"", ""resolved_via"": ""request""}",,2026-07-21 05:20:56.786517+00
a1f5ce97-d641-462c-a30a-2bff85e7a609,515da1ee-4ae2-4749-8ef8-d5b40b75f56d,12aa045e-0578-4235-80f9-79eb7c7c68ca,email_sent,b6959426-427c-4c34-8267-ff47dfebf6c4,60c7dca6-5d38-411c-a5c9-73965c908924,7629660f-13d9-4b95-8eab-38a0071bd4fb,ec731076-08c7-431f-a81b-62399454dccf,7629660f-13d9-4b95-8eab-38a0071bd4fb,30cf47c8-b6f7-4662-9faf-0014b04d6e01,applied,,,"{""rule_name"": ""Email Sent -> Code of Conduct Sign"", ""resolved_via"": ""request""}",,2026-07-21 05:21:05.647579+00
7138cbea-fdcc-4e11-bec9-82424fc4d43c,482444aa-a2cd-4cf0-bf3b-e21f96c78977,12aa045e-0578-4235-80f9-79eb7c7c68ca,email_sent,6c8826fd-7189-4ad2-a6d1-7eecaf5f9942,0030f63a-b7b1-4e52-8eba-087fc6da57b0,,,,,skipped,already_applied_for_request,,,,2026-07-22 02:31:36.462992+00
9f1bd46c-eff6-4e44-bf99-f711b2dce3e8,482444aa-a2cd-4cf0-bf3b-e21f96c78977,12aa045e-0578-4235-80f9-79eb7c7c68ca,email_sent,6c8826fd-7189-4ad2-a6d1-7eecaf5f9942,0030f63a-b7b1-4e52-8eba-087fc6da57b0,,,,,skipped,already_applied_for_request,,,,2026-07-22 03:11:47.260565+00
03ddcd42-3e56-4ec8-a6fc-f79852f22348,482444aa-a2cd-4cf0-bf3b-e21f96c78977,12aa045e-0578-4235-80f9-79eb7c7c68ca,email_sent,6c8826fd-7189-4ad2-a6d1-7eecaf5f9942,0030f63a-b7b1-4e52-8eba-087fc6da57b0,,,,,skipped,already_applied_for_request,,,,2026-07-22 03:28:16.296003+00
f8e3aad2-6ed4-4038-b20b-77c26fc79565,515da1ee-4ae2-4749-8ef8-d5b40b75f56d,12aa045e-0578-4235-80f9-79eb7c7c68ca,email_sent,b6959426-427c-4c34-8267-ff47dfebf6c4,60c7dca6-5d38-411c-a5c9-73965c908924,7629660f-13d9-4b95-8eab-38a0071bd4fb,30cf47c8-b6f7-4662-9faf-0014b04d6e01,7629660f-13d9-4b95-8eab-38a0071bd4fb,30cf47c8-b6f7-4662-9faf-0014b04d6e01,skipped,already_in_destination,,,,2026-07-22 06:51:28.626363+00
a211bd03-a8f1-4b7f-a3f7-811437728d8d,27988b90-3b48-4250-baf5-ba49de09652c,12aa045e-0578-4235-80f9-79eb7c7c68ca,email_sent,c47c0256-e45f-44a6-b826-e036e6e1e7bc,bd33eac1-bcc0-4bb2-9641-2ff2c66f0578,7629660f-13d9-4b95-8eab-38a0071bd4fb,30cf47c8-b6f7-4662-9faf-0014b04d6e01,7629660f-13d9-4b95-8eab-38a0071bd4fb,30cf47c8-b6f7-4662-9faf-0014b04d6e01,skipped,already_in_destination,,,,2026-07-22 07:21:06.084407+00
ef622255-0631-4dda-bf81-7aa47120989b,34e2fcad-238b-4989-8ef2-b33f61e713ea,12aa045e-0578-4235-80f9-79eb7c7c68ca,email_sent,b6a8c5fc-4bf6-4a04-860e-24ff9b3481bb,f2c59710-7c5b-4703-9e10-61ee6f2d05d2,7629660f-13d9-4b95-8eab-38a0071bd4fb,30cf47c8-b6f7-4662-9faf-0014b04d6e01,7629660f-13d9-4b95-8eab-38a0071bd4fb,30cf47c8-b6f7-4662-9faf-0014b04d6e01,skipped,already_in_destination,,,,2026-07-22 07:41:24.219926+00
81ea3c84-bf79-41d6-a943-15253cb7f386,597c7bbc-bb0e-4ef8-83d9-b8584eb7c413,12aa045e-0578-4235-80f9-79eb7c7c68ca,email_sent,2e245d6a-24b9-4965-b81f-ef3419597c6f,6efccefc-5c6e-409d-9b17-7b8abc6d343d,7629660f-13d9-4b95-8eab-38a0071bd4fb,ec731076-08c7-431f-a81b-62399454dccf,7629660f-13d9-4b95-8eab-38a0071bd4fb,30cf47c8-b6f7-4662-9faf-0014b04d6e01,applied,,,"{""rule_name"": ""Email Sent -> Code of Conduct Sign"", ""resolved_via"": ""request""}",,2026-07-22 09:39:30.794421+00
73bf4393-923f-4585-9b1d-962fcf242eef,546a0ad4-4658-475f-a9a8-7eeddbb7b43c,12aa045e-0578-4235-80f9-79eb7c7c68ca,email_sent,425b09aa-3875-4046-aca4-3a371e9bd7be,1381145d-c45d-4451-a3eb-317b430b7f9f,7629660f-13d9-4b95-8eab-38a0071bd4fb,1302273e-92a5-4ba6-8ac1-59d3c54a0ee7,7629660f-13d9-4b95-8eab-38a0071bd4fb,30cf47c8-b6f7-4662-9faf-0014b04d6e01,applied,,,"{""rule_name"": ""Email Sent -> Code of Conduct Sign"", ""resolved_via"": ""request""}",,2026-07-22 09:41:55.655768+00
c980e471-f42e-4266-bb68-ebec1d5d22e6,8934ad91-f0bd-493d-97d7-3458a977c338,12aa045e-0578-4235-80f9-79eb7c7c68ca,email_sent,fbb7df73-8363-4f50-86dd-2b4e62c3435c,0d64e756-9a84-4efd-8790-04e4663cc78e,7629660f-13d9-4b95-8eab-38a0071bd4fb,ec731076-08c7-431f-a81b-62399454dccf,7629660f-13d9-4b95-8eab-38a0071bd4fb,30cf47c8-b6f7-4662-9faf-0014b04d6e01,applied,,,"{""rule_name"": ""Email Sent -> Code of Conduct Sign"", ""resolved_via"": ""request""}",,2026-07-22 15:18:50.70462+00
7ffe13ee-19b3-457b-a423-303041a49298,3f9cd5dd-11aa-401e-9dd2-15cd360d4f82,12aa045e-0578-4235-80f9-79eb7c7c68ca,email_sent,42f07312-3d08-4eac-95a5-d3716d70500e,c1492d3b-0004-4b3c-96f8-07613efadf69,7629660f-13d9-4b95-8eab-38a0071bd4fb,ec731076-08c7-431f-a81b-62399454dccf,7629660f-13d9-4b95-8eab-38a0071bd4fb,30cf47c8-b6f7-4662-9faf-0014b04d6e01,applied,,,"{""rule_name"": ""Email Sent -> Code of Conduct Sign"", ""resolved_via"": ""request""}",,2026-07-22 17:41:49.453901+00
21fc1794-356f-48c3-be50-1620338a5a99,b2273475-bd5c-48e0-93f2-681e60cad6ee,12aa045e-0578-4235-80f9-79eb7c7c68ca,email_sent,9b1d12d1-c5b4-4859-8bb3-b25c032b1239,3e78d498-55aa-4cd2-a210-9a90a3edc251,7629660f-13d9-4b95-8eab-38a0071bd4fb,ec731076-08c7-431f-a81b-62399454dccf,7629660f-13d9-4b95-8eab-38a0071bd4fb,30cf47c8-b6f7-4662-9faf-0014b04d6e01,applied,,,"{""rule_name"": ""Email Sent -> Code of Conduct Sign"", ""resolved_via"": ""request""}",,2026-07-23 07:07:16.540073+00
6d64ff91-eea6-4e69-9094-536732dfac5c,23163f08-c96c-420c-9584-f1593080dfde,12aa045e-0578-4235-80f9-79eb7c7c68ca,email_sent,34770b56-b767-43a1-a2f4-b13ddce30372,3b0a0ea0-5394-4eec-8cd9-255a0ea6af9e,7629660f-13d9-4b95-8eab-38a0071bd4fb,ec731076-08c7-431f-a81b-62399454dccf,7629660f-13d9-4b95-8eab-38a0071bd4fb,30cf47c8-b6f7-4662-9faf-0014b04d6e01,applied,,,"{""rule_name"": ""Email Sent -> Code of Conduct Sign"", ""resolved_via"": ""request""}",,2026-07-23 07:07:46.915968+00
da19d3b6-0ddf-4b02-881d-10ddaabdd129,51eed506-2f7c-4f9f-9bad-d959d4ab2499,12aa045e-0578-4235-80f9-79eb7c7c68ca,email_sent,8aa27a4d-f881-40df-a525-2f1fbc62f7c7,7d111ec2-7058-43e2-af36-0fdca7f7c12b,7629660f-13d9-4b95-8eab-38a0071bd4fb,ec731076-08c7-431f-a81b-62399454dccf,7629660f-13d9-4b95-8eab-38a0071bd4fb,30cf47c8-b6f7-4662-9faf-0014b04d6e01,applied,,,"{""rule_name"": ""Email Sent -> Code of Conduct Sign"", ""resolved_via"": ""request""}",,2026-07-23 07:08:19.643207+00
768cf23f-f441-41c9-b54e-f1e1c3a7d40a,66d33a99-b11e-444e-8496-450e5561103b,12aa045e-0578-4235-80f9-79eb7c7c68ca,email_sent,b58dc863-7651-4fe7-905b-78e596c9c49b,33dba899-de7d-4b29-a840-5cc1d174eaf2,7629660f-13d9-4b95-8eab-38a0071bd4fb,ec731076-08c7-431f-a81b-62399454dccf,7629660f-13d9-4b95-8eab-38a0071bd4fb,30cf47c8-b6f7-4662-9faf-0014b04d6e01,applied,,,"{""rule_name"": ""Email Sent -> Code of Conduct Sign"", ""resolved_via"": ""request""}",,2026-07-23 11:58:42.47432+00
1f2b8d42-839c-4f2a-aa1e-7a3d7d4c7897,eaf89fd6-d8d1-4874-8330-b91eaefb8419,12aa045e-0578-4235-80f9-79eb7c7c68ca,email_sent,366644b9-f471-4cae-b899-98dd88b04b6b,03b711e5-3910-48c8-8c00-d082ff1e58ee,7629660f-13d9-4b95-8eab-38a0071bd4fb,ec731076-08c7-431f-a81b-62399454dccf,7629660f-13d9-4b95-8eab-38a0071bd4fb,30cf47c8-b6f7-4662-9faf-0014b04d6e01,applied,,,"{""rule_name"": ""Email Sent -> Code of Conduct Sign"", ""resolved_via"": ""request""}",,2026-07-23 12:33:51.044033+00
ffe6b3ec-d070-431b-9b60-750313a6caa4,cd21ef88-3790-4281-b5e9-fd3b4a278ac4,12aa045e-0578-4235-80f9-79eb7c7c68ca,email_sent,c7c9231d-4180-4a60-8643-3d6741999751,d0371f46-0a18-48bf-a2a7-52b570f9d0ee,7629660f-13d9-4b95-8eab-38a0071bd4fb,ec731076-08c7-431f-a81b-62399454dccf,7629660f-13d9-4b95-8eab-38a0071bd4fb,30cf47c8-b6f7-4662-9faf-0014b04d6e01,applied,,,"{""rule_name"": ""Email Sent -> Code of Conduct Sign"", ""resolved_via"": ""request""}",,2026-07-23 12:42:59.793394+00
adbe304f-1c4a-43ee-b124-af81a0ebf3fa,a7edd551-dea4-4cc0-b770-d87f2a255ffd,12aa045e-0578-4235-80f9-79eb7c7c68ca,email_sent,6407f0cc-1d94-440d-8d68-bbdae884f54d,6940d9e2-6e16-48a5-929b-3f50456acf24,7629660f-13d9-4b95-8eab-38a0071bd4fb,ec731076-08c7-431f-a81b-62399454dccf,7629660f-13d9-4b95-8eab-38a0071bd4fb,30cf47c8-b6f7-4662-9faf-0014b04d6e01,applied,,,"{""rule_name"": ""Email Sent -> Code of Conduct Sign"", ""resolved_via"": ""request""}",,2026-07-28 04:49:58.950846+00
6820f11f-a4a8-427d-840e-868415628b65,be980477-59d6-4394-9c9a-93418c531be1,12aa045e-0578-4235-80f9-79eb7c7c68ca,email_sent,7cb560a4-4037-4185-af85-8f3fec1f8dda,5ac8e698-b42b-49cf-90e0-88e6f3cbe1b0,7629660f-13d9-4b95-8eab-38a0071bd4fb,30cf47c8-b6f7-4662-9faf-0014b04d6e01,7629660f-13d9-4b95-8eab-38a0071bd4fb,30cf47c8-b6f7-4662-9faf-0014b04d6e01,skipped,already_in_destination,,,,2026-07-28 06:51:03.526521+00
d2a334f5-f0c4-4858-986a-55359b5c24de,25f3b9de-2648-412d-84c6-df594490bcb7,12aa045e-0578-4235-80f9-79eb7c7c68ca,email_sent,47d90bb6-22f2-4c75-aa4a-5ed3d31ff64c,2797bb54-8749-4331-8a30-510d53b61782,7629660f-13d9-4b95-8eab-38a0071bd4fb,ec731076-08c7-431f-a81b-62399454dccf,7629660f-13d9-4b95-8eab-38a0071bd4fb,30cf47c8-b6f7-4662-9faf-0014b04d6e01,applied,,,"{""rule_name"": ""Email Sent -> Code of Conduct Sign"", ""resolved_via"": ""request""}",,2026-07-29 17:44:21.596241+00
9fec6927-b24d-46c4-bd1c-bc0961a860bb,053bb80e-c1c9-44de-b855-7f96801d33dc,12aa045e-0578-4235-80f9-79eb7c7c68ca,email_sent,b4d99848-32b1-425b-b95a-0cbb70c63b70,34b17685-4e1c-42bd-8d20-9a5d19d385c1,7629660f-13d9-4b95-8eab-38a0071bd4fb,ec731076-08c7-431f-a81b-62399454dccf,7629660f-13d9-4b95-8eab-38a0071bd4fb,30cf47c8-b6f7-4662-9faf-0014b04d6e01,applied,,,"{""rule_name"": ""Email Sent -> Code of Conduct Sign"", ""resolved_via"": ""request""}",,2026-07-30 06:35:14.455395+00
577c6924-13e4-4281-8bbd-202f15267bbe,6c6059ac-4461-4412-9999-3e5e1040c010,12aa045e-0578-4235-80f9-79eb7c7c68ca,email_sent,d18b06ae-f93c-4d35-afc8-772444452d77,93091662-af0f-42cb-837f-dd789132a3d9,7629660f-13d9-4b95-8eab-38a0071bd4fb,ec731076-08c7-431f-a81b-62399454dccf,7629660f-13d9-4b95-8eab-38a0071bd4fb,30cf47c8-b6f7-4662-9faf-0014b04d6e01,applied,,,"{""rule_name"": ""Email Sent -> Code of Conduct Sign"", ""resolved_via"": ""request""}",,2026-07-30 11:52:57.482075+00
13ec32b6-f944-457a-b8ea-d8980194d29b,089dc4d5-65aa-40cf-bdd7-e5cb8039c1a0,12aa045e-0578-4235-80f9-79eb7c7c68ca,email_sent,9622f1d7-4f63-4195-8aaa-6add8fe2854c,ecb48d49-0b40-46da-b049-fa89185c5476,7629660f-13d9-4b95-8eab-38a0071bd4fb,ec731076-08c7-431f-a81b-62399454dccf,7629660f-13d9-4b95-8eab-38a0071bd4fb,30cf47c8-b6f7-4662-9faf-0014b04d6e01,applied,,,"{""rule_name"": ""Email Sent -> Code of Conduct Sign"", ""resolved_via"": ""request""}",,2026-07-30 11:53:08.23043+00
eed6089b-5840-4c00-a56a-f33f2069631d,8f0ae694-097d-4b25-9243-dc0534d35526,12aa045e-0578-4235-80f9-79eb7c7c68ca,email_sent,3b75e39e-5c37-4cd7-8965-00ad287cc2bd,cff69731-21d5-45a7-add8-601870a2d232,7629660f-13d9-4b95-8eab-38a0071bd4fb,ec731076-08c7-431f-a81b-62399454dccf,7629660f-13d9-4b95-8eab-38a0071bd4fb,30cf47c8-b6f7-4662-9faf-0014b04d6e01,applied,,,"{""rule_name"": ""Email Sent -> Code of Conduct Sign"", ""resolved_via"": ""request""}",,2026-07-30 11:53:21.41463+00
f2a2d05d-1315-49a9-977a-22951195d536,b55d102b-c2a2-44fa-ad73-8e4b8831002b,12aa045e-0578-4235-80f9-79eb7c7c68ca,email_sent,0d225be5-236f-4b82-a9b0-991426967b6a,8c75be0c-a3a4-48e9-a7dd-83283bd47707,7629660f-13d9-4b95-8eab-38a0071bd4fb,ec731076-08c7-431f-a81b-62399454dccf,7629660f-13d9-4b95-8eab-38a0071bd4fb,30cf47c8-b6f7-4662-9faf-0014b04d6e01,applied,,,"{""rule_name"": ""Email Sent -> Code of Conduct Sign"", ""resolved_via"": ""request""}",,2026-07-30 11:53:36.20576+00
0c3fa4f1-f92b-4656-9489-52ae822a7c2e,7b1eb4f9-0d9b-40e6-822d-33e1e49ddc86,12aa045e-0578-4235-80f9-79eb7c7c68ca,email_sent,75b8a38d-a55d-4cbd-86cb-61ae4facb03b,f3bd1821-6ac6-4fbc-8411-8b1586d88b0f,7629660f-13d9-4b95-8eab-38a0071bd4fb,ec731076-08c7-431f-a81b-62399454dccf,7629660f-13d9-4b95-8eab-38a0071bd4fb,30cf47c8-b6f7-4662-9faf-0014b04d6e01,applied,,,"{""rule_name"": ""Email Sent -> Code of Conduct Sign"", ""resolved_via"": ""request""}",,2026-07-30 11:53:54.533304+00
15b6def2-5834-4db7-8153-3fe940940126,35cb003d-62ba-42aa-bf09-d5fcd88c805e,12aa045e-0578-4235-80f9-79eb7c7c68ca,email_sent,4fc50d29-df6f-4945-b740-9523b1e16cf4,27675fdc-4f48-43b9-b165-d49fd45769c3,7629660f-13d9-4b95-8eab-38a0071bd4fb,ec731076-08c7-431f-a81b-62399454dccf,7629660f-13d9-4b95-8eab-38a0071bd4fb,30cf47c8-b6f7-4662-9faf-0014b04d6e01,applied,,,"{""rule_name"": ""Email Sent -> Code of Conduct Sign"", ""resolved_via"": ""request""}",,2026-07-31 06:20:51.571836+00
1dba25d8-aab9-4ad1-bef0-7a9eb43c7ccc,77753053-ff11-47cd-8103-663c45189ae2,12aa045e-0578-4235-80f9-79eb7c7c68ca,email_sent,5fe64504-bea4-4806-8a78-84db7d3393d8,02a4e7cb-72ec-40ae-ad87-02ab3a0b796c,7629660f-13d9-4b95-8eab-38a0071bd4fb,ec731076-08c7-431f-a81b-62399454dccf,7629660f-13d9-4b95-8eab-38a0071bd4fb,30cf47c8-b6f7-4662-9faf-0014b04d6e01,applied,,,"{""rule_name"": ""Email Sent -> Code of Conduct Sign"", ""resolved_via"": ""request""}",,2026-07-31 06:21:24.571003+00
0ee4a9e9-6a16-460b-aa0e-bbbbdf6c00d7,6086e614-1ec4-42ad-8a9c-6c639e784b0e,12aa045e-0578-4235-80f9-79eb7c7c68ca,email_sent,50880405-c6e9-4881-946d-fd69e6074106,e8f3acd9-09b3-47ca-a9b7-6acaca5ef181,7629660f-13d9-4b95-8eab-38a0071bd4fb,ec731076-08c7-431f-a81b-62399454dccf,7629660f-13d9-4b95-8eab-38a0071bd4fb,30cf47c8-b6f7-4662-9faf-0014b04d6e01,applied,,,"{""rule_name"": ""Email Sent -> Code of Conduct Sign"", ""resolved_via"": ""request""}",,2026-08-01 13:51:46.056287+00
76620588-2436-4045-bb7f-b55b94207ab2,d934330f-49bd-4a98-9527-6e102f4a833f,12aa045e-0578-4235-80f9-79eb7c7c68ca,email_sent,ea9bd4ba-ec39-45b8-8143-7c2d485d8120,89be5cb9-ecea-4371-8c98-607bbc7ce4d1,7629660f-13d9-4b95-8eab-38a0071bd4fb,ec731076-08c7-431f-a81b-62399454dccf,7629660f-13d9-4b95-8eab-38a0071bd4fb,30cf47c8-b6f7-4662-9faf-0014b04d6e01,applied,,,"{""rule_name"": ""Email Sent -> Code of Conduct Sign"", ""resolved_via"": ""request""}",,2026-08-01 14:19:06.841683+00
ac317923-1fcc-44e0-a01f-749ef532d831,110eb586-b45d-47bc-a53e-0744b8f412eb,12aa045e-0578-4235-80f9-79eb7c7c68ca,email_sent,61809d4e-4358-4337-a0a3-d3f5f59637ac,c7d331f5-20be-430a-adcc-4ace9c33ab85,7629660f-13d9-4b95-8eab-38a0071bd4fb,ec731076-08c7-431f-a81b-62399454dccf,7629660f-13d9-4b95-8eab-38a0071bd4fb,30cf47c8-b6f7-4662-9faf-0014b04d6e01,applied,,,"{""rule_name"": ""Email Sent -> Code of Conduct Sign"", ""resolved_via"": ""request""}",,2026-08-04 12:30:25.569941+00
9c0a5687-8cf9-4135-b535-5ef4f7fcd842,110eb586-b45d-47bc-a53e-0744b8f412eb,12aa045e-0578-4235-80f9-79eb7c7c68ca,email_sent,61809d4e-4358-4337-a0a3-d3f5f59637ac,c7d331f5-20be-430a-adcc-4ace9c33ab85,7629660f-13d9-4b95-8eab-38a0071bd4fb,30cf47c8-b6f7-4662-9faf-0014b04d6e01,7629660f-13d9-4b95-8eab-38a0071bd4fb,30cf47c8-b6f7-4662-9faf-0014b04d6e01,skipped,already_in_destination,,,,2026-08-04 12:31:59.517289+00
3a64a1bb-3ddf-4b46-9c8f-9c6e6bab3128,28d144c1-b460-46fd-9f87-ec0a1a38316f,12aa045e-0578-4235-80f9-79eb7c7c68ca,email_sent,bb12d265-85e0-4d0f-863f-fe21632dc02f,0e107046-a1b7-4535-bcc7-b42ce47c4435,7629660f-13d9-4b95-8eab-38a0071bd4fb,ec731076-08c7-431f-a81b-62399454dccf,7629660f-13d9-4b95-8eab-38a0071bd4fb,30cf47c8-b6f7-4662-9faf-0014b04d6e01,applied,,,"{""rule_name"": ""Email Sent -> Code of Conduct Sign"", ""resolved_via"": ""request""}",,2026-08-04 12:33:29.064055+00
7031ad57-23bd-4e98-bfd3-f4790309dc3b,e404ded5-7f7a-4698-a38d-15a97f9edd41,12aa045e-0578-4235-80f9-79eb7c7c68ca,email_sent,d3a713e6-4191-4d9c-9e1b-4ff36c303f58,e117364a-d4a0-47a6-b49f-8ffbd8ac23d7,7629660f-13d9-4b95-8eab-38a0071bd4fb,ec731076-08c7-431f-a81b-62399454dccf,7629660f-13d9-4b95-8eab-38a0071bd4fb,30cf47c8-b6f7-4662-9faf-0014b04d6e01,applied,,,"{""rule_name"": ""Email Sent -> Code of Conduct Sign"", ""resolved_via"": ""request""}",,2026-08-05 17:03:07.84962+00
d0fcbf25-b1af-481d-b694-8bca17649ce8,dfeea292-b27c-4385-a209-85003ca5e02b,12aa045e-0578-4235-80f9-79eb7c7c68ca,email_sent,885064aa-4b3d-4802-a876-ce7bed70abdf,8f441a05-8b44-43d4-945f-8ec66314e8da,7629660f-13d9-4b95-8eab-38a0071bd4fb,ec731076-08c7-431f-a81b-62399454dccf,7629660f-13d9-4b95-8eab-38a0071bd4fb,30cf47c8-b6f7-4662-9faf-0014b04d6e01,applied,,,"{""rule_name"": ""Email Sent -> Code of Conduct Sign"", ""resolved_via"": ""request""}",,2026-08-06 04:10:51.715016+00
1011be1e-8656-4e1a-a046-d798592f442c,7d91c71a-a6b7-40ae-b44b-27fdaad6cb65,12aa045e-0578-4235-80f9-79eb7c7c68ca,email_sent,14e25cee-faa7-4fec-98ef-99323ab0817e,40314647-189a-4ebf-a094-d3845475ae7d,7629660f-13d9-4b95-8eab-38a0071bd4fb,ec731076-08c7-431f-a81b-62399454dccf,7629660f-13d9-4b95-8eab-38a0071bd4fb,30cf47c8-b6f7-4662-9faf-0014b04d6e01,applied,,,"{""rule_name"": ""Email Sent -> Code of Conduct Sign"", ""resolved_via"": ""request""}",,2026-08-06 04:11:01.479142+00
38c30a25-302c-482f-8795-0edb81780dec,482444aa-a2cd-4cf0-bf3b-e21f96c78977,12aa045e-0578-4235-80f9-79eb7c7c68ca,email_sent,6c8826fd-7189-4ad2-a6d1-7eecaf5f9942,0030f63a-b7b1-4e52-8eba-087fc6da57b0,,,,,skipped,already_applied_for_request,,,,2026-08-06 11:25:36.87663+00
d76d4976-851f-4d61-be0d-e323416c083e,482444aa-a2cd-4cf0-bf3b-e21f96c78977,12aa045e-0578-4235-80f9-79eb7c7c68ca,email_sent,6c8826fd-7189-4ad2-a6d1-7eecaf5f9942,0030f63a-b7b1-4e52-8eba-087fc6da57b0,,,,,skipped,already_applied_for_request,,,,2026-08-06 11:26:34.959449+00
afd6b02f-ebd5-437e-b215-da5ad2920b30,9c5141d1-9417-449f-a90e-44c84bc6c764,12aa045e-0578-4235-80f9-79eb7c7c68ca,email_sent,a12aeb12-6247-4fe9-8d31-da018bf82581,71688a9c-c384-4f52-a4c1-6db1ff5193bb,7629660f-13d9-4b95-8eab-38a0071bd4fb,ec731076-08c7-431f-a81b-62399454dccf,7629660f-13d9-4b95-8eab-38a0071bd4fb,30cf47c8-b6f7-4662-9faf-0014b04d6e01,applied,,,"{""rule_name"": ""Email Sent -> Code of Conduct Sign"", ""resolved_via"": ""request""}",,2026-08-06 12:51:03.363752+00
ef748fcf-8f8a-4d52-860c-d3f50f0b2def,9cfacc32-cc89-44b2-96df-a72b2caef0bc,12aa045e-0578-4235-80f9-79eb7c7c68ca,email_sent,67a3d41d-d3a9-4d63-a488-5f95271ac91c,af9696fd-7e75-4d8f-a147-c9405348f5ed,7629660f-13d9-4b95-8eab-38a0071bd4fb,ec731076-08c7-431f-a81b-62399454dccf,7629660f-13d9-4b95-8eab-38a0071bd4fb,30cf47c8-b6f7-4662-9faf-0014b04d6e01,applied,,,"{""rule_name"": ""Email Sent -> Code of Conduct Sign"", ""resolved_via"": ""request""}",,2026-08-06 12:52:59.114025+00
e46851ec-947e-47a5-9e1e-aca1444f9e68,89c9ef98-2aa1-4e08-90f8-35a385bc009d,12aa045e-0578-4235-80f9-79eb7c7c68ca,email_sent,00425a61-ca9b-47dd-ac66-6d867295f3ad,cd9e8e80-6aa4-400e-bd34-15afcfe26c80,7629660f-13d9-4b95-8eab-38a0071bd4fb,ec731076-08c7-431f-a81b-62399454dccf,7629660f-13d9-4b95-8eab-38a0071bd4fb,30cf47c8-b6f7-4662-9faf-0014b04d6e01,applied,,,"{""rule_name"": ""Email Sent -> Code of Conduct Sign"", ""resolved_via"": ""request""}",,2026-08-06 12:55:58.425606+00
4afca7b9-3b60-4ac1-9494-e908bcb214d2,9a030fc6-ff3a-492b-80df-1d50b69066e3,12aa045e-0578-4235-80f9-79eb7c7c68ca,email_sent,6469ea3b-9ed9-4634-800b-b9c318e1144f,e8355bf6-7330-47ed-8bac-806fa9262a7f,7629660f-13d9-4b95-8eab-38a0071bd4fb,ec731076-08c7-431f-a81b-62399454dccf,7629660f-13d9-4b95-8eab-38a0071bd4fb,30cf47c8-b6f7-4662-9faf-0014b04d6e01,applied,,,"{""rule_name"": ""Email Sent -> Code of Conduct Sign"", ""resolved_via"": ""request""}",,2026-08-06 12:57:08.677353+00
7104fa8a-c137-4dc1-9d5e-b16723d6da87,225343e3-d2a4-4ab5-a489-ebec1b334063,12aa045e-0578-4235-80f9-79eb7c7c68ca,email_sent,972a5b0c-5130-4171-ae74-bd17fe9b69b4,35260e13-fac4-40d9-b7a2-0318e8073689,7629660f-13d9-4b95-8eab-38a0071bd4fb,ec731076-08c7-431f-a81b-62399454dccf,7629660f-13d9-4b95-8eab-38a0071bd4fb,30cf47c8-b6f7-4662-9faf-0014b04d6e01,applied,,,"{""rule_name"": ""Email Sent -> Code of Conduct Sign"", ""resolved_via"": ""request""}",,2026-08-06 12:58:17.215306+00
fd375375-0c10-4836-a3f4-df6f053c9b42,032eaf18-591a-46b8-b824-980080958ee9,12aa045e-0578-4235-80f9-79eb7c7c68ca,email_sent,02c2a994-f354-4f71-bf22-c09c59455960,74e19086-7834-4da6-96d3-cdf5ca366170,7629660f-13d9-4b95-8eab-38a0071bd4fb,ec731076-08c7-431f-a81b-62399454dccf,7629660f-13d9-4b95-8eab-38a0071bd4fb,30cf47c8-b6f7-4662-9faf-0014b04d6e01,applied,,,"{""rule_name"": ""Email Sent -> Code of Conduct Sign"", ""resolved_via"": ""request""}",,2026-08-06 12:59:04.840526+00
546b2dc4-cc74-4593-9d61-bc9629e9dbc8,c3f5ab71-1bb9-46fc-af04-f95dcedaf388,12aa045e-0578-4235-80f9-79eb7c7c68ca,email_sent,9544ad30-c9fe-4dde-bdaf-76442bf95c8a,252a64db-ae42-4d26-9385-618608df06e2,7629660f-13d9-4b95-8eab-38a0071bd4fb,ec731076-08c7-431f-a81b-62399454dccf,7629660f-13d9-4b95-8eab-38a0071bd4fb,30cf47c8-b6f7-4662-9faf-0014b04d6e01,applied,,,"{""rule_name"": ""Email Sent -> Code of Conduct Sign"", ""resolved_via"": ""request""}",,2026-08-06 13:01:00.127658+00
