id,request_id,video_id,percent_watched,completed_at,last_event_at,metadata,created_at,updated_at
940ec3ce-2d50-49ab-8fdc-594fb4c01cac,1732194f-a827-4e2c-9fe7-f0742f070d69,jhx3bbqb9a,100.00,2026-07-06 17:10:08.478+00,2026-07-06 17:10:08.478+00,{},2026-07-06 17:02:20.564549+00,2026-07-06 17:10:08.499881+00
bb6b7dbf-ac71-48fb-80fb-3b571325a5a5,17ac5c56-0336-4fc8-aca9-ce6d767323b7,jhx3bbqb9a,100.00,2026-07-05 13:48:42.205+00,2026-07-05 14:05:51.47+00,{},2026-07-05 13:41:48.783363+00,2026-07-05 14:05:51.47681+00
ae39b7ba-0b21-44df-8cf5-c971c775b24c,74918f5a-1cb1-4cb5-9e1c-0e116e275d4c,jhx3bbqb9a,97.00,2026-07-07 12:23:30.752+00,2026-07-07 12:23:42.506+00,{},2026-07-07 11:23:47.383222+00,2026-07-07 12:23:42.51292+00
8e911779-c39b-42f3-bff9-c90adbfbe992,9d43d1e1-dc42-4bf7-a228-f59707528e45,jhx3bbqb9a,100.00,2026-07-06 15:32:34.149+00,2026-07-06 15:32:59.313+00,{},2026-07-06 15:25:41.046457+00,2026-07-06 15:32:59.324068+00
9c5f025a-c744-4c47-8b2f-1b2baf451904,bf8cf2d5-2e27-4ec9-8e62-7e42b954b625,jhx3bbqb9a,100.00,2026-06-29 15:59:09.545+00,2026-06-29 15:59:33.548+00,{},2026-06-29 15:42:41.716372+00,2026-06-29 15:59:33.556604+00
20a66586-593f-4d61-9d81-a32cf95c3731,3e2e77d8-a29d-4332-aaff-ca5aa037c242,jhx3bbqb9a,100.00,2026-07-14 05:43:27.083+00,2026-07-14 05:45:17.145+00,{},2026-07-07 12:19:50.391361+00,2026-07-14 05:45:17.147345+00
98475689-d248-4a73-ad38-16c1ff736508,d99c7daf-b779-4c63-adf8-084767e89826,jhx3bbqb9a,100.00,2026-07-13 02:26:35.128+00,2026-07-13 02:29:21.639+00,{},2026-07-12 08:05:28.827385+00,2026-07-13 02:29:21.645213+00
51c53f50-5710-4d85-b71c-f3e84ebac695,adec184a-dcb3-4f7a-a179-0899e66e2f74,jhx3bbqb9a,97.00,2026-07-06 15:29:24.577+00,2026-07-06 15:29:36.95+00,{},2026-07-06 15:11:39.491858+00,2026-07-06 15:29:36.959792+00
f7e7e6e1-c6f9-4dd3-9a65-1a2185d4a735,b776a793-a2c1-46dd-9371-85f68ded4345,jhx3bbqb9a,100.00,2026-07-08 05:28:09.003+00,2026-07-08 05:46:09.429+00,{},2026-07-08 05:19:27.064055+00,2026-07-08 05:46:09.431866+00
1e40ffe2-cb54-450e-9dbc-11adee0235b8,0066168e-1fd0-4381-b8a5-51d88e7da196,3yot0ne1jd,100.00,2026-06-29 13:20:27.832+00,2026-06-29 13:20:37.827+00,{},2026-06-29 13:17:37.073472+00,2026-06-29 13:20:37.83452+00
49048120-5abc-4043-8b51-2993151ba20c,2f165df5-1e50-49f1-bb54-167af6697417,jhx3bbqb9a,100.00,2026-07-06 23:22:32.023+00,2026-07-06 23:30:51.213+00,{},2026-07-06 23:14:55.951406+00,2026-07-06 23:30:51.219189+00
1515e15b-35f1-453b-ab63-f43e12055451,87fef2d4-aad5-4067-b258-e739b3547068,jhx3bbqb9a,10.00,,2026-06-29 15:45:23.63+00,{},2026-06-29 15:45:01.46363+00,2026-06-29 15:45:23.64006+00
d5c17f1e-9998-4f53-ba7c-2a402dd25e8b,1efabac2-3b12-4a9e-8809-8d453fca1b22,jhx3bbqb9a,96.00,2026-07-02 11:14:43.079+00,2026-07-02 11:14:51.423+00,{},2026-07-02 11:07:50.06074+00,2026-07-02 11:14:51.427526+00
69728ca1-f7e1-45c2-893b-6df4591d24e0,eaf89fd6-d8d1-4874-8330-b91eaefb8419,jhx3bbqb9a,100.00,2026-07-23 12:42:51.187+00,2026-07-23 12:43:16.69+00,{},2026-07-23 12:35:58.160204+00,2026-07-23 12:43:16.707044+00
ffaf462e-86e7-4f98-9671-dba892189a5a,5f3a3c3e-f630-479e-b315-7eecce7208db,jhx3bbqb9a,100.00,2026-07-06 15:24:54.456+00,2026-07-06 15:25:19.883+00,{},2026-07-06 15:18:02.098011+00,2026-07-06 15:25:19.891951+00
417528f2-ddab-4e13-88e7-5aad64d76fbb,841485ef-a769-4790-ac6f-61d1515e1236,jhx3bbqb9a,100.00,2026-07-04 22:32:27.252+00,2026-07-04 22:32:52.969+00,{},2026-07-03 07:58:40.014923+00,2026-07-04 22:32:52.97642+00
67896430-630d-4e72-b310-f065b17be7c7,515da1ee-4ae2-4749-8ef8-d5b40b75f56d,jhx3bbqb9a,99.00,2026-07-22 07:34:07.919+00,2026-07-22 07:34:26.759+00,{},2026-07-22 06:52:13.75025+00,2026-07-22 07:34:26.773953+00
22b3004f-3621-47cc-aa7b-d0e57fcad72e,1f5e83ef-ac33-4edb-a89f-116586b3a0dc,jhx3bbqb9a,100.00,2026-07-08 07:27:34.56+00,2026-07-08 08:02:45.985+00,{},2026-07-05 16:47:23.280837+00,2026-07-08 08:02:45.989964+00
1ba6cfaf-c980-47b8-afbf-8c2a6d7fe47c,ddb672f8-dae9-4319-bd23-f6cf4e18e655,3yot0ne1jd,100.00,2026-06-29 12:54:03.212+00,2026-06-29 12:54:13.592+00,{},2026-06-28 12:54:13.077152+00,2026-06-29 12:54:13.596862+00
ecb462af-d844-4981-9cfd-62e32415f16e,482444aa-a2cd-4cf0-bf3b-e21f96c78977,jhx3bbqb9a,65.00,,2026-07-02 11:54:45.827+00,{},2026-07-02 11:49:47.188052+00,2026-07-02 11:54:45.836322+00
4aded427-f81b-4bbb-ae6c-ed4a4c3e9632,7112bfe1-0bc6-4764-8137-272179290e1b,jhx3bbqb9a,100.00,2026-07-09 03:57:04.797+00,2026-07-09 04:16:31.054+00,{},2026-07-09 03:09:03.934789+00,2026-07-09 04:16:31.062306+00
43eb3f5b-d3d3-45c1-8dea-751d358d27bb,6f5be1ac-157b-491a-99e8-2963f33fed56,jhx3bbqb9a,100.00,2026-07-05 17:08:46.16+00,2026-07-05 17:09:09.01+00,{},2026-07-05 16:50:42.457283+00,2026-07-05 17:09:09.013545+00
38ed3e9f-da20-4117-b237-1a61584911b6,36142976-ef27-4689-9ef1-f3ba9b4ad6f4,jhx3bbqb9a,97.00,2026-07-22 14:18:25.342+00,2026-07-22 14:19:33.823+00,{},2026-07-22 13:30:38.211504+00,2026-07-22 14:19:33.829626+00
7120847a-e220-43a8-ac26-7055ece02590,1a7fb28b-c946-4aaf-a3f2-879cb9e5107b,jhx3bbqb9a,98.00,2026-06-30 11:58:05.121+00,2026-06-30 11:58:22.962+00,{},2026-06-30 11:51:12.601377+00,2026-06-30 11:58:22.982987+00
326d518a-49e6-4444-b266-c90731e2713e,34e2fcad-238b-4989-8ef2-b33f61e713ea,jhx3bbqb9a,100.00,2026-07-22 08:50:22.113+00,2026-07-22 08:58:23.295+00,{},2026-07-16 10:25:49.962017+00,2026-07-22 08:58:23.309074+00
4b43e324-8c8f-4304-bb46-537b4262557e,b43ba284-87d3-4cf6-b987-e4bff1a701d9,jhx3bbqb9a,100.00,2026-07-06 07:46:01.135+00,2026-07-06 08:23:47.619+00,{},2026-07-06 07:34:28.411592+00,2026-07-06 08:23:47.630448+00
2589930d-5591-49c4-bf0a-b46cd1ffc4d7,6e2db717-ab37-4cbb-815a-d587464ac8cc,jhx3bbqb9a,100.00,2026-07-06 15:43:32.311+00,2026-07-06 16:09:51.925+00,{},2026-07-06 15:31:52.694431+00,2026-07-06 16:09:52.022854+00
0eea6fdc-281f-4893-9313-0e9daeedbaa3,954fbcc9-a262-4ccd-85ae-7235b4ed8480,jhx3bbqb9a,100.00,2026-07-13 09:44:46.026+00,2026-07-13 10:00:18.812+00,{},2026-07-13 06:19:36.332952+00,2026-07-13 10:00:19.092557+00
4e2490ed-5377-4bd0-b1d8-485996903394,6d647847-89ec-4d58-9b43-b877338b62d6,jhx3bbqb9a,100.00,2026-07-05 18:08:13.373+00,2026-07-05 18:08:38.743+00,{},2026-07-05 16:15:43.515905+00,2026-07-05 18:08:38.750921+00
925dda35-4ecc-4fcb-9310-6b3bca3170e8,855df99f-da95-4678-bde2-2714f3fb5fc6,jhx3bbqb9a,100.00,2026-07-21 08:12:07.671+00,2026-07-21 12:57:16.369+00,{},2026-07-21 08:05:15.696262+00,2026-07-21 12:57:16.381127+00
a96117a1-9ed9-4d85-ae04-5655599ddb83,01b4607a-7271-4957-93a7-5a28591a254a,jhx3bbqb9a,60.00,,2026-07-05 18:01:49.665+00,{},2026-07-05 17:56:49.211121+00,2026-07-05 18:01:49.671986+00
b08fb554-de4a-47bd-ac66-10aa82627966,544268dc-940e-4e09-9173-6e47a32cffb3,jhx3bbqb9a,100.00,2026-07-16 10:33:33.573+00,2026-07-16 11:03:54.763+00,{},2026-07-16 10:26:30.028862+00,2026-07-16 11:03:54.780677+00
3f50d22f-5781-4347-b961-faddd85874d2,68679de7-aa6f-4685-aed2-316acf31d74a,jhx3bbqb9a,100.00,2026-07-07 14:59:45.526+00,2026-07-07 14:59:45.526+00,{},2026-07-07 14:36:15.478599+00,2026-07-07 14:59:45.540869+00
76d5aad8-f78d-47b3-a5e3-577c84e7f4cf,626886b2-0c11-451f-a4d4-3c73b99a9560,jhx3bbqb9a,100.00,2026-07-06 22:10:32.807+00,2026-07-06 22:50:18.273+00,{},2026-07-06 15:05:06.556233+00,2026-07-06 22:50:18.27843+00
e97025fc-4864-49ef-8c33-9c2424bf6250,7a5c5192-c0ab-413e-b3c7-381bc28f5ca6,jhx3bbqb9a,100.00,2026-07-12 06:15:53.165+00,2026-07-12 06:16:18.631+00,{},2026-07-12 06:09:01.056221+00,2026-07-12 06:16:18.638488+00
465f6b75-9dc9-493d-b15f-7b7c45ccccfe,5d8e3539-8db1-46d4-9ad8-b473d667ecb8,jhx3bbqb9a,100.00,2026-07-05 20:13:59.427+00,2026-07-05 20:31:55.336+00,{},2026-07-05 20:03:47.91219+00,2026-07-05 20:31:55.351163+00
643f1705-4483-4c28-8dc1-334682d54bf5,0a11cfa6-2131-4a6a-8ef5-5d9f650458c3,jhx3bbqb9a,100.00,2026-07-16 10:30:51.231+00,2026-07-16 10:31:02.278+00,{},2026-07-16 10:19:56.877135+00,2026-07-16 10:31:02.284721+00
434f26c8-3907-4edb-a011-b108afbbc91f,c77e1821-d5f6-4fff-b94e-67eb973e1eb3,jhx3bbqb9a,98.00,2026-07-20 13:49:56.901+00,2026-07-20 14:13:28.552+00,{},2026-07-20 13:42:38.061502+00,2026-07-20 14:13:28.575594+00
68fc30ad-53d6-4210-8476-1a8fc59b005a,b6b03e73-5866-485a-a2ac-12e47ad78244,jhx3bbqb9a,98.00,2026-07-08 13:07:00.371+00,2026-07-08 13:07:16.406+00,{},2026-07-08 05:52:31.852578+00,2026-07-08 13:07:16.413558+00
7cec842c-3c50-4b0f-92fc-53dc829383bf,c68fb209-0088-4fe5-813f-3d42d3315ff1,jhx3bbqb9a,100.00,2026-07-08 12:52:19.593+00,2026-07-08 13:01:16.093+00,{},2026-07-08 02:19:34.868307+00,2026-07-08 13:01:16.103954+00
37edbb6c-3f30-454b-8b5c-3a71e5b03b77,8854ac96-49dd-4805-94ae-d236551005da,jhx3bbqb9a,100.00,2026-07-21 05:31:29.705+00,2026-07-21 05:31:55.746+00,{},2026-07-02 18:57:24.772298+00,2026-07-21 05:31:55.763189+00
b5cd3e73-f4d4-40ea-918b-51d158cd04bb,10d2f711-c92b-4a38-ab33-5b9bb47381ae,jhx3bbqb9a,100.00,2026-07-09 06:09:00.208+00,2026-07-09 06:17:17.539+00,{},2026-07-09 06:04:22.770995+00,2026-07-09 06:17:17.566302+00
87e6aa76-e0ef-41cb-a92a-afbdf64f5afd,694619d4-2e06-4fa9-838a-b5c1c84ceb2e,jhx3bbqb9a,100.00,2026-07-09 10:28:10.715+00,2026-07-09 10:49:21.077+00,{},2026-07-09 10:11:26.281796+00,2026-07-09 10:49:21.089298+00
694a3a42-e02a-45b7-9cf8-0262048f7eb4,b8a6ace4-7061-4245-98c5-184daa32b201,jhx3bbqb9a,97.00,2026-07-11 12:05:10.408+00,2026-07-11 12:05:19.408+00,{},2026-07-11 11:58:17.24832+00,2026-07-11 12:05:19.416256+00
7bcec5ef-7e1d-49ec-bf47-0d7ee722fe02,41a8afc7-3a60-4fbd-a781-1b0653df5023,jhx3bbqb9a,97.00,2026-07-09 11:07:14.144+00,2026-07-09 11:07:24.821+00,{},2026-07-09 10:35:07.31616+00,2026-07-09 11:07:24.828981+00
48735bdc-55b6-4f59-900d-e41544acb2d1,278fc03a-ae86-4d3a-92f5-283247fd6dbd,jhx3bbqb9a,100.00,2026-07-18 15:00:38.898+00,2026-07-19 09:51:42.177+00,{},2026-07-16 10:21:29.372962+00,2026-07-19 09:51:42.196078+00
1d851a7f-33c9-40e7-a8a9-01ffaf665ceb,cd21ef88-3790-4281-b5e9-fd3b4a278ac4,jhx3bbqb9a,100.00,2026-07-23 12:51:49.637+00,2026-07-23 12:52:14.769+00,{},2026-07-23 12:44:18.85656+00,2026-07-23 12:52:14.775458+00
a8cabf1f-2ef7-4463-9fad-127ba2381048,bc11bdf3-39fd-4d42-b964-56a0eb8833d5,jhx3bbqb9a,100.00,2026-07-13 13:33:41.824+00,2026-07-13 13:34:00.984+00,{},2026-07-13 12:53:36.011128+00,2026-07-13 13:34:00.996885+00
b361b056-b325-4f31-a95e-f477d2fe7116,b2273475-bd5c-48e0-93f2-681e60cad6ee,jhx3bbqb9a,100.00,2026-07-27 06:51:00.774+00,2026-07-27 06:51:26.041+00,{},2026-07-23 08:54:29.228619+00,2026-07-27 06:51:26.053497+00
64a94c2e-8533-445b-8b40-578452b6ccce,23163f08-c96c-420c-9584-f1593080dfde,jhx3bbqb9a,100.00,2026-07-23 17:11:06.107+00,2026-07-25 08:42:03.311+00,{},2026-07-23 07:11:33.318437+00,2026-07-25 08:42:03.331148+00
806e68ee-2a80-48b1-b032-055fe5b69003,a72f711f-6e86-42e2-8e56-c550a65bbb47,jhx3bbqb9a,100.00,2026-07-16 12:13:04.019+00,2026-07-16 12:13:29.302+00,{},2026-07-16 12:03:13.240585+00,2026-07-16 12:13:29.320059+00
f891eab5-48d3-47cd-a0c7-f43c101980bc,51eed506-2f7c-4f9f-9bad-d959d4ab2499,jhx3bbqb9a,100.00,2026-07-23 07:18:57.462+00,2026-07-23 07:20:33.772+00,{},2026-07-23 07:10:26.203566+00,2026-07-23 07:20:33.783317+00
8d2db310-085c-411b-8a1b-e9d60be726ad,546a0ad4-4658-475f-a9a8-7eeddbb7b43c,jhx3bbqb9a,100.00,2026-07-22 11:57:09.146+00,2026-07-22 11:57:39.918+00,{},2026-07-22 11:50:16.163272+00,2026-07-22 11:57:39.931025+00
c1313afe-4873-40f5-b9a2-156fb9a90982,27988b90-3b48-4250-baf5-ba49de09652c,jhx3bbqb9a,100.00,2026-07-24 11:50:51.009+00,2026-07-24 12:25:27.842+00,{},2026-07-22 05:40:59.303528+00,2026-07-24 12:25:27.865309+00
a545c773-73b0-4756-bb7a-38ee9b459136,be980477-59d6-4394-9c9a-93418c531be1,jhx3bbqb9a,100.00,2026-07-30 02:41:12.941+00,2026-07-30 02:41:36.99+00,{},2026-07-28 06:51:48.210679+00,2026-07-30 02:41:36.993677+00
fea0d23a-5406-49c0-b9d0-5049902d6f1e,66d33a99-b11e-444e-8496-450e5561103b,jhx3bbqb9a,100.00,2026-07-23 17:51:15.738+00,2026-07-23 17:51:41.291+00,{},2026-07-23 17:44:15.92854+00,2026-07-23 17:51:41.300824+00
ac2f3554-1ce2-4bde-8281-19ed992adb42,8f0ae694-097d-4b25-9243-dc0534d35526,jhx3bbqb9a,100.00,2026-07-30 12:08:41.65+00,2026-07-30 12:45:24.215+00,{},2026-07-30 11:58:07.369621+00,2026-07-30 12:45:24.223193+00
35a4133c-b9c9-4b3d-a8be-9f2bf23d5246,053bb80e-c1c9-44de-b855-7f96801d33dc,jhx3bbqb9a,99.00,2026-07-30 13:39:30.782+00,2026-07-30 13:57:35.892+00,{},2026-07-30 07:08:02.83523+00,2026-07-30 13:57:35.894264+00
d907bf35-200d-47e0-886e-dbdf91efebfa,b55d102b-c2a2-44fa-ad73-8e4b8831002b,jhx3bbqb9a,100.00,2026-07-30 12:30:50.384+00,2026-07-30 13:09:37.596+00,{},2026-07-30 12:21:42.274553+00,2026-07-30 13:09:37.602919+00
19a1b1c4-8d91-457f-9de0-a6ab0500502b,6c6059ac-4461-4412-9999-3e5e1040c010,jhx3bbqb9a,100.00,2026-07-30 12:39:13.24+00,2026-07-30 13:15:14.678+00,{},2026-07-30 12:22:35.353598+00,2026-07-30 13:15:14.692212+00
5ff1ffda-a909-421f-9610-ab648e6a15a9,089dc4d5-65aa-40cf-bdd7-e5cb8039c1a0,jhx3bbqb9a,100.00,2026-07-30 12:13:22.177+00,2026-07-30 12:23:10.493+00,{},2026-07-30 12:06:29.711054+00,2026-07-30 12:23:10.501022+00
f24b44a9-ddcc-4cd0-9652-a518ff74723c,7b1eb4f9-0d9b-40e6-822d-33e1e49ddc86,jhx3bbqb9a,100.00,2026-07-30 14:52:10.737+00,2026-07-31 15:52:46.542+00,{},2026-07-30 14:45:17.861295+00,2026-07-31 15:52:46.554639+00
64384137-e193-4171-8b7a-a9f3145fcea6,35cb003d-62ba-42aa-bf09-d5fcd88c805e,jhx3bbqb9a,100.00,2026-07-31 06:30:51.813+00,2026-07-31 07:03:41.192+00,{},2026-07-31 06:24:03.545327+00,2026-07-31 07:03:41.227493+00
20c3d451-abf5-41a7-a3de-01ddb90c6c19,d934330f-49bd-4a98-9527-6e102f4a833f,jhx3bbqb9a,100.00,2026-08-01 17:26:42.168+00,2026-08-01 17:44:58.064+00,{},2026-08-01 17:19:49.677617+00,2026-08-01 17:44:58.074618+00
12f6f44d-8d59-404a-8789-a43091cddb93,77753053-ff11-47cd-8103-663c45189ae2,jhx3bbqb9a,100.00,2026-08-02 05:26:18.674+00,2026-08-02 07:41:44.58+00,{},2026-08-02 05:06:18.550391+00,2026-08-02 07:41:44.599197+00
e4c6ecf1-c276-4022-a18e-82afd784e1e4,7d91c71a-a6b7-40ae-b44b-27fdaad6cb65,jhx3bbqb9a,100.00,2026-08-06 04:52:33.498+00,2026-08-06 05:25:25.634+00,{},2026-08-06 04:45:40.564076+00,2026-08-06 05:25:25.64804+00
814d7f58-341e-4ad5-b8f9-9c63c6f9ac62,dfeea292-b27c-4385-a209-85003ca5e02b,jhx3bbqb9a,100.00,2026-08-06 11:17:26.632+00,2026-08-06 11:17:51.74+00,{},2026-08-06 11:10:33.820289+00,2026-08-06 11:17:51.754446+00
bb82229a-6002-48d1-919a-6e93b8c8e14e,9c5141d1-9417-449f-a90e-44c84bc6c764,jhx3bbqb9a,100.00,2026-08-07 20:21:20.119+00,2026-08-07 20:48:40.369+00,{},2026-08-07 20:14:57.504644+00,2026-08-07 20:48:40.375807+00
b9ecee26-5b3a-4408-8a67-68c24f00743a,032eaf18-591a-46b8-b824-980080958ee9,jhx3bbqb9a,100.00,2026-08-06 13:58:02.871+00,2026-08-06 14:26:34.247+00,{},2026-08-06 13:51:09.38094+00,2026-08-06 14:26:34.260037+00
695ef3fe-cd41-46ea-87aa-ea9f60f88dd9,89c9ef98-2aa1-4e08-90f8-35a385bc009d,jhx3bbqb9a,100.00,2026-08-06 17:07:56.257+00,2026-08-08 15:54:23.731+00,{},2026-08-06 17:00:39.041012+00,2026-08-08 15:54:23.741352+00
69cd6f49-fdfc-4b4c-9d3b-0df464ca32ea,9a030fc6-ff3a-492b-80df-1d50b69066e3,jhx3bbqb9a,100.00,2026-08-06 14:07:21.768+00,2026-08-06 14:07:46.252+00,{},2026-08-06 14:00:28.685274+00,2026-08-06 14:07:46.279987+00
dadf3a60-1230-4da5-92aa-7c8906a6a398,c3f5ab71-1bb9-46fc-af04-f95dcedaf388,jhx3bbqb9a,100.00,2026-08-06 17:53:55.317+00,2026-08-06 17:54:20.947+00,{},2026-08-06 13:02:14.153688+00,2026-08-06 17:54:20.957266+00
