id,media_buyer_name,lead_source_name,sheet_url,spreadsheet_id,spreadsheet_title,tab_name,sheet_id,date_column,is_default,created_by,created_at,updated_at,is_active
f08b1399-469f-4f47-9a07-800dce4e5e8d,Hemanth,,https://docs.google.com/spreadsheets/d/1Jv0rOTZ89o_prtRkJqmhjCc0TAK7uAwWoJrPjB5eTPY/edit?gid=1156223782#gid=1156223782,1Jv0rOTZ89o_prtRkJqmhjCc0TAK7uAwWoJrPjB5eTPY,Grand BootCamp 12th Feb ,North with name,1156223782,Date,f,89eddcfc-f32c-4f2b-b348-c30d77ce0c4b,2026-05-08 04:13:47.965331+00,2026-05-08 04:13:47.965331+00,t
3c5e5cd3-f8f6-4f28-af04-9daeeae69678,Akhil,,https://docs.google.com/spreadsheets/d/1Jv0rOTZ89o_prtRkJqmhjCc0TAK7uAwWoJrPjB5eTPY/edit?gid=641137404#gid=641137404,1Jv0rOTZ89o_prtRkJqmhjCc0TAK7uAwWoJrPjB5eTPY,Grand BootCamp 12th Feb ,55 And 254 amount,641137404,Date,f,89eddcfc-f32c-4f2b-b348-c30d77ce0c4b,2026-05-08 04:13:48.19333+00,2026-05-08 04:13:48.19333+00,t
42dfe599-ed65-42bd-bdfe-63f8cb079349,Hemanth,,https://docs.google.com/spreadsheets/d/1Jv0rOTZ89o_prtRkJqmhjCc0TAK7uAwWoJrPjB5eTPY/edit?gid=1156223782#gid=1156223782,1Jv0rOTZ89o_prtRkJqmhjCc0TAK7uAwWoJrPjB5eTPY,Grand BootCamp 12th Feb ,North with name,1156223782,Date,f,8dca6892-3cf8-4a59-95a9-7484b6672cac,2026-05-08 07:45:30.588557+00,2026-05-08 07:45:30.588557+00,t
5408a246-9c70-4c6d-9c9f-cb94fd4e4f91,Akhil,,https://docs.google.com/spreadsheets/d/1Jv0rOTZ89o_prtRkJqmhjCc0TAK7uAwWoJrPjB5eTPY/edit?gid=641137404#gid=641137404,1Jv0rOTZ89o_prtRkJqmhjCc0TAK7uAwWoJrPjB5eTPY,Grand BootCamp 12th Feb ,55 And 254 amount,641137404,Date,f,8dca6892-3cf8-4a59-95a9-7484b6672cac,2026-05-08 07:45:34.140504+00,2026-05-08 07:45:34.140504+00,t
e9adafa5-15cb-4912-9bad-5413a2c0196d,Hemanth,,https://docs.google.com/spreadsheets/d/1Jv0rOTZ89o_prtRkJqmhjCc0TAK7uAwWoJrPjB5eTPY/edit?gid=1156223782#gid=1156223782,1Jv0rOTZ89o_prtRkJqmhjCc0TAK7uAwWoJrPjB5eTPY,Grand BootCamp 12th Feb ,North with name,1156223782,Date,f,8dca6892-3cf8-4a59-95a9-7484b6672cac,2026-05-09 07:10:40.634118+00,2026-05-09 07:10:40.634118+00,t
2f7be5e1-adc8-468f-a864-e58e53d4afa5,Akhil,,https://docs.google.com/spreadsheets/d/1Jv0rOTZ89o_prtRkJqmhjCc0TAK7uAwWoJrPjB5eTPY/edit?gid=641137404#gid=641137404,1Jv0rOTZ89o_prtRkJqmhjCc0TAK7uAwWoJrPjB5eTPY,Grand BootCamp 12th Feb ,55 And 254 amount,641137404,Date,f,8dca6892-3cf8-4a59-95a9-7484b6672cac,2026-05-09 07:10:40.902752+00,2026-05-09 07:10:40.902752+00,t
3cc52acc-9f67-4344-8467-3bbdd0f88dc1,Hemanth,,https://docs.google.com/spreadsheets/d/1Jv0rOTZ89o_prtRkJqmhjCc0TAK7uAwWoJrPjB5eTPY/edit?gid=1156223782#gid=1156223782,1Jv0rOTZ89o_prtRkJqmhjCc0TAK7uAwWoJrPjB5eTPY,Grand BootCamp 12th Feb ,North with name,1156223782,Date,f,8dca6892-3cf8-4a59-95a9-7484b6672cac,2026-05-11 09:49:31.835212+00,2026-05-11 09:49:31.835212+00,t
1bb431a0-35d8-4421-bcef-296fddba7108,Akhil,,https://docs.google.com/spreadsheets/d/1Jv0rOTZ89o_prtRkJqmhjCc0TAK7uAwWoJrPjB5eTPY/edit?gid=641137404#gid=641137404,1Jv0rOTZ89o_prtRkJqmhjCc0TAK7uAwWoJrPjB5eTPY,Grand BootCamp 12th Feb ,55 And 254 amount,641137404,Date,f,8dca6892-3cf8-4a59-95a9-7484b6672cac,2026-05-11 09:49:32.003392+00,2026-05-11 09:49:32.003392+00,t
146730ac-b2fc-4a28-af9e-0496ccce89f0,Hemanth,,https://docs.google.com/spreadsheets/d/1Jv0rOTZ89o_prtRkJqmhjCc0TAK7uAwWoJrPjB5eTPY/edit?gid=1156223782#gid=1156223782,1Jv0rOTZ89o_prtRkJqmhjCc0TAK7uAwWoJrPjB5eTPY,Grand BootCamp 12th Feb ,North with name,1156223782,Date,f,8dca6892-3cf8-4a59-95a9-7484b6672cac,2026-05-11 12:35:14.9971+00,2026-05-11 12:35:14.9971+00,t
416d7e30-f121-4f38-a0fa-09490887997f,Akhil,,https://docs.google.com/spreadsheets/d/1Jv0rOTZ89o_prtRkJqmhjCc0TAK7uAwWoJrPjB5eTPY/edit?gid=641137404#gid=641137404,1Jv0rOTZ89o_prtRkJqmhjCc0TAK7uAwWoJrPjB5eTPY,Grand BootCamp 12th Feb ,55 And 254 amount,641137404,Date,f,8dca6892-3cf8-4a59-95a9-7484b6672cac,2026-05-11 12:35:15.37286+00,2026-05-11 12:35:15.37286+00,t
436892fa-5439-4f25-9681-1b6b7000644b,Hemanth,,https://docs.google.com/spreadsheets/d/1Jv0rOTZ89o_prtRkJqmhjCc0TAK7uAwWoJrPjB5eTPY/edit?gid=1156223782#gid=1156223782,1Jv0rOTZ89o_prtRkJqmhjCc0TAK7uAwWoJrPjB5eTPY,Grand BootCamp 12th Feb ,North with name,1156223782,Date,f,8dca6892-3cf8-4a59-95a9-7484b6672cac,2026-05-12 10:06:12.689231+00,2026-05-12 10:06:12.689231+00,t
cae39b4f-00f2-46f4-8099-66d897d11205,Akhil,,https://docs.google.com/spreadsheets/d/1Jv0rOTZ89o_prtRkJqmhjCc0TAK7uAwWoJrPjB5eTPY/edit?gid=641137404#gid=641137404,1Jv0rOTZ89o_prtRkJqmhjCc0TAK7uAwWoJrPjB5eTPY,Grand BootCamp 12th Feb ,55 And 254 amount,641137404,Date,f,8dca6892-3cf8-4a59-95a9-7484b6672cac,2026-05-12 10:06:12.867579+00,2026-05-12 10:06:12.867579+00,t
6d30aa00-b0c3-40a1-a29a-67965aada300,Hemanth,,https://docs.google.com/spreadsheets/d/1Jv0rOTZ89o_prtRkJqmhjCc0TAK7uAwWoJrPjB5eTPY/edit?gid=1156223782#gid=1156223782,1Jv0rOTZ89o_prtRkJqmhjCc0TAK7uAwWoJrPjB5eTPY,Grand BootCamp 12th Feb ,North with name,1156223782,Date,f,8dca6892-3cf8-4a59-95a9-7484b6672cac,2026-05-13 11:59:12.504258+00,2026-05-13 11:59:12.504258+00,t
ed91337a-a409-493c-bb83-476245f9eb48,Akhil,,https://docs.google.com/spreadsheets/d/1Jv0rOTZ89o_prtRkJqmhjCc0TAK7uAwWoJrPjB5eTPY/edit?gid=641137404#gid=641137404,1Jv0rOTZ89o_prtRkJqmhjCc0TAK7uAwWoJrPjB5eTPY,Grand BootCamp 12th Feb ,55 And 254 amount,641137404,Date,f,8dca6892-3cf8-4a59-95a9-7484b6672cac,2026-05-13 11:59:12.873667+00,2026-05-13 11:59:12.873667+00,t
cb9b8b35-ab70-44b0-9675-d3083d38cc46,Hemanth,,https://docs.google.com/spreadsheets/d/1Jv0rOTZ89o_prtRkJqmhjCc0TAK7uAwWoJrPjB5eTPY/edit?gid=1156223782#gid=1156223782,1Jv0rOTZ89o_prtRkJqmhjCc0TAK7uAwWoJrPjB5eTPY,Grand BootCamp 12th Feb ,North with name,1156223782,Date,f,8dca6892-3cf8-4a59-95a9-7484b6672cac,2026-05-13 12:23:53.027993+00,2026-05-13 12:23:53.027993+00,t
9bb1d694-254a-40d1-a6bf-afc369f59788,Akhil,,https://docs.google.com/spreadsheets/d/1Jv0rOTZ89o_prtRkJqmhjCc0TAK7uAwWoJrPjB5eTPY/edit?gid=641137404#gid=641137404,1Jv0rOTZ89o_prtRkJqmhjCc0TAK7uAwWoJrPjB5eTPY,Grand BootCamp 12th Feb ,55 And 254 amount,641137404,Date,f,8dca6892-3cf8-4a59-95a9-7484b6672cac,2026-05-13 12:23:53.260652+00,2026-05-13 12:23:53.260652+00,t
580bb409-8190-4964-af89-a7391a8a96a6,Hemanth,,https://docs.google.com/spreadsheets/d/1Jv0rOTZ89o_prtRkJqmhjCc0TAK7uAwWoJrPjB5eTPY/edit?gid=1156223782#gid=1156223782,1Jv0rOTZ89o_prtRkJqmhjCc0TAK7uAwWoJrPjB5eTPY,Grand BootCamp 12th Feb ,North with name,1156223782,Date,f,8dca6892-3cf8-4a59-95a9-7484b6672cac,2026-05-14 09:14:11.887999+00,2026-05-14 09:14:11.887999+00,t
125e7492-2eb5-426e-8315-2641409b2915,Akhil,,https://docs.google.com/spreadsheets/d/1Jv0rOTZ89o_prtRkJqmhjCc0TAK7uAwWoJrPjB5eTPY/edit?gid=641137404#gid=641137404,1Jv0rOTZ89o_prtRkJqmhjCc0TAK7uAwWoJrPjB5eTPY,Grand BootCamp 12th Feb ,55 And 254 amount,641137404,Date,f,8dca6892-3cf8-4a59-95a9-7484b6672cac,2026-05-14 09:14:12.182679+00,2026-05-14 09:14:12.182679+00,t
53929134-b8bf-4ad7-9c34-d417cbc5ae50,Hemanth,,https://docs.google.com/spreadsheets/d/1Jv0rOTZ89o_prtRkJqmhjCc0TAK7uAwWoJrPjB5eTPY/edit?gid=1156223782#gid=1156223782,1Jv0rOTZ89o_prtRkJqmhjCc0TAK7uAwWoJrPjB5eTPY,Grand BootCamp 12th Feb ,North with name,1156223782,Date,f,8dca6892-3cf8-4a59-95a9-7484b6672cac,2026-05-15 08:25:34.01139+00,2026-05-15 08:25:34.01139+00,t
68193d0a-748b-4cef-b94a-c756c9cc6075,Akhil,,https://docs.google.com/spreadsheets/d/1Jv0rOTZ89o_prtRkJqmhjCc0TAK7uAwWoJrPjB5eTPY/edit?gid=641137404#gid=641137404,1Jv0rOTZ89o_prtRkJqmhjCc0TAK7uAwWoJrPjB5eTPY,Grand BootCamp 12th Feb ,55 And 254 amount,641137404,Date,f,8dca6892-3cf8-4a59-95a9-7484b6672cac,2026-05-15 08:25:34.249357+00,2026-05-15 08:25:34.249357+00,t
ae0212e8-ab37-4542-8370-0cc01cd17a18,Hemanth,,https://docs.google.com/spreadsheets/d/1Jv0rOTZ89o_prtRkJqmhjCc0TAK7uAwWoJrPjB5eTPY/edit?gid=1156223782#gid=1156223782,1Jv0rOTZ89o_prtRkJqmhjCc0TAK7uAwWoJrPjB5eTPY,Grand BootCamp 12th Feb ,North with name,1156223782,Date,f,8dca6892-3cf8-4a59-95a9-7484b6672cac,2026-05-16 07:11:47.680095+00,2026-05-16 07:11:47.680095+00,t
ad1c5c99-2d7f-4e1d-a477-e214959912e9,Akhil,,https://docs.google.com/spreadsheets/d/1Jv0rOTZ89o_prtRkJqmhjCc0TAK7uAwWoJrPjB5eTPY/edit?gid=641137404#gid=641137404,1Jv0rOTZ89o_prtRkJqmhjCc0TAK7uAwWoJrPjB5eTPY,Grand BootCamp 12th Feb ,55 And 254 amount,641137404,Date,f,8dca6892-3cf8-4a59-95a9-7484b6672cac,2026-05-16 07:11:48.005613+00,2026-05-16 07:11:48.005613+00,t
aec33972-35b3-473c-ac37-f06211854525,Hemanth,,https://docs.google.com/spreadsheets/d/1Jv0rOTZ89o_prtRkJqmhjCc0TAK7uAwWoJrPjB5eTPY/edit?gid=1156223782#gid=1156223782,1Jv0rOTZ89o_prtRkJqmhjCc0TAK7uAwWoJrPjB5eTPY,Grand BootCamp 12th Feb ,North with name,1156223782,Date,f,8dca6892-3cf8-4a59-95a9-7484b6672cac,2026-05-17 08:40:55.753447+00,2026-05-17 08:40:55.753447+00,t
491fd01a-011b-4d9c-8c38-a75b65547b52,Akhil,,https://docs.google.com/spreadsheets/d/1Jv0rOTZ89o_prtRkJqmhjCc0TAK7uAwWoJrPjB5eTPY/edit?gid=641137404#gid=641137404,1Jv0rOTZ89o_prtRkJqmhjCc0TAK7uAwWoJrPjB5eTPY,Grand BootCamp 12th Feb ,55 And 254 amount,641137404,Date,f,8dca6892-3cf8-4a59-95a9-7484b6672cac,2026-05-17 08:40:55.894053+00,2026-05-17 08:40:55.894053+00,t
657982ad-3283-4a14-9ab3-ab27f30a6a0f,Hemanth,,https://docs.google.com/spreadsheets/d/1Jv0rOTZ89o_prtRkJqmhjCc0TAK7uAwWoJrPjB5eTPY/edit?gid=1156223782#gid=1156223782,1Jv0rOTZ89o_prtRkJqmhjCc0TAK7uAwWoJrPjB5eTPY,Grand BootCamp 12th Feb ,North with name,1156223782,Date,f,8dca6892-3cf8-4a59-95a9-7484b6672cac,2026-05-17 08:45:56.822509+00,2026-05-17 08:45:56.822509+00,t
693d7447-938c-4846-88a2-46badfc442f4,Akhil,,https://docs.google.com/spreadsheets/d/1Jv0rOTZ89o_prtRkJqmhjCc0TAK7uAwWoJrPjB5eTPY/edit?gid=641137404#gid=641137404,1Jv0rOTZ89o_prtRkJqmhjCc0TAK7uAwWoJrPjB5eTPY,Grand BootCamp 12th Feb ,55 And 254 amount,641137404,Date,f,8dca6892-3cf8-4a59-95a9-7484b6672cac,2026-05-17 08:45:56.967541+00,2026-05-17 08:45:56.967541+00,t
34ae2390-d0a5-4527-82ee-8dc335ea565c,Hemanth,,https://docs.google.com/spreadsheets/d/1Jv0rOTZ89o_prtRkJqmhjCc0TAK7uAwWoJrPjB5eTPY/edit?gid=1156223782#gid=1156223782,1Jv0rOTZ89o_prtRkJqmhjCc0TAK7uAwWoJrPjB5eTPY,Grand BootCamp 12th Feb ,North with name,1156223782,Date,f,8dca6892-3cf8-4a59-95a9-7484b6672cac,2026-05-18 08:18:02.778801+00,2026-05-18 08:18:02.778801+00,t
b7143934-8531-4ad2-b83c-f49ddb6842ed,Akhil,,https://docs.google.com/spreadsheets/d/1Jv0rOTZ89o_prtRkJqmhjCc0TAK7uAwWoJrPjB5eTPY/edit?gid=641137404#gid=641137404,1Jv0rOTZ89o_prtRkJqmhjCc0TAK7uAwWoJrPjB5eTPY,Grand BootCamp 12th Feb ,55 And 254 amount,641137404,Date,f,8dca6892-3cf8-4a59-95a9-7484b6672cac,2026-05-18 08:18:03.111797+00,2026-05-18 08:18:03.111797+00,t
b9d0233b-f159-4a02-b0ac-11a9a86024ed,Hemanth,,https://docs.google.com/spreadsheets/d/1Jv0rOTZ89o_prtRkJqmhjCc0TAK7uAwWoJrPjB5eTPY/edit?gid=1156223782#gid=1156223782,1Jv0rOTZ89o_prtRkJqmhjCc0TAK7uAwWoJrPjB5eTPY,Grand BootCamp 12th Feb ,North with name,1156223782,Date,f,8dca6892-3cf8-4a59-95a9-7484b6672cac,2026-05-19 07:37:43.015629+00,2026-05-19 07:37:43.015629+00,t
df0d6795-a12e-493b-a8f2-f93e6158b579,Akhil,,https://docs.google.com/spreadsheets/d/1Jv0rOTZ89o_prtRkJqmhjCc0TAK7uAwWoJrPjB5eTPY/edit?gid=641137404#gid=641137404,1Jv0rOTZ89o_prtRkJqmhjCc0TAK7uAwWoJrPjB5eTPY,Grand BootCamp 12th Feb ,55 And 254 amount,641137404,Date,f,8dca6892-3cf8-4a59-95a9-7484b6672cac,2026-05-19 07:37:43.160415+00,2026-05-19 07:37:43.160415+00,t
b63bf2fc-bbdf-4f35-8e2c-22f820eb1a8e,Hemanth,,https://docs.google.com/spreadsheets/d/1Jv0rOTZ89o_prtRkJqmhjCc0TAK7uAwWoJrPjB5eTPY/edit?gid=1156223782#gid=1156223782,1Jv0rOTZ89o_prtRkJqmhjCc0TAK7uAwWoJrPjB5eTPY,Grand BootCamp 12th Feb ,North with name,1156223782,Date,f,8dca6892-3cf8-4a59-95a9-7484b6672cac,2026-05-20 07:31:21.457738+00,2026-05-20 07:31:21.457738+00,t
b04eb78f-6828-4f0f-8e54-95c7b6b8776c,Akhil,,https://docs.google.com/spreadsheets/d/1Jv0rOTZ89o_prtRkJqmhjCc0TAK7uAwWoJrPjB5eTPY/edit?gid=641137404#gid=641137404,1Jv0rOTZ89o_prtRkJqmhjCc0TAK7uAwWoJrPjB5eTPY,Grand BootCamp 12th Feb ,55 And 254 amount,641137404,Date,f,8dca6892-3cf8-4a59-95a9-7484b6672cac,2026-05-20 07:31:22.10795+00,2026-05-20 07:31:22.10795+00,t
7871bd7b-2612-4609-9e4e-f4a40f805ebd,Hemanth,,https://docs.google.com/spreadsheets/d/1Jv0rOTZ89o_prtRkJqmhjCc0TAK7uAwWoJrPjB5eTPY/edit?gid=1156223782#gid=1156223782,1Jv0rOTZ89o_prtRkJqmhjCc0TAK7uAwWoJrPjB5eTPY,Grand BootCamp 12th Feb ,North with name,1156223782,Date,f,8dca6892-3cf8-4a59-95a9-7484b6672cac,2026-05-21 11:12:34.117037+00,2026-05-21 11:12:34.117037+00,t
6f9db6c8-c7ba-416b-867f-bea5a4b74433,Akhil,,https://docs.google.com/spreadsheets/d/1Jv0rOTZ89o_prtRkJqmhjCc0TAK7uAwWoJrPjB5eTPY/edit?gid=641137404#gid=641137404,1Jv0rOTZ89o_prtRkJqmhjCc0TAK7uAwWoJrPjB5eTPY,Grand BootCamp 12th Feb ,55 And 254 amount,641137404,Date,f,8dca6892-3cf8-4a59-95a9-7484b6672cac,2026-05-21 11:12:34.268854+00,2026-05-21 11:12:34.268854+00,t
3a0e969b-f805-4ac4-aa12-e7103705a863,Hemanth,,https://docs.google.com/spreadsheets/d/1Jv0rOTZ89o_prtRkJqmhjCc0TAK7uAwWoJrPjB5eTPY/edit?gid=1156223782#gid=1156223782,1Jv0rOTZ89o_prtRkJqmhjCc0TAK7uAwWoJrPjB5eTPY,Grand BootCamp 12th Feb ,North with name,1156223782,Date,f,8dca6892-3cf8-4a59-95a9-7484b6672cac,2026-05-22 06:27:31.418285+00,2026-05-22 06:27:31.418285+00,t
2f07475c-b04a-4078-ac8d-9944c8f18017,Akhil,,https://docs.google.com/spreadsheets/d/1Jv0rOTZ89o_prtRkJqmhjCc0TAK7uAwWoJrPjB5eTPY/edit?gid=641137404#gid=641137404,1Jv0rOTZ89o_prtRkJqmhjCc0TAK7uAwWoJrPjB5eTPY,Grand BootCamp 12th Feb ,55 And 254 amount,641137404,Date,f,8dca6892-3cf8-4a59-95a9-7484b6672cac,2026-05-22 06:27:31.69993+00,2026-05-22 06:27:31.69993+00,t
f891d589-8f95-4fc9-b44b-811d96773ddf,Hemanth,,https://docs.google.com/spreadsheets/d/1Jv0rOTZ89o_prtRkJqmhjCc0TAK7uAwWoJrPjB5eTPY/edit?gid=1156223782#gid=1156223782,1Jv0rOTZ89o_prtRkJqmhjCc0TAK7uAwWoJrPjB5eTPY,Grand BootCamp 12th Feb ,North with name,1156223782,Date,f,8dca6892-3cf8-4a59-95a9-7484b6672cac,2026-05-23 07:03:51.43306+00,2026-05-23 07:03:51.43306+00,t
9aed2345-79a8-47b7-8920-a6d142406578,Akhil,,https://docs.google.com/spreadsheets/d/1Jv0rOTZ89o_prtRkJqmhjCc0TAK7uAwWoJrPjB5eTPY/edit?gid=641137404#gid=641137404,1Jv0rOTZ89o_prtRkJqmhjCc0TAK7uAwWoJrPjB5eTPY,Grand BootCamp 12th Feb ,55 And 254 amount,641137404,Date,f,8dca6892-3cf8-4a59-95a9-7484b6672cac,2026-05-23 07:03:51.979263+00,2026-05-23 07:03:51.979263+00,t
035dd77d-5c7f-44ce-b9d9-c2b22dc99dc1,Hemanth,,https://docs.google.com/spreadsheets/d/1Jv0rOTZ89o_prtRkJqmhjCc0TAK7uAwWoJrPjB5eTPY/edit?gid=1156223782#gid=1156223782,1Jv0rOTZ89o_prtRkJqmhjCc0TAK7uAwWoJrPjB5eTPY,Grand BootCamp 12th Feb ,North with name,1156223782,Date,f,8dca6892-3cf8-4a59-95a9-7484b6672cac,2026-05-25 10:31:29.557564+00,2026-05-25 10:31:29.557564+00,t
2afd8fd9-4f8f-46fd-af56-96bdc1e1831a,Akhil,,https://docs.google.com/spreadsheets/d/1Jv0rOTZ89o_prtRkJqmhjCc0TAK7uAwWoJrPjB5eTPY/edit?gid=641137404#gid=641137404,1Jv0rOTZ89o_prtRkJqmhjCc0TAK7uAwWoJrPjB5eTPY,Grand BootCamp 12th Feb ,55 And 254 amount,641137404,Date,f,8dca6892-3cf8-4a59-95a9-7484b6672cac,2026-05-25 10:31:29.705163+00,2026-05-25 10:31:29.705163+00,t
49187ffd-652f-4128-a7c1-397c185654b6,Hemanth,,https://docs.google.com/spreadsheets/d/1Jv0rOTZ89o_prtRkJqmhjCc0TAK7uAwWoJrPjB5eTPY/edit?gid=1156223782#gid=1156223782,1Jv0rOTZ89o_prtRkJqmhjCc0TAK7uAwWoJrPjB5eTPY,Grand BootCamp 12th Feb ,North with name,1156223782,Date,f,8dca6892-3cf8-4a59-95a9-7484b6672cac,2026-05-25 10:43:16.000397+00,2026-05-25 10:43:16.000397+00,t
06f0894c-f30b-4a46-adc6-ef8f27e29799,Akhil,,https://docs.google.com/spreadsheets/d/1Jv0rOTZ89o_prtRkJqmhjCc0TAK7uAwWoJrPjB5eTPY/edit?gid=641137404#gid=641137404,1Jv0rOTZ89o_prtRkJqmhjCc0TAK7uAwWoJrPjB5eTPY,Grand BootCamp 12th Feb ,55 And 254 amount,641137404,Date,f,8dca6892-3cf8-4a59-95a9-7484b6672cac,2026-05-25 10:43:16.15527+00,2026-05-25 10:43:16.15527+00,t
86f1b73b-1238-4c75-b77a-01e71c2f385b,Hemanth,,https://docs.google.com/spreadsheets/d/1Jv0rOTZ89o_prtRkJqmhjCc0TAK7uAwWoJrPjB5eTPY/edit?gid=1156223782#gid=1156223782,1Jv0rOTZ89o_prtRkJqmhjCc0TAK7uAwWoJrPjB5eTPY,Grand BootCamp 12th Feb ,North with name,1156223782,Date,f,8dca6892-3cf8-4a59-95a9-7484b6672cac,2026-05-26 07:49:27.90692+00,2026-05-26 07:49:27.90692+00,t
1bb722c1-02e6-4298-aee8-a227da5ab9ee,Akhil,,https://docs.google.com/spreadsheets/d/1Jv0rOTZ89o_prtRkJqmhjCc0TAK7uAwWoJrPjB5eTPY/edit?gid=641137404#gid=641137404,1Jv0rOTZ89o_prtRkJqmhjCc0TAK7uAwWoJrPjB5eTPY,Grand BootCamp 12th Feb ,55 And 254 amount,641137404,Date,f,8dca6892-3cf8-4a59-95a9-7484b6672cac,2026-05-26 07:49:28.052571+00,2026-05-26 07:49:28.052571+00,t
37a32e60-db6d-43f1-bd74-bbf4aea5c543,Hemanth,,https://docs.google.com/spreadsheets/d/1Jv0rOTZ89o_prtRkJqmhjCc0TAK7uAwWoJrPjB5eTPY/edit?gid=1156223782#gid=1156223782,1Jv0rOTZ89o_prtRkJqmhjCc0TAK7uAwWoJrPjB5eTPY,Grand BootCamp 12th Feb ,North with name,1156223782,Date,f,8dca6892-3cf8-4a59-95a9-7484b6672cac,2026-05-27 07:18:49.03158+00,2026-05-27 07:18:49.03158+00,t
d471ed29-8318-44d2-8456-6c6ba2d1f8f6,Akhil,,https://docs.google.com/spreadsheets/d/1Jv0rOTZ89o_prtRkJqmhjCc0TAK7uAwWoJrPjB5eTPY/edit?gid=641137404#gid=641137404,1Jv0rOTZ89o_prtRkJqmhjCc0TAK7uAwWoJrPjB5eTPY,Grand BootCamp 12th Feb ,55 And 254 amount,641137404,Date,f,8dca6892-3cf8-4a59-95a9-7484b6672cac,2026-05-27 07:18:49.385899+00,2026-05-27 07:18:49.385899+00,t
94e2f4f9-0ff2-417e-8f01-29feffd1d115,Hemanth,,https://docs.google.com/spreadsheets/d/1Jv0rOTZ89o_prtRkJqmhjCc0TAK7uAwWoJrPjB5eTPY/edit?gid=1156223782#gid=1156223782,1Jv0rOTZ89o_prtRkJqmhjCc0TAK7uAwWoJrPjB5eTPY,Grand BootCamp 12th Feb ,North with name,1156223782,Date,f,8dca6892-3cf8-4a59-95a9-7484b6672cac,2026-05-28 05:34:09.011157+00,2026-05-28 05:34:09.011157+00,t
8e173aa5-0ccd-4ca9-93c2-67fbd1796bce,Akhil,,https://docs.google.com/spreadsheets/d/1Jv0rOTZ89o_prtRkJqmhjCc0TAK7uAwWoJrPjB5eTPY/edit?gid=641137404#gid=641137404,1Jv0rOTZ89o_prtRkJqmhjCc0TAK7uAwWoJrPjB5eTPY,Grand BootCamp 12th Feb ,55 And 254 amount,641137404,Date,f,8dca6892-3cf8-4a59-95a9-7484b6672cac,2026-05-28 05:34:10.978349+00,2026-05-28 05:34:10.978349+00,t
d7e59bae-6518-4720-8cb3-173348c8f85c,Hemanth,,https://docs.google.com/spreadsheets/d/1Jv0rOTZ89o_prtRkJqmhjCc0TAK7uAwWoJrPjB5eTPY/edit?gid=1156223782#gid=1156223782,1Jv0rOTZ89o_prtRkJqmhjCc0TAK7uAwWoJrPjB5eTPY,Grand BootCamp 12th Feb ,North with name,1156223782,Date,f,8dca6892-3cf8-4a59-95a9-7484b6672cac,2026-05-29 07:31:36.081854+00,2026-05-29 07:31:36.081854+00,t
da535bbe-02f0-4284-89ee-419ba17a6e25,Akhil,,https://docs.google.com/spreadsheets/d/1Jv0rOTZ89o_prtRkJqmhjCc0TAK7uAwWoJrPjB5eTPY/edit?gid=641137404#gid=641137404,1Jv0rOTZ89o_prtRkJqmhjCc0TAK7uAwWoJrPjB5eTPY,Grand BootCamp 12th Feb ,55 And 254 amount,641137404,Date,f,8dca6892-3cf8-4a59-95a9-7484b6672cac,2026-05-29 07:31:36.240319+00,2026-05-29 07:31:36.240319+00,t
02ef6083-7976-4f55-a9f2-03ed2f15e5f5,Hemanth,,https://docs.google.com/spreadsheets/d/1Jv0rOTZ89o_prtRkJqmhjCc0TAK7uAwWoJrPjB5eTPY/edit?gid=1156223782#gid=1156223782,1Jv0rOTZ89o_prtRkJqmhjCc0TAK7uAwWoJrPjB5eTPY,Grand BootCamp 12th Feb ,North with name,1156223782,Date,f,8dca6892-3cf8-4a59-95a9-7484b6672cac,2026-05-30 08:04:34.14947+00,2026-05-30 08:04:34.14947+00,t
83984322-bd12-4609-ac96-abcb81bb6468,Akhil,,https://docs.google.com/spreadsheets/d/1Jv0rOTZ89o_prtRkJqmhjCc0TAK7uAwWoJrPjB5eTPY/edit?gid=641137404#gid=641137404,1Jv0rOTZ89o_prtRkJqmhjCc0TAK7uAwWoJrPjB5eTPY,Grand BootCamp 12th Feb ,55 And 254 amount,641137404,Date,f,8dca6892-3cf8-4a59-95a9-7484b6672cac,2026-05-30 08:04:34.321108+00,2026-05-30 08:04:34.321108+00,t
baabb164-48d7-4c9b-bba6-0843e9b3323f,Hemanth,,https://docs.google.com/spreadsheets/d/1Jv0rOTZ89o_prtRkJqmhjCc0TAK7uAwWoJrPjB5eTPY/edit?gid=1156223782#gid=1156223782,1Jv0rOTZ89o_prtRkJqmhjCc0TAK7uAwWoJrPjB5eTPY,Grand BootCamp 12th Feb ,North with name,1156223782,Date,f,8dca6892-3cf8-4a59-95a9-7484b6672cac,2026-06-01 07:46:04.301071+00,2026-06-01 07:46:04.301071+00,t
efce44ff-aad1-4331-957d-2af30149c966,Akhil,,https://docs.google.com/spreadsheets/d/1Jv0rOTZ89o_prtRkJqmhjCc0TAK7uAwWoJrPjB5eTPY/edit?gid=641137404#gid=641137404,1Jv0rOTZ89o_prtRkJqmhjCc0TAK7uAwWoJrPjB5eTPY,Grand BootCamp 12th Feb ,55 And 254 amount,641137404,Date,f,8dca6892-3cf8-4a59-95a9-7484b6672cac,2026-06-01 07:46:04.519633+00,2026-06-01 07:46:04.519633+00,t
6880904e-7f74-43b9-b4f5-b8debf35675b,Hemanth,,https://docs.google.com/spreadsheets/d/1Jv0rOTZ89o_prtRkJqmhjCc0TAK7uAwWoJrPjB5eTPY/edit?gid=1156223782#gid=1156223782,1Jv0rOTZ89o_prtRkJqmhjCc0TAK7uAwWoJrPjB5eTPY,Grand BootCamp 12th Feb ,North with name,1156223782,Date,f,8dca6892-3cf8-4a59-95a9-7484b6672cac,2026-06-01 07:55:19.827637+00,2026-06-01 07:55:19.827637+00,t
b2cb20f5-7415-4b78-88aa-6434fceb6d5f,Akhil,,https://docs.google.com/spreadsheets/d/1Jv0rOTZ89o_prtRkJqmhjCc0TAK7uAwWoJrPjB5eTPY/edit?gid=641137404#gid=641137404,1Jv0rOTZ89o_prtRkJqmhjCc0TAK7uAwWoJrPjB5eTPY,Grand BootCamp 12th Feb ,55 And 254 amount,641137404,Date,f,8dca6892-3cf8-4a59-95a9-7484b6672cac,2026-06-01 07:55:20.168042+00,2026-06-01 07:55:20.168042+00,t
7c31d932-21e9-4a72-a498-8ec6ec1acc23,Hemanth,,https://docs.google.com/spreadsheets/d/1Jv0rOTZ89o_prtRkJqmhjCc0TAK7uAwWoJrPjB5eTPY/edit?gid=1156223782#gid=1156223782,1Jv0rOTZ89o_prtRkJqmhjCc0TAK7uAwWoJrPjB5eTPY,Grand BootCamp 12th Feb ,North with name,1156223782,Date,f,8dca6892-3cf8-4a59-95a9-7484b6672cac,2026-06-02 07:34:07.486608+00,2026-06-02 07:34:07.486608+00,t
2a23403a-9663-470d-ab87-a5dfb3a7eb9f,Akhil,,https://docs.google.com/spreadsheets/d/1Jv0rOTZ89o_prtRkJqmhjCc0TAK7uAwWoJrPjB5eTPY/edit?gid=641137404#gid=641137404,1Jv0rOTZ89o_prtRkJqmhjCc0TAK7uAwWoJrPjB5eTPY,Grand BootCamp 12th Feb ,55 And 254 amount,641137404,Date,f,8dca6892-3cf8-4a59-95a9-7484b6672cac,2026-06-02 07:34:07.759172+00,2026-06-02 07:34:07.759172+00,t
f8dc6a77-c95e-4d53-8acd-e9086398275e,Hemanth,,https://docs.google.com/spreadsheets/d/1Jv0rOTZ89o_prtRkJqmhjCc0TAK7uAwWoJrPjB5eTPY/edit?gid=1156223782#gid=1156223782,1Jv0rOTZ89o_prtRkJqmhjCc0TAK7uAwWoJrPjB5eTPY,Grand BootCamp 12th Feb ,North with name,1156223782,Date,f,8dca6892-3cf8-4a59-95a9-7484b6672cac,2026-06-03 06:36:57.407321+00,2026-06-03 06:36:57.407321+00,t
b1f47313-7511-4114-a051-a9604cb466bb,Akhil,,https://docs.google.com/spreadsheets/d/1Jv0rOTZ89o_prtRkJqmhjCc0TAK7uAwWoJrPjB5eTPY/edit?gid=641137404#gid=641137404,1Jv0rOTZ89o_prtRkJqmhjCc0TAK7uAwWoJrPjB5eTPY,Grand BootCamp 12th Feb ,55 And 254 amount,641137404,Date,f,8dca6892-3cf8-4a59-95a9-7484b6672cac,2026-06-03 06:36:57.610835+00,2026-06-03 06:36:57.610835+00,t
44239361-a3ba-4dbb-a93a-c4226bc963b4,Hemanth,,https://docs.google.com/spreadsheets/d/1Jv0rOTZ89o_prtRkJqmhjCc0TAK7uAwWoJrPjB5eTPY/edit?gid=1156223782#gid=1156223782,1Jv0rOTZ89o_prtRkJqmhjCc0TAK7uAwWoJrPjB5eTPY,Grand BootCamp 12th Feb ,North with name,1156223782,Date,f,8dca6892-3cf8-4a59-95a9-7484b6672cac,2026-06-03 06:42:30.880844+00,2026-06-03 06:42:30.880844+00,t
f97e52ed-4a97-4711-a283-92077f12fcf9,Akhil,,https://docs.google.com/spreadsheets/d/1Jv0rOTZ89o_prtRkJqmhjCc0TAK7uAwWoJrPjB5eTPY/edit?gid=641137404#gid=641137404,1Jv0rOTZ89o_prtRkJqmhjCc0TAK7uAwWoJrPjB5eTPY,Grand BootCamp 12th Feb ,55 And 254 amount,641137404,Date,f,8dca6892-3cf8-4a59-95a9-7484b6672cac,2026-06-03 06:42:31.130765+00,2026-06-03 06:42:31.130765+00,t
ec1d7a68-9a2f-4031-be90-84d2ae9b4381,Hemanth,,https://docs.google.com/spreadsheets/d/1Jv0rOTZ89o_prtRkJqmhjCc0TAK7uAwWoJrPjB5eTPY/edit?gid=1156223782#gid=1156223782,1Jv0rOTZ89o_prtRkJqmhjCc0TAK7uAwWoJrPjB5eTPY,Grand BootCamp 12th Feb ,North with name,1156223782,Date,f,8dca6892-3cf8-4a59-95a9-7484b6672cac,2026-06-04 07:05:49.475924+00,2026-06-04 07:05:49.475924+00,t
4e2d2241-9eb3-476c-bad2-64028871dd71,Akhil,,https://docs.google.com/spreadsheets/d/1Jv0rOTZ89o_prtRkJqmhjCc0TAK7uAwWoJrPjB5eTPY/edit?gid=641137404#gid=641137404,1Jv0rOTZ89o_prtRkJqmhjCc0TAK7uAwWoJrPjB5eTPY,Grand BootCamp 12th Feb ,55 And 254 amount,641137404,Date,f,8dca6892-3cf8-4a59-95a9-7484b6672cac,2026-06-04 07:05:49.76426+00,2026-06-04 07:05:49.76426+00,t
7d320542-58d5-4bdd-a059-24b1dcfc32d1,Hemanth,,https://docs.google.com/spreadsheets/d/1Jv0rOTZ89o_prtRkJqmhjCc0TAK7uAwWoJrPjB5eTPY/edit?gid=1156223782#gid=1156223782,1Jv0rOTZ89o_prtRkJqmhjCc0TAK7uAwWoJrPjB5eTPY,Grand BootCamp 12th Feb ,North with name,1156223782,Date,f,8dca6892-3cf8-4a59-95a9-7484b6672cac,2026-06-05 07:49:50.240266+00,2026-06-05 07:49:50.240266+00,t
bc72e12c-ba2b-405b-bbdc-e1691b5b71ae,Akhil,,https://docs.google.com/spreadsheets/d/1Jv0rOTZ89o_prtRkJqmhjCc0TAK7uAwWoJrPjB5eTPY/edit?gid=641137404#gid=641137404,1Jv0rOTZ89o_prtRkJqmhjCc0TAK7uAwWoJrPjB5eTPY,Grand BootCamp 12th Feb ,55 And 254 amount,641137404,Date,f,8dca6892-3cf8-4a59-95a9-7484b6672cac,2026-06-05 07:49:50.549392+00,2026-06-05 07:49:50.549392+00,t
c2989e3e-ed3f-45cd-ad09-a4ec5bf09812,Hemanth,,https://docs.google.com/spreadsheets/d/1Jv0rOTZ89o_prtRkJqmhjCc0TAK7uAwWoJrPjB5eTPY/edit?gid=1156223782#gid=1156223782,1Jv0rOTZ89o_prtRkJqmhjCc0TAK7uAwWoJrPjB5eTPY,Grand BootCamp 12th Feb ,North with name,1156223782,Date,f,8dca6892-3cf8-4a59-95a9-7484b6672cac,2026-06-06 08:18:49.15687+00,2026-06-06 08:18:49.15687+00,t
eeba3c3a-01d8-43a7-ab5e-cda72f22d508,Akhil,,https://docs.google.com/spreadsheets/d/1Jv0rOTZ89o_prtRkJqmhjCc0TAK7uAwWoJrPjB5eTPY/edit?gid=641137404#gid=641137404,1Jv0rOTZ89o_prtRkJqmhjCc0TAK7uAwWoJrPjB5eTPY,Grand BootCamp 12th Feb ,55 And 254 amount,641137404,Date,f,8dca6892-3cf8-4a59-95a9-7484b6672cac,2026-06-06 08:18:49.402467+00,2026-06-06 08:18:49.402467+00,t
d979007d-57d9-44f8-b4db-52516cfcb272,Hemanth,,https://docs.google.com/spreadsheets/d/1Jv0rOTZ89o_prtRkJqmhjCc0TAK7uAwWoJrPjB5eTPY/edit?gid=1156223782#gid=1156223782,1Jv0rOTZ89o_prtRkJqmhjCc0TAK7uAwWoJrPjB5eTPY,Grand BootCamp 12th Feb ,North with name,1156223782,Date,f,89eddcfc-f32c-4f2b-b348-c30d77ce0c4b,2026-06-08 09:39:44.127853+00,2026-06-08 09:39:44.127853+00,t
eac52f46-b053-4335-b9a5-3555c8d8ddfe,Akhil,,https://docs.google.com/spreadsheets/d/1Jv0rOTZ89o_prtRkJqmhjCc0TAK7uAwWoJrPjB5eTPY/edit?gid=641137404#gid=641137404,1Jv0rOTZ89o_prtRkJqmhjCc0TAK7uAwWoJrPjB5eTPY,Grand BootCamp 12th Feb ,55 And 254 amount,641137404,Date,f,89eddcfc-f32c-4f2b-b348-c30d77ce0c4b,2026-06-08 09:39:44.526771+00,2026-06-08 09:39:44.526771+00,t
cf9c6fea-df5f-4fbe-a9c4-6b2641c37857,Hemanth,,https://docs.google.com/spreadsheets/d/1Jv0rOTZ89o_prtRkJqmhjCc0TAK7uAwWoJrPjB5eTPY/edit?gid=1156223782#gid=1156223782,1Jv0rOTZ89o_prtRkJqmhjCc0TAK7uAwWoJrPjB5eTPY,Grand BootCamp 12th Feb ,North with name,1156223782,Date,f,89eddcfc-f32c-4f2b-b348-c30d77ce0c4b,2026-06-08 09:49:35.600251+00,2026-06-08 09:49:35.600251+00,t
acc0362f-1ffb-4c9c-be80-9cbd14f98f3e,Akhil,,https://docs.google.com/spreadsheets/d/1Jv0rOTZ89o_prtRkJqmhjCc0TAK7uAwWoJrPjB5eTPY/edit?gid=641137404#gid=641137404,1Jv0rOTZ89o_prtRkJqmhjCc0TAK7uAwWoJrPjB5eTPY,Grand BootCamp 12th Feb ,55 And 254 amount,641137404,Date,f,89eddcfc-f32c-4f2b-b348-c30d77ce0c4b,2026-06-08 09:49:36.051351+00,2026-06-08 09:49:36.051351+00,t
2d37cbcf-9a99-4b9d-8064-2cf9871a4cec,Hemanth,,https://docs.google.com/spreadsheets/d/1Jv0rOTZ89o_prtRkJqmhjCc0TAK7uAwWoJrPjB5eTPY/edit?gid=1156223782#gid=1156223782,1Jv0rOTZ89o_prtRkJqmhjCc0TAK7uAwWoJrPjB5eTPY,Grand BootCamp 12th Feb ,North with name,1156223782,Date,f,89eddcfc-f32c-4f2b-b348-c30d77ce0c4b,2026-06-09 08:01:26.480948+00,2026-06-09 08:01:26.480948+00,t
29189a7b-4e00-4744-a4ca-96381e561170,Akhil,,https://docs.google.com/spreadsheets/d/1Jv0rOTZ89o_prtRkJqmhjCc0TAK7uAwWoJrPjB5eTPY/edit?gid=641137404#gid=641137404,1Jv0rOTZ89o_prtRkJqmhjCc0TAK7uAwWoJrPjB5eTPY,Grand BootCamp 12th Feb ,55 And 254 amount,641137404,Date,f,89eddcfc-f32c-4f2b-b348-c30d77ce0c4b,2026-06-09 08:01:26.71227+00,2026-06-09 08:01:26.71227+00,t
e8a6b084-0cf3-4c7d-8eff-86f0152fca1e,Hemanth,,https://docs.google.com/spreadsheets/d/1Jv0rOTZ89o_prtRkJqmhjCc0TAK7uAwWoJrPjB5eTPY/edit?gid=1156223782#gid=1156223782,1Jv0rOTZ89o_prtRkJqmhjCc0TAK7uAwWoJrPjB5eTPY,Grand BootCamp 12th Feb ,North with name,1156223782,Date,f,89eddcfc-f32c-4f2b-b348-c30d77ce0c4b,2026-06-10 07:10:45.801107+00,2026-06-10 07:10:45.801107+00,t
53d7fc46-9880-484f-aaf3-e0b739e1aa5f,Akhil,,https://docs.google.com/spreadsheets/d/1Jv0rOTZ89o_prtRkJqmhjCc0TAK7uAwWoJrPjB5eTPY/edit?gid=641137404#gid=641137404,1Jv0rOTZ89o_prtRkJqmhjCc0TAK7uAwWoJrPjB5eTPY,Grand BootCamp 12th Feb ,55 And 254 amount,641137404,Date,f,89eddcfc-f32c-4f2b-b348-c30d77ce0c4b,2026-06-10 07:10:46.036395+00,2026-06-10 07:10:46.036395+00,t
d4f64cc7-e1f6-4a0a-854a-71abf042ba4d,Hemanth,,https://docs.google.com/spreadsheets/d/1Jv0rOTZ89o_prtRkJqmhjCc0TAK7uAwWoJrPjB5eTPY/edit?gid=1156223782#gid=1156223782,1Jv0rOTZ89o_prtRkJqmhjCc0TAK7uAwWoJrPjB5eTPY,Grand BootCamp 12th Feb ,North with name,1156223782,Date,f,89eddcfc-f32c-4f2b-b348-c30d77ce0c4b,2026-06-11 07:53:14.18085+00,2026-06-11 07:53:14.18085+00,t
accfd74b-b3cd-4d78-8fb2-8208d93edc61,Akhil,,https://docs.google.com/spreadsheets/d/1EeJS7Rrt2-b3PKoN_gRrSvWL8rdfgUWnny4U5M0_uds/edit?gid=0#gid=0,1EeJS7Rrt2-b3PKoN_gRrSvWL8rdfgUWnny4U5M0_uds,Brelex Leads,Brelex,0,Date,f,89eddcfc-f32c-4f2b-b348-c30d77ce0c4b,2026-06-11 07:53:14.400211+00,2026-06-11 07:53:14.400211+00,t
63053a9e-8878-4802-9466-953dc82be4e0,Hemanth,,https://docs.google.com/spreadsheets/d/1Jv0rOTZ89o_prtRkJqmhjCc0TAK7uAwWoJrPjB5eTPY/edit?gid=1156223782#gid=1156223782,1Jv0rOTZ89o_prtRkJqmhjCc0TAK7uAwWoJrPjB5eTPY,Grand BootCamp 12th Feb ,North with name,1156223782,Date,f,89eddcfc-f32c-4f2b-b348-c30d77ce0c4b,2026-06-13 07:07:14.344592+00,2026-06-13 07:07:14.344592+00,t
71f98f31-1a61-4d56-96f6-b0a0301e8de9,Akhil,,https://docs.google.com/spreadsheets/d/1EeJS7Rrt2-b3PKoN_gRrSvWL8rdfgUWnny4U5M0_uds/edit?gid=0#gid=0,1EeJS7Rrt2-b3PKoN_gRrSvWL8rdfgUWnny4U5M0_uds,Brelex Leads,Brelex,0,Date,f,89eddcfc-f32c-4f2b-b348-c30d77ce0c4b,2026-06-13 07:07:14.4898+00,2026-06-13 07:07:14.4898+00,t
53f1eb6b-8720-4514-bb32-3ebeac1c9369,Hemanth,,https://docs.google.com/spreadsheets/d/1Jv0rOTZ89o_prtRkJqmhjCc0TAK7uAwWoJrPjB5eTPY/edit?gid=1156223782#gid=1156223782,1Jv0rOTZ89o_prtRkJqmhjCc0TAK7uAwWoJrPjB5eTPY,Grand BootCamp 12th Feb ,North with name,1156223782,Date,f,89eddcfc-f32c-4f2b-b348-c30d77ce0c4b,2026-06-13 08:14:57.13862+00,2026-06-13 08:14:57.13862+00,t
55fb48c8-92ff-4a19-89f2-27d165649659,Akhil,,https://docs.google.com/spreadsheets/d/1EeJS7Rrt2-b3PKoN_gRrSvWL8rdfgUWnny4U5M0_uds/edit?gid=0#gid=0,1EeJS7Rrt2-b3PKoN_gRrSvWL8rdfgUWnny4U5M0_uds,Brelex Leads,Brelex,0,Date,f,89eddcfc-f32c-4f2b-b348-c30d77ce0c4b,2026-06-13 08:14:57.288844+00,2026-06-13 08:14:57.288844+00,t
2f4862dd-d8b2-406b-8e69-fd30fe615a5e,Hemanth,,https://docs.google.com/spreadsheets/d/1Jv0rOTZ89o_prtRkJqmhjCc0TAK7uAwWoJrPjB5eTPY/edit?gid=1156223782#gid=1156223782,1Jv0rOTZ89o_prtRkJqmhjCc0TAK7uAwWoJrPjB5eTPY,Grand BootCamp 12th Feb ,North with name,1156223782,Date,f,89eddcfc-f32c-4f2b-b348-c30d77ce0c4b,2026-06-15 08:21:36.734028+00,2026-06-15 08:21:36.734028+00,t
f099f05b-3b71-46bb-b1e9-123fff6c3065,Hemanth,,https://docs.google.com/spreadsheets/d/1Jv0rOTZ89o_prtRkJqmhjCc0TAK7uAwWoJrPjB5eTPY/edit?gid=1156223782#gid=1156223782,1Jv0rOTZ89o_prtRkJqmhjCc0TAK7uAwWoJrPjB5eTPY,Grand BootCamp 12th Feb ,North with name,1156223782,Date,f,89eddcfc-f32c-4f2b-b348-c30d77ce0c4b,2026-06-15 08:31:49.021051+00,2026-06-15 08:31:49.021051+00,t
3b61e8a1-479d-4d34-ab4e-7f19055f46d5,Hemanth,,https://docs.google.com/spreadsheets/d/1Jv0rOTZ89o_prtRkJqmhjCc0TAK7uAwWoJrPjB5eTPY/edit?gid=1156223782#gid=1156223782,1Jv0rOTZ89o_prtRkJqmhjCc0TAK7uAwWoJrPjB5eTPY,Grand BootCamp 12th Feb ,North with name,1156223782,Date,f,89eddcfc-f32c-4f2b-b348-c30d77ce0c4b,2026-06-15 08:40:01.028238+00,2026-06-15 08:40:01.028238+00,t
809c857a-ad58-410e-858a-55f5f7bdde4e,Hemanth,,https://docs.google.com/spreadsheets/d/1Jv0rOTZ89o_prtRkJqmhjCc0TAK7uAwWoJrPjB5eTPY/edit?gid=1156223782#gid=1156223782,1Jv0rOTZ89o_prtRkJqmhjCc0TAK7uAwWoJrPjB5eTPY,Grand BootCamp 12th Feb ,North with name,1156223782,Date,f,89eddcfc-f32c-4f2b-b348-c30d77ce0c4b,2026-06-16 07:49:36.919882+00,2026-06-16 07:49:36.919882+00,t
e16cbf7b-70f9-4311-a43a-80079900f2c8,Hemanth,,https://docs.google.com/spreadsheets/d/1Jv0rOTZ89o_prtRkJqmhjCc0TAK7uAwWoJrPjB5eTPY/edit?gid=1156223782#gid=1156223782,1Jv0rOTZ89o_prtRkJqmhjCc0TAK7uAwWoJrPjB5eTPY,Grand BootCamp 12th Feb ,North with name,1156223782,Date,f,89eddcfc-f32c-4f2b-b348-c30d77ce0c4b,2026-06-17 08:04:13.083639+00,2026-06-17 08:04:13.083639+00,t
21d0d792-e2ac-4211-be00-2ca4cbf3313b,Akhil,,https://docs.google.com/spreadsheets/d/1Jv0rOTZ89o_prtRkJqmhjCc0TAK7uAwWoJrPjB5eTPY/edit?gid=641137404#gid=641137404,1Jv0rOTZ89o_prtRkJqmhjCc0TAK7uAwWoJrPjB5eTPY,Grand BootCamp 12th Feb ,55 And 254 amount,641137404,Date,f,89eddcfc-f32c-4f2b-b348-c30d77ce0c4b,2026-06-17 08:04:13.280536+00,2026-06-17 08:04:13.280536+00,t
21811a0f-0f1a-4c2b-8a24-99534178a9ff,Hemanth,,https://docs.google.com/spreadsheets/d/1Jv0rOTZ89o_prtRkJqmhjCc0TAK7uAwWoJrPjB5eTPY/edit?gid=1156223782#gid=1156223782,1Jv0rOTZ89o_prtRkJqmhjCc0TAK7uAwWoJrPjB5eTPY,Grand BootCamp 12th Feb ,North with name,1156223782,Date,f,89eddcfc-f32c-4f2b-b348-c30d77ce0c4b,2026-06-18 07:24:37.023172+00,2026-06-18 07:24:37.023172+00,t
66746f10-95bc-47f6-9946-a4071a503e6a,Akhil,,https://docs.google.com/spreadsheets/d/1Jv0rOTZ89o_prtRkJqmhjCc0TAK7uAwWoJrPjB5eTPY/edit?gid=641137404#gid=641137404,1Jv0rOTZ89o_prtRkJqmhjCc0TAK7uAwWoJrPjB5eTPY,Grand BootCamp 12th Feb ,55 And 254 amount,641137404,Date,f,89eddcfc-f32c-4f2b-b348-c30d77ce0c4b,2026-06-18 07:24:37.302932+00,2026-06-18 07:24:37.302932+00,t
b02f6639-eec4-4c88-867b-298d046959d6,Hemanth,,https://docs.google.com/spreadsheets/d/1Jv0rOTZ89o_prtRkJqmhjCc0TAK7uAwWoJrPjB5eTPY/edit?gid=1156223782#gid=1156223782,1Jv0rOTZ89o_prtRkJqmhjCc0TAK7uAwWoJrPjB5eTPY,Grand BootCamp 12th Feb ,North with name,1156223782,Date,f,89eddcfc-f32c-4f2b-b348-c30d77ce0c4b,2026-06-20 06:38:09.452904+00,2026-06-20 06:38:09.452904+00,t
28a2af7d-408c-4e4b-a811-b54d487d2902,Hemanth,,https://docs.google.com/spreadsheets/d/1Jv0rOTZ89o_prtRkJqmhjCc0TAK7uAwWoJrPjB5eTPY/edit?gid=1156223782#gid=1156223782,1Jv0rOTZ89o_prtRkJqmhjCc0TAK7uAwWoJrPjB5eTPY,Grand BootCamp 12th Feb ,North with name,1156223782,Date,f,89eddcfc-f32c-4f2b-b348-c30d77ce0c4b,2026-06-20 06:48:35.571258+00,2026-06-20 06:48:35.571258+00,t
20a0f269-e490-40d6-9cf0-943604ca1244,Hemanth,,https://docs.google.com/spreadsheets/d/1Jv0rOTZ89o_prtRkJqmhjCc0TAK7uAwWoJrPjB5eTPY/edit?gid=1156223782#gid=1156223782,1Jv0rOTZ89o_prtRkJqmhjCc0TAK7uAwWoJrPjB5eTPY,Grand BootCamp 12th Feb ,North with name,1156223782,Date,f,89eddcfc-f32c-4f2b-b348-c30d77ce0c4b,2026-06-22 08:10:14.407942+00,2026-06-22 08:10:14.407942+00,t
d93db289-7436-4b83-ab0a-44ccbf0bdf4f,Akhil,,https://docs.google.com/spreadsheets/d/1Jv0rOTZ89o_prtRkJqmhjCc0TAK7uAwWoJrPjB5eTPY/edit?gid=641137404#gid=641137404,1Jv0rOTZ89o_prtRkJqmhjCc0TAK7uAwWoJrPjB5eTPY,Grand BootCamp 12th Feb ,55 And 254 amount,641137404,Date,f,89eddcfc-f32c-4f2b-b348-c30d77ce0c4b,2026-06-22 10:01:41.754486+00,2026-06-22 10:01:41.754486+00,t
bdc3b29c-d529-4924-9072-b865eaa22473,Hemanth,,https://docs.google.com/spreadsheets/d/1Jv0rOTZ89o_prtRkJqmhjCc0TAK7uAwWoJrPjB5eTPY/edit?gid=1156223782#gid=1156223782,1Jv0rOTZ89o_prtRkJqmhjCc0TAK7uAwWoJrPjB5eTPY,Grand BootCamp 12th Feb ,North with name,1156223782,Date,f,89eddcfc-f32c-4f2b-b348-c30d77ce0c4b,2026-06-22 10:01:42.172038+00,2026-06-22 10:01:42.172038+00,t
fd47ccb1-b012-4a66-ba42-fda3e84e3882,Hemanth,,https://docs.google.com/spreadsheets/d/1Jv0rOTZ89o_prtRkJqmhjCc0TAK7uAwWoJrPjB5eTPY/edit?gid=1156223782#gid=1156223782,1Jv0rOTZ89o_prtRkJqmhjCc0TAK7uAwWoJrPjB5eTPY,Grand BootCamp 12th Feb ,North with name,1156223782,Date,f,89eddcfc-f32c-4f2b-b348-c30d77ce0c4b,2026-06-23 09:51:47.650382+00,2026-06-23 09:51:47.650382+00,t
adc431d5-652b-483f-8692-a6f2bfa46fda,Akhil,,https://docs.google.com/spreadsheets/d/1Jv0rOTZ89o_prtRkJqmhjCc0TAK7uAwWoJrPjB5eTPY/edit?gid=641137404#gid=641137404,1Jv0rOTZ89o_prtRkJqmhjCc0TAK7uAwWoJrPjB5eTPY,Grand BootCamp 12th Feb ,55 And 254 amount,641137404,Date,f,89eddcfc-f32c-4f2b-b348-c30d77ce0c4b,2026-06-23 09:51:48.369627+00,2026-06-23 09:51:48.369627+00,t
f180bc79-cb65-4a71-9c54-9968e2cb0d8f,Hemanth,,https://docs.google.com/spreadsheets/d/1Jv0rOTZ89o_prtRkJqmhjCc0TAK7uAwWoJrPjB5eTPY/edit?gid=1156223782#gid=1156223782,1Jv0rOTZ89o_prtRkJqmhjCc0TAK7uAwWoJrPjB5eTPY,Grand BootCamp 12th Feb ,North with name,1156223782,Date,f,89eddcfc-f32c-4f2b-b348-c30d77ce0c4b,2026-06-24 07:19:58.126557+00,2026-06-24 07:19:58.126557+00,t
a9123446-0243-44b6-bca7-a2215933b6bd,Akhil,,https://docs.google.com/spreadsheets/d/1Jv0rOTZ89o_prtRkJqmhjCc0TAK7uAwWoJrPjB5eTPY/edit?gid=641137404#gid=641137404,1Jv0rOTZ89o_prtRkJqmhjCc0TAK7uAwWoJrPjB5eTPY,Grand BootCamp 12th Feb ,55 And 254 amount,641137404,Date,f,89eddcfc-f32c-4f2b-b348-c30d77ce0c4b,2026-06-24 07:19:58.49596+00,2026-06-24 07:19:58.49596+00,t
11cda67e-fd1c-4fd7-bd6e-8b3b6d4dbf35,Hemanth,,https://docs.google.com/spreadsheets/d/1Jv0rOTZ89o_prtRkJqmhjCc0TAK7uAwWoJrPjB5eTPY/edit?gid=1156223782#gid=1156223782,1Jv0rOTZ89o_prtRkJqmhjCc0TAK7uAwWoJrPjB5eTPY,Grand BootCamp 12th Feb ,North with name,1156223782,Date,f,89eddcfc-f32c-4f2b-b348-c30d77ce0c4b,2026-06-25 06:09:40.458261+00,2026-06-25 06:09:40.458261+00,t
37286cf4-f828-42f9-af3a-3996bc6d89c5,Akhil,,https://docs.google.com/spreadsheets/d/1Jv0rOTZ89o_prtRkJqmhjCc0TAK7uAwWoJrPjB5eTPY/edit?gid=641137404#gid=641137404,1Jv0rOTZ89o_prtRkJqmhjCc0TAK7uAwWoJrPjB5eTPY,Grand BootCamp 12th Feb ,55 And 254 amount,641137404,Date,f,89eddcfc-f32c-4f2b-b348-c30d77ce0c4b,2026-06-25 06:09:40.673437+00,2026-06-25 06:09:40.673437+00,t
e7067a1b-1989-41e3-8af8-8dc9d429eaf8,Hemanth,,https://docs.google.com/spreadsheets/d/1Jv0rOTZ89o_prtRkJqmhjCc0TAK7uAwWoJrPjB5eTPY/edit?gid=1156223782#gid=1156223782,1Jv0rOTZ89o_prtRkJqmhjCc0TAK7uAwWoJrPjB5eTPY,Grand BootCamp 12th Feb ,North with name,1156223782,Date,f,89eddcfc-f32c-4f2b-b348-c30d77ce0c4b,2026-06-26 08:19:30.468062+00,2026-06-26 08:19:30.468062+00,t
884a6c84-cbc5-43eb-949c-0682e67b11d4,Akhil,,https://docs.google.com/spreadsheets/d/1Jv0rOTZ89o_prtRkJqmhjCc0TAK7uAwWoJrPjB5eTPY/edit?gid=641137404#gid=641137404,1Jv0rOTZ89o_prtRkJqmhjCc0TAK7uAwWoJrPjB5eTPY,Grand BootCamp 12th Feb ,55 And 254 amount,641137404,Date,f,89eddcfc-f32c-4f2b-b348-c30d77ce0c4b,2026-06-26 08:19:30.680208+00,2026-06-26 08:19:30.680208+00,t
a75fa352-0c9b-412e-9746-c249942bb3e2,Hemanth,,https://docs.google.com/spreadsheets/d/1Jv0rOTZ89o_prtRkJqmhjCc0TAK7uAwWoJrPjB5eTPY/edit?gid=1156223782#gid=1156223782,1Jv0rOTZ89o_prtRkJqmhjCc0TAK7uAwWoJrPjB5eTPY,Grand BootCamp 12th Feb ,North with name,1156223782,Date,f,89eddcfc-f32c-4f2b-b348-c30d77ce0c4b,2026-06-27 06:48:26.107008+00,2026-06-27 06:48:26.107008+00,t
73eba964-f1f0-45b1-a10d-f3b81831da74,Akhil,,https://docs.google.com/spreadsheets/d/1Jv0rOTZ89o_prtRkJqmhjCc0TAK7uAwWoJrPjB5eTPY/edit?gid=964034411#gid=964034411,1Jv0rOTZ89o_prtRkJqmhjCc0TAK7uAwWoJrPjB5eTPY,Grand BootCamp 12th Feb ,Brelex Leads,964034411,Date,f,89eddcfc-f32c-4f2b-b348-c30d77ce0c4b,2026-06-27 06:48:26.363488+00,2026-06-27 06:48:26.363488+00,t
a729c3f7-fc1e-4043-a1d2-d02276a58c98,Hemanth,,https://docs.google.com/spreadsheets/d/1Jv0rOTZ89o_prtRkJqmhjCc0TAK7uAwWoJrPjB5eTPY/edit?gid=1156223782#gid=1156223782,1Jv0rOTZ89o_prtRkJqmhjCc0TAK7uAwWoJrPjB5eTPY,Grand BootCamp 12th Feb ,North with name,1156223782,Date,f,89eddcfc-f32c-4f2b-b348-c30d77ce0c4b,2026-06-28 10:56:22.360013+00,2026-06-28 10:56:22.360013+00,t
755de017-bebd-4a50-a485-e25303eb21c8,Akhil,,https://docs.google.com/spreadsheets/d/1Jv0rOTZ89o_prtRkJqmhjCc0TAK7uAwWoJrPjB5eTPY/edit?gid=964034411#gid=964034411,1Jv0rOTZ89o_prtRkJqmhjCc0TAK7uAwWoJrPjB5eTPY,Grand BootCamp 12th Feb ,Brelex Leads,964034411,Date,f,89eddcfc-f32c-4f2b-b348-c30d77ce0c4b,2026-06-28 10:56:22.610511+00,2026-06-28 10:56:22.610511+00,t
193dba1f-8225-4c6b-b387-1c1fda038844,Hemanth,,https://docs.google.com/spreadsheets/d/1Jv0rOTZ89o_prtRkJqmhjCc0TAK7uAwWoJrPjB5eTPY/edit?gid=1156223782#gid=1156223782,1Jv0rOTZ89o_prtRkJqmhjCc0TAK7uAwWoJrPjB5eTPY,Grand BootCamp 12th Feb ,North with name,1156223782,Date,f,89eddcfc-f32c-4f2b-b348-c30d77ce0c4b,2026-06-29 06:52:13.753394+00,2026-06-29 06:52:13.753394+00,t
91dcfe3a-cfed-4110-bae8-dc7829f0bdac,Akhil,,https://docs.google.com/spreadsheets/d/1Jv0rOTZ89o_prtRkJqmhjCc0TAK7uAwWoJrPjB5eTPY/edit?gid=964034411#gid=964034411,1Jv0rOTZ89o_prtRkJqmhjCc0TAK7uAwWoJrPjB5eTPY,Grand BootCamp 12th Feb ,Brelex Leads,964034411,Date,f,89eddcfc-f32c-4f2b-b348-c30d77ce0c4b,2026-06-29 06:52:13.981925+00,2026-06-29 06:52:13.981925+00,t
d072c431-4b48-4fe0-9563-a3bfe03ae734,Hemanth,,https://docs.google.com/spreadsheets/d/1Jv0rOTZ89o_prtRkJqmhjCc0TAK7uAwWoJrPjB5eTPY/edit?gid=1156223782#gid=1156223782,1Jv0rOTZ89o_prtRkJqmhjCc0TAK7uAwWoJrPjB5eTPY,Grand BootCamp 12th Feb ,North with name,1156223782,Date,f,89eddcfc-f32c-4f2b-b348-c30d77ce0c4b,2026-06-30 07:16:41.293257+00,2026-06-30 07:16:41.293257+00,t
374365b5-41d7-4a14-8870-be5adf61d3e7,Akhil,,https://docs.google.com/spreadsheets/d/1Jv0rOTZ89o_prtRkJqmhjCc0TAK7uAwWoJrPjB5eTPY/edit?gid=964034411#gid=964034411,1Jv0rOTZ89o_prtRkJqmhjCc0TAK7uAwWoJrPjB5eTPY,Grand BootCamp 12th Feb ,Brelex Leads,964034411,Date,f,89eddcfc-f32c-4f2b-b348-c30d77ce0c4b,2026-06-30 07:16:41.487287+00,2026-06-30 07:16:41.487287+00,t
90d60ca5-b3d5-4c39-bfb4-9a99d96beaf1,Hemanth,,https://docs.google.com/spreadsheets/d/1Jv0rOTZ89o_prtRkJqmhjCc0TAK7uAwWoJrPjB5eTPY/edit?gid=1156223782#gid=1156223782,1Jv0rOTZ89o_prtRkJqmhjCc0TAK7uAwWoJrPjB5eTPY,Grand BootCamp 12th Feb ,North with name,1156223782,Date,f,89eddcfc-f32c-4f2b-b348-c30d77ce0c4b,2026-07-01 10:48:55.302791+00,2026-07-01 10:48:55.302791+00,t
92162620-665c-4bfa-bdcd-80830636a38d,Akhil,,https://docs.google.com/spreadsheets/d/1Jv0rOTZ89o_prtRkJqmhjCc0TAK7uAwWoJrPjB5eTPY/edit?gid=964034411#gid=964034411,1Jv0rOTZ89o_prtRkJqmhjCc0TAK7uAwWoJrPjB5eTPY,Grand BootCamp 12th Feb ,Brelex Leads,964034411,Date,f,89eddcfc-f32c-4f2b-b348-c30d77ce0c4b,2026-07-01 10:48:55.514073+00,2026-07-01 10:48:55.514073+00,t
14eb0cc9-6c4c-45f8-8a25-7b4d903a7e7c,Hemanth,,https://docs.google.com/spreadsheets/d/1Jv0rOTZ89o_prtRkJqmhjCc0TAK7uAwWoJrPjB5eTPY/edit?gid=1156223782#gid=1156223782,1Jv0rOTZ89o_prtRkJqmhjCc0TAK7uAwWoJrPjB5eTPY,Grand BootCamp 12th Feb ,North with name,1156223782,Date,f,89eddcfc-f32c-4f2b-b348-c30d77ce0c4b,2026-07-02 06:52:00.446688+00,2026-07-02 06:52:00.446688+00,t
56967c0b-9bde-4983-a8e9-deeab464674f,Akhil,,https://docs.google.com/spreadsheets/d/1Jv0rOTZ89o_prtRkJqmhjCc0TAK7uAwWoJrPjB5eTPY/edit?gid=964034411#gid=964034411,1Jv0rOTZ89o_prtRkJqmhjCc0TAK7uAwWoJrPjB5eTPY,Grand BootCamp 12th Feb ,Brelex Leads,964034411,Date,f,89eddcfc-f32c-4f2b-b348-c30d77ce0c4b,2026-07-02 06:52:00.720472+00,2026-07-02 06:52:00.720472+00,t
49054ab3-43f6-4797-9f06-c368f5c30cbe,Hemanth,,https://docs.google.com/spreadsheets/d/1Jv0rOTZ89o_prtRkJqmhjCc0TAK7uAwWoJrPjB5eTPY/edit?gid=1156223782#gid=1156223782,1Jv0rOTZ89o_prtRkJqmhjCc0TAK7uAwWoJrPjB5eTPY,Grand BootCamp 12th Feb ,North with name,1156223782,Date,f,89eddcfc-f32c-4f2b-b348-c30d77ce0c4b,2026-07-03 06:41:16.575754+00,2026-07-03 06:41:16.575754+00,t
9cdc4b30-a878-4397-9b4a-9f41f8d98cec,Akhil,,https://docs.google.com/spreadsheets/d/1Jv0rOTZ89o_prtRkJqmhjCc0TAK7uAwWoJrPjB5eTPY/edit?gid=964034411#gid=964034411,1Jv0rOTZ89o_prtRkJqmhjCc0TAK7uAwWoJrPjB5eTPY,Grand BootCamp 12th Feb ,Brelex Leads,964034411,Date,f,89eddcfc-f32c-4f2b-b348-c30d77ce0c4b,2026-07-03 06:41:16.76878+00,2026-07-03 06:41:16.76878+00,t
62cd3995-0df3-4434-b041-27cda9a31dcd,Hemanth,,https://docs.google.com/spreadsheets/d/1Jv0rOTZ89o_prtRkJqmhjCc0TAK7uAwWoJrPjB5eTPY/edit?gid=1156223782#gid=1156223782,1Jv0rOTZ89o_prtRkJqmhjCc0TAK7uAwWoJrPjB5eTPY,Grand BootCamp 12th Feb ,North with name,1156223782,Date,f,89eddcfc-f32c-4f2b-b348-c30d77ce0c4b,2026-07-06 06:53:58.885692+00,2026-07-06 06:53:58.885692+00,t
e788be84-b82f-425a-91ef-7a76460eac15,Akhil,,https://docs.google.com/spreadsheets/d/1Jv0rOTZ89o_prtRkJqmhjCc0TAK7uAwWoJrPjB5eTPY/edit?gid=964034411#gid=964034411,1Jv0rOTZ89o_prtRkJqmhjCc0TAK7uAwWoJrPjB5eTPY,Grand BootCamp 12th Feb ,Brelex Leads,964034411,Date,f,89eddcfc-f32c-4f2b-b348-c30d77ce0c4b,2026-07-06 06:53:59.143492+00,2026-07-06 06:53:59.143492+00,t
ba17b3ac-2383-41f3-b49f-b602cf0f6a64,Hemanth,,https://docs.google.com/spreadsheets/d/1Jv0rOTZ89o_prtRkJqmhjCc0TAK7uAwWoJrPjB5eTPY/edit?gid=1156223782#gid=1156223782,1Jv0rOTZ89o_prtRkJqmhjCc0TAK7uAwWoJrPjB5eTPY,Grand BootCamp 12th Feb ,North with name,1156223782,Date,f,89eddcfc-f32c-4f2b-b348-c30d77ce0c4b,2026-07-06 08:11:21.647126+00,2026-07-06 08:11:21.647126+00,t
31f1a817-5aaa-4355-b70d-2f16fdf10d2a,Akhil,,https://docs.google.com/spreadsheets/d/1Jv0rOTZ89o_prtRkJqmhjCc0TAK7uAwWoJrPjB5eTPY/edit?gid=964034411#gid=964034411,1Jv0rOTZ89o_prtRkJqmhjCc0TAK7uAwWoJrPjB5eTPY,Grand BootCamp 12th Feb ,Brelex Leads,964034411,Date,f,89eddcfc-f32c-4f2b-b348-c30d77ce0c4b,2026-07-06 08:11:21.858632+00,2026-07-06 08:11:21.858632+00,t
965f4f7c-5501-4792-8102-71dba222ec08,Hemanth,,https://docs.google.com/spreadsheets/d/1Jv0rOTZ89o_prtRkJqmhjCc0TAK7uAwWoJrPjB5eTPY/edit?gid=1156223782#gid=1156223782,1Jv0rOTZ89o_prtRkJqmhjCc0TAK7uAwWoJrPjB5eTPY,Grand BootCamp 12th Feb ,North with name,1156223782,Date,f,89eddcfc-f32c-4f2b-b348-c30d77ce0c4b,2026-07-06 08:16:19.88703+00,2026-07-06 08:16:19.88703+00,t
13f632b4-2e55-4501-82da-2131a2169d0c,Akhil,,https://docs.google.com/spreadsheets/d/1Jv0rOTZ89o_prtRkJqmhjCc0TAK7uAwWoJrPjB5eTPY/edit?gid=964034411#gid=964034411,1Jv0rOTZ89o_prtRkJqmhjCc0TAK7uAwWoJrPjB5eTPY,Grand BootCamp 12th Feb ,Brelex Leads,964034411,Date,f,89eddcfc-f32c-4f2b-b348-c30d77ce0c4b,2026-07-06 08:16:20.125191+00,2026-07-06 08:16:20.125191+00,t
2a6cd86e-5f3c-4085-b3e1-f6d695429e77,Hemanth,,https://docs.google.com/spreadsheets/d/1Jv0rOTZ89o_prtRkJqmhjCc0TAK7uAwWoJrPjB5eTPY/edit?gid=1156223782#gid=1156223782,1Jv0rOTZ89o_prtRkJqmhjCc0TAK7uAwWoJrPjB5eTPY,Grand BootCamp 12th Feb ,North with name,1156223782,Date,f,89eddcfc-f32c-4f2b-b348-c30d77ce0c4b,2026-07-07 07:06:32.046532+00,2026-07-07 07:06:32.046532+00,t
1cf69028-1273-4225-8f2b-4cfab63de970,Akhil,,https://docs.google.com/spreadsheets/d/1Jv0rOTZ89o_prtRkJqmhjCc0TAK7uAwWoJrPjB5eTPY/edit?gid=964034411#gid=964034411,1Jv0rOTZ89o_prtRkJqmhjCc0TAK7uAwWoJrPjB5eTPY,Grand BootCamp 12th Feb ,Brelex Leads,964034411,Date,f,89eddcfc-f32c-4f2b-b348-c30d77ce0c4b,2026-07-07 07:06:32.276503+00,2026-07-07 07:06:32.276503+00,t
1660c5fc-7784-4007-b52d-46fac10ee2d1,Hemanth,,https://docs.google.com/spreadsheets/d/1Jv0rOTZ89o_prtRkJqmhjCc0TAK7uAwWoJrPjB5eTPY/edit?gid=1156223782#gid=1156223782,1Jv0rOTZ89o_prtRkJqmhjCc0TAK7uAwWoJrPjB5eTPY,Grand BootCamp 12th Feb ,North with name,1156223782,Date,f,89eddcfc-f32c-4f2b-b348-c30d77ce0c4b,2026-07-08 07:07:48.826847+00,2026-07-08 07:07:48.826847+00,t
35d1a4c9-6166-4109-9a0b-b2b51ed960b8,Akhil,,https://docs.google.com/spreadsheets/d/1Jv0rOTZ89o_prtRkJqmhjCc0TAK7uAwWoJrPjB5eTPY/edit?gid=964034411#gid=964034411,1Jv0rOTZ89o_prtRkJqmhjCc0TAK7uAwWoJrPjB5eTPY,Grand BootCamp 12th Feb ,Brelex Leads,964034411,Date,f,89eddcfc-f32c-4f2b-b348-c30d77ce0c4b,2026-07-08 07:07:49.043709+00,2026-07-08 07:07:49.043709+00,t
1c162f22-5b31-4541-aa65-554a4324f1cf,Hemanth,,https://docs.google.com/spreadsheets/d/1Jv0rOTZ89o_prtRkJqmhjCc0TAK7uAwWoJrPjB5eTPY/edit?gid=1156223782#gid=1156223782,1Jv0rOTZ89o_prtRkJqmhjCc0TAK7uAwWoJrPjB5eTPY,Grand BootCamp 12th Feb ,North with name,1156223782,Date,f,8dca6892-3cf8-4a59-95a9-7484b6672cac,2026-07-13 06:50:04.857603+00,2026-07-13 06:50:04.857603+00,t
f86e8eb9-7ebd-4158-bab5-60dc09a7b13d,Akhil,,https://docs.google.com/spreadsheets/d/1Jv0rOTZ89o_prtRkJqmhjCc0TAK7uAwWoJrPjB5eTPY/edit?gid=964034411#gid=964034411,1Jv0rOTZ89o_prtRkJqmhjCc0TAK7uAwWoJrPjB5eTPY,Grand BootCamp 12th Feb ,Brelex Leads,964034411,Date,f,8dca6892-3cf8-4a59-95a9-7484b6672cac,2026-07-13 06:50:05.105871+00,2026-07-13 06:50:05.105871+00,t
014678f1-4b12-4f5d-88b2-94da1ddbc027,Hemanth,,https://docs.google.com/spreadsheets/d/1Jv0rOTZ89o_prtRkJqmhjCc0TAK7uAwWoJrPjB5eTPY/edit?gid=1156223782#gid=1156223782,1Jv0rOTZ89o_prtRkJqmhjCc0TAK7uAwWoJrPjB5eTPY,Grand BootCamp 12th Feb ,North with name,1156223782,Date,f,8dca6892-3cf8-4a59-95a9-7484b6672cac,2026-07-13 07:57:48.433902+00,2026-07-13 07:57:48.433902+00,t
e1bc944c-125c-4bb5-95b4-7dfe57951986,Akhil,,https://docs.google.com/spreadsheets/d/1Jv0rOTZ89o_prtRkJqmhjCc0TAK7uAwWoJrPjB5eTPY/edit?gid=964034411#gid=964034411,1Jv0rOTZ89o_prtRkJqmhjCc0TAK7uAwWoJrPjB5eTPY,Grand BootCamp 12th Feb ,Brelex Leads,964034411,Date,f,8dca6892-3cf8-4a59-95a9-7484b6672cac,2026-07-13 07:57:48.645861+00,2026-07-13 07:57:48.645861+00,t
94392eb0-3547-4b82-b5e3-2321f24e9a02,Hemanth,,https://docs.google.com/spreadsheets/d/1Jv0rOTZ89o_prtRkJqmhjCc0TAK7uAwWoJrPjB5eTPY/edit?gid=1156223782#gid=1156223782,1Jv0rOTZ89o_prtRkJqmhjCc0TAK7uAwWoJrPjB5eTPY,Grand BootCamp 12th Feb ,North with name,1156223782,Date,f,8dca6892-3cf8-4a59-95a9-7484b6672cac,2026-07-13 08:10:43.388535+00,2026-07-13 08:10:43.388535+00,t
10e6101c-e361-42ba-b95f-6ff8b97e6f9b,Akhil,,https://docs.google.com/spreadsheets/d/1Jv0rOTZ89o_prtRkJqmhjCc0TAK7uAwWoJrPjB5eTPY/edit?gid=964034411#gid=964034411,1Jv0rOTZ89o_prtRkJqmhjCc0TAK7uAwWoJrPjB5eTPY,Grand BootCamp 12th Feb ,Brelex Leads,964034411,Date,f,8dca6892-3cf8-4a59-95a9-7484b6672cac,2026-07-13 08:10:43.638979+00,2026-07-13 08:10:43.638979+00,t
b5ce1b67-d355-465b-b49a-34d7d71aa580,Hemanth,,https://docs.google.com/spreadsheets/d/1Jv0rOTZ89o_prtRkJqmhjCc0TAK7uAwWoJrPjB5eTPY/edit?gid=1156223782#gid=1156223782,1Jv0rOTZ89o_prtRkJqmhjCc0TAK7uAwWoJrPjB5eTPY,Grand BootCamp 12th Feb ,North with name,1156223782,Date,f,8dca6892-3cf8-4a59-95a9-7484b6672cac,2026-07-13 08:19:54.683853+00,2026-07-13 08:19:54.683853+00,t
372f56a6-1924-4dec-b2c8-acf901abe162,Akhil,,https://docs.google.com/spreadsheets/d/1Jv0rOTZ89o_prtRkJqmhjCc0TAK7uAwWoJrPjB5eTPY/edit?gid=964034411#gid=964034411,1Jv0rOTZ89o_prtRkJqmhjCc0TAK7uAwWoJrPjB5eTPY,Grand BootCamp 12th Feb ,Brelex Leads,964034411,Date,f,8dca6892-3cf8-4a59-95a9-7484b6672cac,2026-07-13 08:19:54.932709+00,2026-07-13 08:19:54.932709+00,t
1e703907-e2d6-4011-9506-4582e4237dc2,Hemanth,,https://docs.google.com/spreadsheets/d/1Jv0rOTZ89o_prtRkJqmhjCc0TAK7uAwWoJrPjB5eTPY/edit?gid=1156223782#gid=1156223782,1Jv0rOTZ89o_prtRkJqmhjCc0TAK7uAwWoJrPjB5eTPY,Grand BootCamp 12th Feb ,North with name,1156223782,Date,f,8dca6892-3cf8-4a59-95a9-7484b6672cac,2026-07-13 09:07:09.67459+00,2026-07-13 09:07:09.67459+00,t
3193aa67-5560-4d04-880b-27513d2d9ef3,Akhil,,https://docs.google.com/spreadsheets/d/1Jv0rOTZ89o_prtRkJqmhjCc0TAK7uAwWoJrPjB5eTPY/edit?gid=964034411#gid=964034411,1Jv0rOTZ89o_prtRkJqmhjCc0TAK7uAwWoJrPjB5eTPY,Grand BootCamp 12th Feb ,Brelex Leads,964034411,Date,f,8dca6892-3cf8-4a59-95a9-7484b6672cac,2026-07-13 09:07:09.877993+00,2026-07-13 09:07:09.877993+00,t
5684b4a3-71c7-424f-9351-ae2adcc2af7d,Hemanth,,https://docs.google.com/spreadsheets/d/1Jv0rOTZ89o_prtRkJqmhjCc0TAK7uAwWoJrPjB5eTPY/edit?gid=1156223782#gid=1156223782,1Jv0rOTZ89o_prtRkJqmhjCc0TAK7uAwWoJrPjB5eTPY,Grand BootCamp 12th Feb ,North with name,1156223782,Date,f,8dca6892-3cf8-4a59-95a9-7484b6672cac,2026-07-14 11:18:36.682163+00,2026-07-14 11:18:36.682163+00,t
62163a5b-b6af-4a8c-a022-5338245de285,Akhil,,https://docs.google.com/spreadsheets/d/1Jv0rOTZ89o_prtRkJqmhjCc0TAK7uAwWoJrPjB5eTPY/edit?gid=964034411#gid=964034411,1Jv0rOTZ89o_prtRkJqmhjCc0TAK7uAwWoJrPjB5eTPY,Grand BootCamp 12th Feb ,Brelex Leads,964034411,Date,f,8dca6892-3cf8-4a59-95a9-7484b6672cac,2026-07-14 11:18:36.990717+00,2026-07-14 11:18:36.990717+00,t
af9a44f9-e06c-4498-9d40-9dc5da1e7eb9,Hemanth,,https://docs.google.com/spreadsheets/d/1Jv0rOTZ89o_prtRkJqmhjCc0TAK7uAwWoJrPjB5eTPY/edit?gid=1156223782#gid=1156223782,1Jv0rOTZ89o_prtRkJqmhjCc0TAK7uAwWoJrPjB5eTPY,Grand BootCamp 12th Feb ,North with name,1156223782,Date,f,8dca6892-3cf8-4a59-95a9-7484b6672cac,2026-07-15 07:30:35.648031+00,2026-07-15 07:30:35.648031+00,t
e0b11d27-0c2b-44be-b247-9c6345f0606c,Akhil,,https://docs.google.com/spreadsheets/d/1Jv0rOTZ89o_prtRkJqmhjCc0TAK7uAwWoJrPjB5eTPY/edit?gid=964034411#gid=964034411,1Jv0rOTZ89o_prtRkJqmhjCc0TAK7uAwWoJrPjB5eTPY,Grand BootCamp 12th Feb ,Brelex Leads,964034411,Date,f,8dca6892-3cf8-4a59-95a9-7484b6672cac,2026-07-15 07:30:35.889057+00,2026-07-15 07:30:35.889057+00,t
8583a6bd-1781-4d57-a54e-ad1dba9bce6a,Hemanth,,https://docs.google.com/spreadsheets/d/1Jv0rOTZ89o_prtRkJqmhjCc0TAK7uAwWoJrPjB5eTPY/edit?gid=1156223782#gid=1156223782,1Jv0rOTZ89o_prtRkJqmhjCc0TAK7uAwWoJrPjB5eTPY,Grand BootCamp 12th Feb ,North with name,1156223782,Date,f,8dca6892-3cf8-4a59-95a9-7484b6672cac,2026-07-16 08:59:00.531588+00,2026-07-16 08:59:00.531588+00,t
8e959bda-249e-4516-97a2-f3adc1ce3e68,Akhil,,https://docs.google.com/spreadsheets/d/1Jv0rOTZ89o_prtRkJqmhjCc0TAK7uAwWoJrPjB5eTPY/edit?gid=964034411#gid=964034411,1Jv0rOTZ89o_prtRkJqmhjCc0TAK7uAwWoJrPjB5eTPY,Grand BootCamp 12th Feb ,Brelex Leads,964034411,Date,f,8dca6892-3cf8-4a59-95a9-7484b6672cac,2026-07-16 08:59:00.915174+00,2026-07-16 08:59:00.915174+00,t
885cf423-d025-4869-ae22-108f187045ad,Hemanth,,https://docs.google.com/spreadsheets/d/1Jv0rOTZ89o_prtRkJqmhjCc0TAK7uAwWoJrPjB5eTPY/edit?gid=1156223782#gid=1156223782,1Jv0rOTZ89o_prtRkJqmhjCc0TAK7uAwWoJrPjB5eTPY,Grand BootCamp 12th Feb ,North with name,1156223782,Date,f,8dca6892-3cf8-4a59-95a9-7484b6672cac,2026-07-17 06:59:58.369384+00,2026-07-17 06:59:58.369384+00,t
9a88f5be-41c3-4b13-96be-1500ba60765b,Akhil,,https://docs.google.com/spreadsheets/d/1Jv0rOTZ89o_prtRkJqmhjCc0TAK7uAwWoJrPjB5eTPY/edit?gid=964034411#gid=964034411,1Jv0rOTZ89o_prtRkJqmhjCc0TAK7uAwWoJrPjB5eTPY,Grand BootCamp 12th Feb ,Brelex Leads,964034411,Date,f,8dca6892-3cf8-4a59-95a9-7484b6672cac,2026-07-17 06:59:58.587074+00,2026-07-17 06:59:58.587074+00,t
20799ce1-69b4-41fa-8448-faeb5fd05ba1,Hemanth,,https://docs.google.com/spreadsheets/d/1Jv0rOTZ89o_prtRkJqmhjCc0TAK7uAwWoJrPjB5eTPY/edit?gid=1156223782#gid=1156223782,1Jv0rOTZ89o_prtRkJqmhjCc0TAK7uAwWoJrPjB5eTPY,Grand BootCamp 12th Feb ,North with name,1156223782,Date,f,8dca6892-3cf8-4a59-95a9-7484b6672cac,2026-07-18 14:01:29.515406+00,2026-07-18 14:01:29.515406+00,t
f1a330ea-8507-4a36-a7d9-14910ea2da73,Akhil,,https://docs.google.com/spreadsheets/d/1Jv0rOTZ89o_prtRkJqmhjCc0TAK7uAwWoJrPjB5eTPY/edit?gid=964034411#gid=964034411,1Jv0rOTZ89o_prtRkJqmhjCc0TAK7uAwWoJrPjB5eTPY,Grand BootCamp 12th Feb ,Brelex Leads,964034411,Date,f,8dca6892-3cf8-4a59-95a9-7484b6672cac,2026-07-18 14:01:29.813745+00,2026-07-18 14:01:29.813745+00,t
3774e7e2-8985-47b5-b566-2032fbbcb9b7,Hemanth,,https://docs.google.com/spreadsheets/d/1Jv0rOTZ89o_prtRkJqmhjCc0TAK7uAwWoJrPjB5eTPY/edit?gid=1156223782#gid=1156223782,1Jv0rOTZ89o_prtRkJqmhjCc0TAK7uAwWoJrPjB5eTPY,Grand BootCamp 12th Feb ,North with name,1156223782,Date,f,8dca6892-3cf8-4a59-95a9-7484b6672cac,2026-07-20 06:48:32.283606+00,2026-07-20 06:48:32.283606+00,t
ecff7a0f-187c-4ce5-a9c5-c6858fd4ed3b,Akhil,,https://docs.google.com/spreadsheets/d/1Jv0rOTZ89o_prtRkJqmhjCc0TAK7uAwWoJrPjB5eTPY/edit?gid=964034411#gid=964034411,1Jv0rOTZ89o_prtRkJqmhjCc0TAK7uAwWoJrPjB5eTPY,Grand BootCamp 12th Feb ,Brelex Leads,964034411,Date,f,8dca6892-3cf8-4a59-95a9-7484b6672cac,2026-07-20 06:48:32.500739+00,2026-07-20 06:48:32.500739+00,t
c7c46aa1-6bfa-4b52-ab20-27ec2925a2f5,Hemanth,,https://docs.google.com/spreadsheets/d/1Jv0rOTZ89o_prtRkJqmhjCc0TAK7uAwWoJrPjB5eTPY/edit?gid=1156223782#gid=1156223782,1Jv0rOTZ89o_prtRkJqmhjCc0TAK7uAwWoJrPjB5eTPY,Grand BootCamp 12th Feb ,North with name,1156223782,Date,f,8dca6892-3cf8-4a59-95a9-7484b6672cac,2026-07-21 07:23:33.638078+00,2026-07-21 07:23:33.638078+00,t
988b07cf-df3f-44cd-9a33-58805981d5ce,Hemanth,,https://docs.google.com/spreadsheets/d/1Jv0rOTZ89o_prtRkJqmhjCc0TAK7uAwWoJrPjB5eTPY/edit?gid=1156223782#gid=1156223782,1Jv0rOTZ89o_prtRkJqmhjCc0TAK7uAwWoJrPjB5eTPY,Grand BootCamp 12th Feb ,North with name,1156223782,Date,f,8dca6892-3cf8-4a59-95a9-7484b6672cac,2026-07-21 07:37:53.025287+00,2026-07-21 07:37:53.025287+00,t
0063d8c9-73d5-4f23-b449-0f8418c65ed3,Hemanth,,https://docs.google.com/spreadsheets/d/1Jv0rOTZ89o_prtRkJqmhjCc0TAK7uAwWoJrPjB5eTPY/edit?gid=1156223782#gid=1156223782,1Jv0rOTZ89o_prtRkJqmhjCc0TAK7uAwWoJrPjB5eTPY,Grand BootCamp 12th Feb ,North with name,1156223782,Date,f,89eddcfc-f32c-4f2b-b348-c30d77ce0c4b,2026-07-22 08:11:51.492169+00,2026-07-22 08:11:51.492169+00,t
cadad3f5-4f37-4a3d-b0b0-706dedc61416,Hemanth,,https://docs.google.com/spreadsheets/d/1Jv0rOTZ89o_prtRkJqmhjCc0TAK7uAwWoJrPjB5eTPY/edit?gid=1156223782#gid=1156223782,1Jv0rOTZ89o_prtRkJqmhjCc0TAK7uAwWoJrPjB5eTPY,Grand BootCamp 12th Feb ,North with name,1156223782,Date,f,89eddcfc-f32c-4f2b-b348-c30d77ce0c4b,2026-07-23 07:57:44.015874+00,2026-07-23 07:57:44.015874+00,t
db9220e1-83fa-49bc-b3f2-8048fc1dfac2,Akhil,,https://docs.google.com/spreadsheets/d/1Jv0rOTZ89o_prtRkJqmhjCc0TAK7uAwWoJrPjB5eTPY/edit?gid=964034411#gid=964034411,1Jv0rOTZ89o_prtRkJqmhjCc0TAK7uAwWoJrPjB5eTPY,Grand BootCamp 12th Feb ,Brelex Leads,964034411,Date,f,89eddcfc-f32c-4f2b-b348-c30d77ce0c4b,2026-07-23 07:57:44.240239+00,2026-07-23 07:57:44.240239+00,t
0a3bb48c-53ae-42d3-89ef-79c645fcfa87,Hemanth,,https://docs.google.com/spreadsheets/d/1Jv0rOTZ89o_prtRkJqmhjCc0TAK7uAwWoJrPjB5eTPY/edit?gid=1156223782#gid=1156223782,1Jv0rOTZ89o_prtRkJqmhjCc0TAK7uAwWoJrPjB5eTPY,Grand BootCamp 12th Feb ,North with name,1156223782,Date,f,89eddcfc-f32c-4f2b-b348-c30d77ce0c4b,2026-07-24 07:00:01.043818+00,2026-07-24 07:00:01.043818+00,t
a9a141a5-eb1f-4cdc-b540-f922423aa5a4,Akhil,,https://docs.google.com/spreadsheets/d/1Jv0rOTZ89o_prtRkJqmhjCc0TAK7uAwWoJrPjB5eTPY/edit?gid=964034411#gid=964034411,1Jv0rOTZ89o_prtRkJqmhjCc0TAK7uAwWoJrPjB5eTPY,Grand BootCamp 12th Feb ,Brelex Leads,964034411,Date,f,89eddcfc-f32c-4f2b-b348-c30d77ce0c4b,2026-07-24 07:00:01.512309+00,2026-07-24 07:00:01.512309+00,t
85ae12f9-d2b0-4139-8060-60ee4ca1407f,Hemanth,,https://docs.google.com/spreadsheets/d/1Jv0rOTZ89o_prtRkJqmhjCc0TAK7uAwWoJrPjB5eTPY/edit?gid=1156223782#gid=1156223782,1Jv0rOTZ89o_prtRkJqmhjCc0TAK7uAwWoJrPjB5eTPY,Grand BootCamp 12th Feb ,North with name,1156223782,Date,f,89eddcfc-f32c-4f2b-b348-c30d77ce0c4b,2026-07-25 10:03:39.55949+00,2026-07-25 10:03:39.55949+00,t
5a0ba3a1-cc1a-486d-8175-76e9ee690782,Akhil,,https://docs.google.com/spreadsheets/d/1Jv0rOTZ89o_prtRkJqmhjCc0TAK7uAwWoJrPjB5eTPY/edit?gid=964034411#gid=964034411,1Jv0rOTZ89o_prtRkJqmhjCc0TAK7uAwWoJrPjB5eTPY,Grand BootCamp 12th Feb ,Brelex Leads,964034411,Date,f,89eddcfc-f32c-4f2b-b348-c30d77ce0c4b,2026-07-25 10:03:39.818681+00,2026-07-25 10:03:39.818681+00,t
a8bbe391-fa94-498d-aa8f-af4bab2a2c5d,Hemanth,,https://docs.google.com/spreadsheets/d/1Jv0rOTZ89o_prtRkJqmhjCc0TAK7uAwWoJrPjB5eTPY/edit?gid=1156223782#gid=1156223782,1Jv0rOTZ89o_prtRkJqmhjCc0TAK7uAwWoJrPjB5eTPY,Grand BootCamp 12th Feb ,North with name,1156223782,Date,f,89eddcfc-f32c-4f2b-b348-c30d77ce0c4b,2026-07-27 12:07:57.67565+00,2026-07-27 12:07:57.67565+00,t
a3c6c35f-4e98-48de-ab6a-05b35dc45c18,Akhil,,https://docs.google.com/spreadsheets/d/1Jv0rOTZ89o_prtRkJqmhjCc0TAK7uAwWoJrPjB5eTPY/edit?gid=964034411#gid=964034411,1Jv0rOTZ89o_prtRkJqmhjCc0TAK7uAwWoJrPjB5eTPY,Grand BootCamp 12th Feb ,Brelex Leads,964034411,Date,f,89eddcfc-f32c-4f2b-b348-c30d77ce0c4b,2026-07-27 12:07:57.907628+00,2026-07-27 12:07:57.907628+00,t
1068d065-9ca4-41a5-aae3-55ef937099f5,Hemanth,,https://docs.google.com/spreadsheets/d/1Jv0rOTZ89o_prtRkJqmhjCc0TAK7uAwWoJrPjB5eTPY/edit?gid=1156223782#gid=1156223782,1Jv0rOTZ89o_prtRkJqmhjCc0TAK7uAwWoJrPjB5eTPY,Grand BootCamp 12th Feb ,North with name,1156223782,Date,f,89eddcfc-f32c-4f2b-b348-c30d77ce0c4b,2026-07-27 12:14:40.948442+00,2026-07-27 12:14:40.948442+00,t
25f57732-2a2c-4aab-bf0c-c5f449562b91,Hemanth,,https://docs.google.com/spreadsheets/d/1Jv0rOTZ89o_prtRkJqmhjCc0TAK7uAwWoJrPjB5eTPY/edit?gid=1156223782#gid=1156223782,1Jv0rOTZ89o_prtRkJqmhjCc0TAK7uAwWoJrPjB5eTPY,Grand BootCamp 12th Feb ,North with name,1156223782,Date,f,89eddcfc-f32c-4f2b-b348-c30d77ce0c4b,2026-07-28 08:05:00.168574+00,2026-07-28 08:05:00.168574+00,t
70792076-1887-4b3f-ab90-9b20df413025,Akhil,,https://docs.google.com/spreadsheets/d/1Jv0rOTZ89o_prtRkJqmhjCc0TAK7uAwWoJrPjB5eTPY/edit?gid=964034411#gid=964034411,1Jv0rOTZ89o_prtRkJqmhjCc0TAK7uAwWoJrPjB5eTPY,Grand BootCamp 12th Feb ,Brelex Leads,964034411,Date,f,89eddcfc-f32c-4f2b-b348-c30d77ce0c4b,2026-07-28 08:05:00.369008+00,2026-07-28 08:05:00.369008+00,t
34c5aaba-7ea7-4b16-9d45-24b950eb246e,Hemanth,,https://docs.google.com/spreadsheets/d/1Jv0rOTZ89o_prtRkJqmhjCc0TAK7uAwWoJrPjB5eTPY/edit?gid=1156223782#gid=1156223782,1Jv0rOTZ89o_prtRkJqmhjCc0TAK7uAwWoJrPjB5eTPY,Grand BootCamp 12th Feb ,North with name,1156223782,Date,f,89eddcfc-f32c-4f2b-b348-c30d77ce0c4b,2026-07-29 07:32:12.291251+00,2026-07-29 07:32:12.291251+00,t
c04c0a01-9262-4947-8769-872e5bdc9f1c,Hemanth,,https://docs.google.com/spreadsheets/d/1Jv0rOTZ89o_prtRkJqmhjCc0TAK7uAwWoJrPjB5eTPY/edit?gid=1156223782#gid=1156223782,1Jv0rOTZ89o_prtRkJqmhjCc0TAK7uAwWoJrPjB5eTPY,Grand BootCamp 12th Feb ,North with name,1156223782,Date,f,89eddcfc-f32c-4f2b-b348-c30d77ce0c4b,2026-07-30 07:43:23.147799+00,2026-07-30 07:43:23.147799+00,t
c9c7304c-0740-46ba-93ca-8497ec0753fc,Hemanth,,https://docs.google.com/spreadsheets/d/1Jv0rOTZ89o_prtRkJqmhjCc0TAK7uAwWoJrPjB5eTPY/edit?gid=1156223782#gid=1156223782,1Jv0rOTZ89o_prtRkJqmhjCc0TAK7uAwWoJrPjB5eTPY,Grand BootCamp 12th Feb ,North with name,1156223782,Date,f,89eddcfc-f32c-4f2b-b348-c30d77ce0c4b,2026-07-31 12:11:11.776119+00,2026-07-31 12:11:11.776119+00,t
0667f70a-d457-452c-816b-cf23ba6882d7,Hemanth,,https://docs.google.com/spreadsheets/d/1Jv0rOTZ89o_prtRkJqmhjCc0TAK7uAwWoJrPjB5eTPY/edit?gid=1156223782#gid=1156223782,1Jv0rOTZ89o_prtRkJqmhjCc0TAK7uAwWoJrPjB5eTPY,Grand BootCamp 12th Feb ,North with name,1156223782,Date,f,89eddcfc-f32c-4f2b-b348-c30d77ce0c4b,2026-08-01 06:35:10.967181+00,2026-08-01 06:35:10.967181+00,t
f715ea80-4e69-46af-850b-9d47006dc46b,Hemanth,,https://docs.google.com/spreadsheets/d/1Jv0rOTZ89o_prtRkJqmhjCc0TAK7uAwWoJrPjB5eTPY/edit?gid=1156223782#gid=1156223782,1Jv0rOTZ89o_prtRkJqmhjCc0TAK7uAwWoJrPjB5eTPY,Grand BootCamp 12th Feb ,North with name,1156223782,Date,f,89eddcfc-f32c-4f2b-b348-c30d77ce0c4b,2026-08-03 06:34:30.055365+00,2026-08-03 06:34:30.055365+00,t
c93834c6-cf63-4a96-958e-53d357e05fa1,Hemanth,,https://docs.google.com/spreadsheets/d/1Jv0rOTZ89o_prtRkJqmhjCc0TAK7uAwWoJrPjB5eTPY/edit?gid=1156223782#gid=1156223782,1Jv0rOTZ89o_prtRkJqmhjCc0TAK7uAwWoJrPjB5eTPY,Grand BootCamp 12th Feb ,North with name,1156223782,Date,f,89eddcfc-f32c-4f2b-b348-c30d77ce0c4b,2026-08-03 06:47:22.867901+00,2026-08-03 06:47:22.867901+00,t
94c5aab7-79f8-40d2-9b7a-5b6a9f50131b,Hemanth,,https://docs.google.com/spreadsheets/d/1Jv0rOTZ89o_prtRkJqmhjCc0TAK7uAwWoJrPjB5eTPY/edit?gid=1156223782#gid=1156223782,1Jv0rOTZ89o_prtRkJqmhjCc0TAK7uAwWoJrPjB5eTPY,Grand BootCamp 12th Feb ,North with name,1156223782,Date,f,89eddcfc-f32c-4f2b-b348-c30d77ce0c4b,2026-08-04 08:18:56.757321+00,2026-08-04 08:18:56.757321+00,t
c6428378-82a4-47fa-ad1a-429d79674ab9,Hemanth,,https://docs.google.com/spreadsheets/d/1Jv0rOTZ89o_prtRkJqmhjCc0TAK7uAwWoJrPjB5eTPY/edit?gid=1156223782#gid=1156223782,1Jv0rOTZ89o_prtRkJqmhjCc0TAK7uAwWoJrPjB5eTPY,Grand BootCamp 12th Feb ,North with name,1156223782,Date,f,89eddcfc-f32c-4f2b-b348-c30d77ce0c4b,2026-08-05 07:43:01.86692+00,2026-08-05 07:43:01.86692+00,t
f67e25ac-7d55-4adb-a4da-ef2ee2919e5e,Hemanth,,https://docs.google.com/spreadsheets/d/1Jv0rOTZ89o_prtRkJqmhjCc0TAK7uAwWoJrPjB5eTPY/edit?gid=1156223782#gid=1156223782,1Jv0rOTZ89o_prtRkJqmhjCc0TAK7uAwWoJrPjB5eTPY,Grand BootCamp 12th Feb ,North with name,1156223782,Date,f,89eddcfc-f32c-4f2b-b348-c30d77ce0c4b,2026-08-06 06:35:47.865724+00,2026-08-06 06:35:47.865724+00,t
9b0cada4-0688-4e73-b2b4-889d4bab28fc,Hemanth,,https://docs.google.com/spreadsheets/d/1Jv0rOTZ89o_prtRkJqmhjCc0TAK7uAwWoJrPjB5eTPY/edit?gid=1156223782#gid=1156223782,1Jv0rOTZ89o_prtRkJqmhjCc0TAK7uAwWoJrPjB5eTPY,Grand BootCamp 12th Feb ,North with name,1156223782,F,f,89eddcfc-f32c-4f2b-b348-c30d77ce0c4b,2026-08-07 09:00:02.111201+00,2026-08-07 09:00:02.111201+00,t
cc9cfd86-d081-4e19-9de5-e63690c4802d,Hemanth,,https://docs.google.com/spreadsheets/d/1Jv0rOTZ89o_prtRkJqmhjCc0TAK7uAwWoJrPjB5eTPY/edit?gid=1156223782#gid=1156223782,1Jv0rOTZ89o_prtRkJqmhjCc0TAK7uAwWoJrPjB5eTPY,Grand BootCamp 12th Feb ,North with name,1156223782,F,f,89eddcfc-f32c-4f2b-b348-c30d77ce0c4b,2026-08-08 06:43:12.440761+00,2026-08-08 06:43:12.440761+00,t
c4d8c30e-c2c2-42f8-944c-f8cab08e3f89,Hemanth,,https://docs.google.com/spreadsheets/d/1Jv0rOTZ89o_prtRkJqmhjCc0TAK7uAwWoJrPjB5eTPY/edit?gid=1156223782#gid=1156223782,1Jv0rOTZ89o_prtRkJqmhjCc0TAK7uAwWoJrPjB5eTPY,Grand BootCamp 12th Feb ,North with name,1156223782,Date,f,8dca6892-3cf8-4a59-95a9-7484b6672cac,2026-08-10 06:22:37.62642+00,2026-08-10 06:22:37.62642+00,t
179023aa-204a-4368-be63-6880802ff5cc,Hemanth,,https://docs.google.com/spreadsheets/d/1Jv0rOTZ89o_prtRkJqmhjCc0TAK7uAwWoJrPjB5eTPY/edit?gid=1156223782#gid=1156223782,1Jv0rOTZ89o_prtRkJqmhjCc0TAK7uAwWoJrPjB5eTPY,Grand BootCamp 12th Feb ,North with name,1156223782,Date,f,8dca6892-3cf8-4a59-95a9-7484b6672cac,2026-08-10 06:33:06.453302+00,2026-08-10 06:33:06.453302+00,t
