id,report_name,report_date,notes,metric_template_id,total_ad_spend,total_leads,overall_cpl,whatsapp_message,input_hash,created_by,created_at,updated_at,is_deleted,report_status,deleted_at,deleted_by
781fb8e5-d3a1-4b28-96b9-c0a4ed8c88ab,Daily Lead Report - 7 May 2026,2026-05-07,,d1097b94-2633-4a31-a61e-dc4736a33133,48030,43,1116.9767441860465,"Daily Lead Report - 7 May 2026

Overall:
Ad Spend: ₹48,030
Leads: 43
Overall CPL: ₹1,116.98

Media Buyer Breakdown:

Hemanth
Ad Accounts: 2026 V1
Ad Spend: ₹39,849
Leads: 32
CPL: ₹1,245.28
CPM: ₹116
CTR: 1.07%
CPC: ₹10.9
LPVR: 70.00%
LPCR: 3.00%

Akhil
Ad Accounts: India Photographers Club
Ad Spend: ₹8,181
Leads: 11
CPL: ₹743.73
CPM: ₹82
CTR: 0.64%
CPC: ₹12
LPVR: 60.82%
LPCR: 4.00%",c3271cc2309f52d47e22fb617c2bfbd6ec4d07a638f848d475d248e8ae8f227f,89eddcfc-f32c-4f2b-b348-c30d77ce0c4b,2026-05-08 04:13:47.55756+00,2026-05-08 04:13:47.55756+00,f,saved,,
fd5c40f4-7f7b-4b83-b1ac-1800b2fdfeaa,Daily Lead Report - 6 May 2026,2026-05-06,,d1097b94-2633-4a31-a61e-dc4736a33133,41851,53,789.6415094339623,"Daily Lead Report - 6 May 2026

Overall:
Ad Spend: ₹41,851
Leads: 53
Overall CPL: ₹789.64

Media Buyer Breakdown:

Hemanth
Ad Accounts: 2026 V1, IPC Account 2
Ad Spend: ₹33,663
Leads: 36
CPL: ₹935.08
CPM: ₹149.76
CTR: 0.27%
CPC: ₹29.5
LPVR: 57.00%
LPCR: 2.50%

Akhil
Ad Accounts: India Photographers Club
Ad Spend: ₹8,188
Leads: 17
CPL: ₹481.65
CPM: ₹82
CTR: 0.64%
CPC: ₹12
LPVR: 55.00%
LPCR: 3.00%",912c5b14eedcba0243ce71edd6fc530a1181a29c1412c16f9cf2a85374c37505,8dca6892-3cf8-4a59-95a9-7484b6672cac,2026-05-08 07:45:15.128861+00,2026-05-08 08:05:17.178626+00,f,edited,,
b67a69f2-8016-4c63-8b71-ebe488f8671f,Daily Lead Report - 8 May 2026,2026-05-08,,d1097b94-2633-4a31-a61e-dc4736a33133,42475,57,745.1754385964912,"Daily Lead Report - 8 May 2026

Overall:
Ad Spend: ₹42,475
Leads: 57
Overall CPL: ₹745.18

Media Buyer Breakdown:

Hemanth
Ad Accounts: 2026 V1, IPC Account 2
Ad Spend: ₹30,976
Leads: 40
CPL: ₹774.4
CPM: ₹159.5
CTR: 0.53%
CPC: ₹31
LPVR: 55.50%
LPCR: 1.50%

Akhil
Ad Accounts: India Photographers Club
Ad Spend: ₹11,499
Leads: 17
CPL: ₹676.41
CPM: ₹86
CTR: 0.57%
CPC: ₹15
LPVR: 62.00%
LPCR: 3.60%",8712354f560a347ba35213decba27f9eec41a7ae1c22e78e1cd30502cc05f39c,8dca6892-3cf8-4a59-95a9-7484b6672cac,2026-05-09 07:10:40.197278+00,2026-05-09 07:10:40.197278+00,f,saved,,
9a5b8ccf-701e-44ac-ae41-c1fd4d76c0eb,Daily Lead Report - 9 May 2026,2026-05-09,,d1097b94-2633-4a31-a61e-dc4736a33133,41080,63,652.063492063492,"Daily Lead Report - 9 May 2026

Overall:
Ad Spend: ₹41,080
Leads: 63
Overall CPL: ₹652.06

Media Buyer Breakdown:

Hemanth
Ad Accounts: IPC Account 2, 2026 V1
Ad Spend: ₹29,679
Leads: 47
CPL: ₹631.47
CPM: ₹146
CTR: 0.45%
CPC: ₹35.5
LPVR: 56.50%
LPCR: 3.50%

Akhil
Ad Accounts: India Photographers Club
Ad Spend: ₹11,401
Leads: 16
CPL: ₹712.56
CPM: ₹98
CTR: 1.02%
CPC: ₹15.62
LPVR: 62.41%
LPCR: 2.64%",a22170de5e12ecf58943e181d82c9b3703190481c70988a9cb8c5f133307fed3,8dca6892-3cf8-4a59-95a9-7484b6672cac,2026-05-11 09:49:31.510141+00,2026-05-11 09:49:31.510141+00,f,saved,,
77ca68c8-9e77-4725-9df2-9d56d752adf7,Daily Lead Report - 10 May 2026,2026-05-10,,d1097b94-2633-4a31-a61e-dc4736a33133,50243,51,985.156862745098,"Daily Lead Report - 10 May 2026

Overall:
Ad Spend: ₹50,243
Leads: 51
Overall CPL: ₹985.16

Media Buyer Breakdown:

Hemanth
Ad Accounts: IPC Account 2, 2026 V1
Ad Spend: ₹39,911
Leads: 41
CPL: ₹973.44
CPM: ₹145
CTR: 0.48%
CPC: ₹30.99
LPVR: 54.85%
LPCR: 3.78%

Akhil
Ad Accounts: India Photographers Club
Ad Spend: ₹10,332
Leads: 10
CPL: ₹1,033.2
CPM: ₹96
CTR: 0.61%
CPC: ₹15.85
LPVR: 55.00%
LPCR: 2.20%",59eef9612c20482d00cdafff15c93278f37036489bf31f6ce4c482be24a44e49,8dca6892-3cf8-4a59-95a9-7484b6672cac,2026-05-11 12:35:14.189244+00,2026-05-11 12:35:14.189244+00,f,saved,,
0e042b1a-73f4-48a4-aa24-c86b9c56d8ec,Daily Lead Report - 11 May 2026,2026-05-11,,d1097b94-2633-4a31-a61e-dc4736a33133,51227,70,731.8142857142857,"Daily Lead Report - 11 May 2026

Overall:
Ad Spend: ₹51,227
Leads: 70
Overall CPL: ₹731.81

Media Buyer Breakdown:

Hemanth
Ad Accounts: 2026 V1, IPC Account 2
Ad Spend: ₹41,726
Leads: 53
CPL: ₹787.28
CPM: ₹171.37
CTR: 0.47%
CPC: ₹36.77
LPVR: 46.86%
LPCR: 4.66%

Akhil
Ad Accounts: India Photographers Club
Ad Spend: ₹9,501
Leads: 17
CPL: ₹558.88
CPM: ₹102.48
CTR: 0.72%
CPC: ₹14.16
LPVR: 54.40%
LPCR: 4.71%",55ae3f08d118afd3aec9ff65259fae743aea30845652f95e9eb7a1c56635a3b8,8dca6892-3cf8-4a59-95a9-7484b6672cac,2026-05-12 10:06:04.968677+00,2026-05-12 10:06:04.968677+00,f,saved,,
e830200c-fb00-4270-92a4-c9ef6daa90a3,Daily Lead Report - 12 May 2026,2026-05-12,,d1097b94-2633-4a31-a61e-dc4736a33133,75588,63,1199.8095238095239,"Daily Lead Report - 12 May 2026

Overall:
Ad Spend: ₹75,588
Leads: 63
Overall CPL: ₹1,199.81

Media Buyer Breakdown:

Hemanth
Ad Accounts: 2026 V1, IPC Account 2, IPC Account 3
Ad Spend: ₹59,503
Leads: 57
CPL: ₹1,043.91
CPM: ₹158.51
CTR: 0.38%
CPC: ₹44.97
LPVR: 56.67%
LPCR: 5.43%

Akhil
Ad Accounts: India Photographers Club
Ad Spend: ₹16,085
Leads: 6
CPL: ₹2,680.83
CPM: ₹104
CTR: 0.63%
CPC: ₹15.71
LPVR: 56.02%
LPCR: 1.40%",b7b8f44b0cf6b541746b626a81a8bc44a26d7a607fb96773206ab177a2f53a2d,8dca6892-3cf8-4a59-95a9-7484b6672cac,2026-05-13 12:23:52.589364+00,2026-05-13 12:23:52.589364+00,f,saved,,
0531c7c7-c623-4cf1-b457-0af85e533589,Daily Lead Report - 13 May 2026,2026-05-13,,d1097b94-2633-4a31-a61e-dc4736a33133,55996,58,965.448275862069,"Daily Lead Report - 13 May 2026

Overall:
Ad Spend: ₹55,996
Leads: 58
Overall CPL: ₹965.45

Media Buyer Breakdown:

Hemanth
Ad Accounts: 2026 V1, IPC Account 3, IPC Account 2
Ad Spend: ₹47,791
Leads: 53
CPL: ₹901.72
CPM: ₹119
CTR: 0.26%
CPC: ₹41.56
LPVR: 60.05%
LPCR: 8.13%

Akhil
Ad Accounts: India Photographers Club
Ad Spend: ₹8,205
Leads: 5
CPL: ₹1,641
CPM: ₹97
CTR: 0.69%
CPC: ₹14.03
LPVR: 52.31%
LPCR: 0.33%",b4402ba5cbc8080f1f438cdba57528f0416b76be1c11539a8891fba56f353530,8dca6892-3cf8-4a59-95a9-7484b6672cac,2026-05-14 09:14:11.027947+00,2026-05-14 09:14:11.027947+00,f,saved,,
672c3588-534b-4012-8d63-4f9e838354b3,Daily Lead Report - 14 May 2026,2026-05-14,,d1097b94-2633-4a31-a61e-dc4736a33133,79562,89,893.9550561797753,"Daily Lead Report - 14 May 2026

Overall:
Ad Spend: ₹79,562
Leads: 89
Overall CPL: ₹893.96

Media Buyer Breakdown:

Hemanth
Ad Accounts: 2026 V1, IPC Account 2, IPC Account 3
Ad Spend: ₹63,848
Leads: 62
CPL: ₹1,029.81
CPM: ₹122.33
CTR: 0.28%
CPC: ₹41.68
LPVR: 61.97%
LPCR: 7.72%

Akhil
Ad Accounts: India Photographers Club
Ad Spend: ₹15,714
Leads: 27
CPL: ₹582
CPM: ₹131
CTR: 0.61%
CPC: ₹21.53
LPVR: 50.62%
LPCR: 6.50%",3adec1d7a3360d074b2143edb8324e64f6f9f3a7b4833c1413b59ca5db3653a9,8dca6892-3cf8-4a59-95a9-7484b6672cac,2026-05-15 08:25:33.386248+00,2026-05-15 08:25:33.386248+00,f,saved,,
0dadd58a-1509-489b-a665-e6b9e2fd0094,Daily Lead Report - 15 May 2026,2026-05-15,,d1097b94-2633-4a31-a61e-dc4736a33133,92763,89,1042.2808988764045,"Daily Lead Report - 15 May 2026

Overall:
Ad Spend: ₹92,763
Leads: 89
Overall CPL: ₹1,042.28

Media Buyer Breakdown:

Hemanth
Ad Accounts: 2026 V1, IPC Account 2, IPC Account 3
Ad Spend: ₹74,351
Leads: 69
CPL: ₹1,077.55
CPM: ₹122.55
CTR: 0.31%
CPC: ₹37.71
LPVR: 60.08%
LPCR: 3.39%

Akhil
Ad Accounts: India Photographers Club
Ad Spend: ₹18,412
Leads: 20
CPL: ₹920.6
CPM: ₹112
CTR: 0.67%
CPC: ₹16.65
LPVR: 51.99%
LPCR: 4.18%",420203b5a5e0d764befb1ab8f91f92e61f4c5b8036c1cc88dd185eac9487b086,8dca6892-3cf8-4a59-95a9-7484b6672cac,2026-05-16 07:11:46.982171+00,2026-05-16 07:11:46.982171+00,f,saved,,
acad188d-da0f-4c10-9ec8-0f3c920f43d8,Daily Lead Report - 16 May 2026,2026-05-16,,d1097b94-2633-4a31-a61e-dc4736a33133,100087,95,1053.5473684210526,"Daily Lead Report - 16 May 2026

Overall:
Ad Spend: ₹1,00,087
Leads: 95
Overall CPL: ₹1,053.55

Media Buyer Breakdown:

Hemanth
Ad Accounts: 2026 V1, IPC Account 2, IPC Account 3
Ad Spend: ₹73,805
Leads: 62
CPL: ₹1,190.4
CPM: ₹142
CTR: 0.37%
CPC: ₹34.02
LPVR: 57.00%
LPCR: 2.70%

Akhil
Ad Accounts: India Photographers Club
Ad Spend: ₹26,282
Leads: 33
CPL: ₹796.42
CPM: ₹111
CTR: 0.71%
CPC: ₹15.66
LPVR: 56.00%
LPCR: 6.00%",6fa7d4ec1e1809594f5cccfb8c239f55f1516e026e92d095e5ec50a2378a1423,8dca6892-3cf8-4a59-95a9-7484b6672cac,2026-05-17 08:45:56.513647+00,2026-05-17 08:45:56.513647+00,f,saved,,
7a531f52-2435-4fec-8e2e-6e2575b8992a,Daily Lead Report - 17 May 2026,2026-05-17,,d1097b94-2633-4a31-a61e-dc4736a33133,70628,63,1121.079365079365,"Daily Lead Report - 17 May 2026

Overall:
Ad Spend: ₹70,628
Leads: 63
Overall CPL: ₹1,121.08

Media Buyer Breakdown:

Hemanth
Ad Accounts: 2026 V1, IPC Account 2, IPC Account 3
Ad Spend: ₹43,169
Leads: 34
CPL: ₹1,269.68
CPM: ₹133.67
CTR: 0.39%
CPC: ₹29.17
LPVR: 55.33%
LPCR: 2.77%

Akhil
Ad Accounts: India Photographers Club
Ad Spend: ₹27,459
Leads: 29
CPL: ₹946.86
CPM: ₹103
CTR: 0.63%
CPC: ₹16.41
LPVR: 58.00%
LPCR: 2.87%",d3b54572b6e59fd5c99229dec646478ba5d0bb3c17d909309d5892c9ab2edf2b,8dca6892-3cf8-4a59-95a9-7484b6672cac,2026-05-18 08:18:01.88724+00,2026-05-18 08:18:01.88724+00,f,saved,,
5a7da66e-a7dc-4117-a261-2a6827e9b395,Daily Lead Report - 18 May 2026,2026-05-18,,d1097b94-2633-4a31-a61e-dc4736a33133,69461,67,1036.7313432835822,"Daily Lead Report - 18 May 2026

Overall:
Ad Spend: ₹69,461
Leads: 67
Overall CPL: ₹1,036.73

Media Buyer Breakdown:

Hemanth
Ad Accounts: 2026 V1, IPC Account 2, IPC Account 3
Ad Spend: ₹42,142
Leads: 40
CPL: ₹1,053.55
CPM: ₹135.33
CTR: 0.42%
CPC: ₹26.77
LPVR: 58.30%
LPCR: 1.92%

Akhil
Ad Accounts: India Photographers Club
Ad Spend: ₹27,319
Leads: 27
CPL: ₹1,011.81
CPM: ₹102
CTR: 0.65%
CPC: ₹15
LPVR: 56.00%
LPCR: 2.54%",ad02fdeffe61059f69898fbae0f3c36e517a9f539229e166113cb3c84c94b61c,8dca6892-3cf8-4a59-95a9-7484b6672cac,2026-05-19 07:37:42.117708+00,2026-05-19 07:37:42.117708+00,f,saved,,
08df3633-519e-40cc-ba74-a1baa6312425,Daily Lead Report - 19 May 2026,2026-05-19,,d1097b94-2633-4a31-a61e-dc4736a33133,69441,90,771.5666666666667,"Daily Lead Report - 19 May 2026

Overall:
Ad Spend: ₹69,441
Leads: 90
Overall CPL: ₹771.57

Media Buyer Breakdown:

Hemanth
Ad Accounts: 2026 V1, IPC Account 2, IPC Account 3
Ad Spend: ₹41,290
Leads: 56
CPL: ₹737.32
CPM: ₹135.67
CTR: 0.46%
CPC: ₹25
LPVR: 56.33%
LPCR: 3.29%

Akhil
Ad Accounts: India Photographers Club
Ad Spend: ₹28,151
Leads: 34
CPL: ₹827.97
CPM: ₹109
CTR: 0.74%
CPC: ₹14.75
LPVR: 51.00%
LPCR: 3.00%",f62d0194070d39d73a3e1087ea2e9540b37e143f71da3939433742349480209a,8dca6892-3cf8-4a59-95a9-7484b6672cac,2026-05-20 07:31:20.380985+00,2026-05-20 07:31:20.380985+00,f,saved,,
c22de293-adc3-4fe0-b057-78d4fbd60978,Daily Lead Report - 20 May 2026,2026-05-20,,d1097b94-2633-4a31-a61e-dc4736a33133,80938,69,1173.0144927536232,"Daily Lead Report - 20 May 2026

Overall:
Ad Spend: ₹80,938
Leads: 69
Overall CPL: ₹1,173.01

Media Buyer Breakdown:

Hemanth
Ad Accounts: 2026 V1, IPC Account 2, IPC Account 3
Ad Spend: ₹54,299
Leads: 31
CPL: ₹1,751.58
CPM: ₹139.67
CTR: 0.48%
CPC: ₹24.63
LPVR: 53.67%
LPCR: 2.29%

Akhil
Ad Accounts: India Photographers Club
Ad Spend: ₹26,639
Leads: 38
CPL: ₹701.03
CPM: ₹118
CTR: 0.70%
CPC: ₹16
LPVR: 45.00%
LPCR: 4.72%",ad3696cf39937f8f5cb4ae0f507c23eece96160feeca5e13a38f0c654edafa97,8dca6892-3cf8-4a59-95a9-7484b6672cac,2026-05-21 11:12:33.792718+00,2026-05-21 11:12:33.792718+00,f,saved,,
0c0b8128-118e-4465-9199-2d34968c0092,Daily Lead Report - 21 May 2026,2026-05-21,,d1097b94-2633-4a31-a61e-dc4736a33133,77157,82,940.939024390244,"Daily Lead Report - 21 May 2026

Overall:
Ad Spend: ₹77,157
Leads: 82
Overall CPL: ₹940.94

Media Buyer Breakdown:

Hemanth
Ad Accounts: 2026 V1, IPC Account 2, IPC Account 3
Ad Spend: ₹49,623
Leads: 41
CPL: ₹1,210.32
CPM: ₹160.33
CTR: 0.43%
CPC: ₹31
LPVR: 56.67%
LPCR: 1.95%

Akhil
Ad Accounts: India Photographers Club
Ad Spend: ₹27,534
Leads: 41
CPL: ₹671.56
CPM: ₹111
CTR: 0.72%
CPC: ₹15
LPVR: 44.00%
LPCR: 3.00%",002b1a74eccf90274f3bc2d834146c0b5382d130ab908d4be60c0bcd2e2b0f84,8dca6892-3cf8-4a59-95a9-7484b6672cac,2026-05-22 06:27:30.770052+00,2026-05-22 06:27:30.770052+00,f,saved,,
61ee77ba-f20b-4b65-99e5-d9a3273346bd,Daily Lead Report - 22 May 2026,2026-05-22,,d1097b94-2633-4a31-a61e-dc4736a33133,74278,75,990.3733333333333,"Daily Lead Report - 22 May 2026

Overall:
Ad Spend: ₹74,278
Leads: 75
Overall CPL: ₹990.37

Media Buyer Breakdown:

Hemanth
Ad Accounts: 2026 V1, IPC Account 2, IPC Account 3
Ad Spend: ₹46,903
Leads: 34
CPL: ₹1,379.5
CPM: ₹155.67
CTR: 0.41%
CPC: ₹35
LPVR: 55.33%
LPCR: 1.95%

Akhil
Ad Accounts: India Photographers Club
Ad Spend: ₹27,375
Leads: 41
CPL: ₹667.68
CPM: ₹10
CTR: 0.74%
CPC: ₹14
LPVR: 46.00%
LPCR: 4.66%",1558eeeac40ce384aa5c45302e480cf9cffc06f9a3332bad909e82926fd9137c,8dca6892-3cf8-4a59-95a9-7484b6672cac,2026-05-23 07:03:49.434674+00,2026-05-23 07:03:49.434674+00,f,saved,,
c98cc9fe-20cd-4470-83ba-2a178f1794a0,Daily Lead Report - 23 May 2026,2026-05-23,,d1097b94-2633-4a31-a61e-dc4736a33133,91127,81,1125.0246913580247,"Daily Lead Report - 23 May 2026

Overall:
Ad Spend: ₹91,127
Leads: 81
Overall CPL: ₹1,125.02

Media Buyer Breakdown:

Hemanth
Ad Accounts: 2026 V1, IPC Account 2, IPC Account 3
Ad Spend: ₹65,052
Leads: 49
CPL: ₹1,327.59
CPM: ₹147
CTR: 0.42%
CPC: ₹29.67
LPVR: 53.67%
LPCR: 2.47%

Akhil
Ad Accounts: India Photographers Club
Ad Spend: ₹26,075
Leads: 32
CPL: ₹814.84
CPM: ₹103
CTR: 0.73%
CPC: ₹14
LPVR: 44.00%
LPCR: 3.44%",4b662f8ba92ca61e07daae394184be18dd1b94de529a24c7b27f4607c6bfb585,8dca6892-3cf8-4a59-95a9-7484b6672cac,2026-05-25 10:31:29.219773+00,2026-05-25 10:31:29.219773+00,f,saved,,
8c3ba514-ed45-4eea-bee7-a69191ed555c,Daily Lead Report - 24 May 2026,2026-05-24,,d1097b94-2633-4a31-a61e-dc4736a33133,106166,59,1799.4237288135594,"Daily Lead Report - 24 May 2026

Overall:
Ad Spend: ₹1,06,166
Leads: 59
Overall CPL: ₹1,799.42

Media Buyer Breakdown:

Hemanth
Ad Accounts: 2026 V1, IPC Account 2, IPC Account 3
Ad Spend: ₹78,313
Leads: 35
CPL: ₹2,237.51
CPM: ₹149.67
CTR: 0.47%
CPC: ₹28.67
LPVR: 48.33%
LPCR: 1.63%

Akhil
Ad Accounts: India Photographers Club
Ad Spend: ₹27,853
Leads: 24
CPL: ₹1,160.54
CPM: ₹134
CTR: 0.76%
CPC: ₹17
LPVR: 42.00%
LPCR: 3.73%",7c447d24a85d3dd2c3f41f8d32f06467f4fd38f67db877510a605a5555c669a7,8dca6892-3cf8-4a59-95a9-7484b6672cac,2026-05-25 10:43:15.695801+00,2026-05-25 10:43:15.695801+00,f,saved,,
37f327a1-0c05-472e-9a47-a543d8aed7a4,Daily Lead Report - 25 May 2026,2026-05-25,,d1097b94-2633-4a31-a61e-dc4736a33133,86841,72,1206.125,"Daily Lead Report - 25 May 2026

Overall:
Ad Spend: ₹86,841
Leads: 72
Overall CPL: ₹1,206.13

Media Buyer Breakdown:

Hemanth
Ad Accounts: 2026 V1, IPC Account 2, IPC Account 3
Ad Spend: ₹45,696
Leads: 32
CPL: ₹1,428
CPM: ₹157.67
CTR: 0.38%
CPC: ₹33.67
LPVR: 52.67%
LPCR: 6.42%

Akhil
Ad Accounts: India Photographers Club
Ad Spend: ₹41,145
Leads: 40
CPL: ₹1,028.63
CPM: ₹125
CTR: 0.62%
CPC: ₹20
LPVR: 42.00%
LPCR: 5.13%",491c1470b4b0e913d777cba2adaa81e7831963e5f80ec2576dd92d25cab7b2c1,8dca6892-3cf8-4a59-95a9-7484b6672cac,2026-05-26 07:49:27.541263+00,2026-05-26 07:49:27.541263+00,f,saved,,
a1f49a79-19a1-466c-b06a-77a3f7ca1cc5,Daily Lead Report - 4 August 2026,2026-08-04,,d1097b94-2633-4a31-a61e-dc4736a33133,47596.14,27,1762.82,"Daily Lead Report - 4 August 2026

Overall:
Ad Spend: ₹47,596.14
Leads: 27
Overall CPL: ₹1,762.82

Media Buyer Breakdown:

Hemanth
Ad Accounts: IPC Account 2, IPC Account 3, 2026 V1
Ad Spend: ₹47,596.14
Leads: 27
CPL: ₹1,762.82
CPM: ₹139.33
CTR: 0.86%
CPC: ₹22.33
LPVR: 23.67%
LPCR: 2.67%",071ecfc7e6603525cfa5273aa40db8dc0de816ced3e2856f7d654f0cea41c1bc,89eddcfc-f32c-4f2b-b348-c30d77ce0c4b,2026-08-05 07:43:01.360037+00,2026-08-05 07:43:01.360037+00,f,saved,,
eda2d195-99bc-4942-895d-0e6c63dd8e30,Daily Lead Report - 6 August 2026,2026-08-06,,d1097b94-2633-4a31-a61e-dc4736a33133,43225.33,33,1309.858484848485,"Daily Lead Report - 6 August 2026

Overall:
Ad Spend: ₹43,225.33
Leads: 33
Overall CPL: ₹1,309.86

Media Buyer Breakdown:

Hemanth
Ad Accounts: 2026 V1, IPC Account 2, IPC Account 3
Ad Spend: ₹43,225.33
Leads: 33
CPL: ₹1,309.86
CPM: ₹114.33
CTR: 0.87%
CPC: ₹20.67
LPVR: 24.00%
LPCR: 3.00%",e2dda790a0c0c3042e490b603a18da2746bfbdeedd2ad164738554e81f6c86f3,89eddcfc-f32c-4f2b-b348-c30d77ce0c4b,2026-08-07 09:00:01.415953+00,2026-08-07 09:00:01.415953+00,f,saved,,
275ea5b3-bd06-4139-ba01-eaa10f072254,Daily Lead Report - 26 May 2026,2026-05-26,,d1097b94-2633-4a31-a61e-dc4736a33133,72138,62,1163.516129032258,"Daily Lead Report - 26 May 2026

Overall:
Ad Spend: ₹72,138
Leads: 62
Overall CPL: ₹1,163.52

Media Buyer Breakdown:

Hemanth
Ad Accounts: 2026 V1, IPC Account 2, IPC Account 3
Ad Spend: ₹34,753
Leads: 22
CPL: ₹1,579.68
CPM: ₹152.33
CTR: 4.44%
CPC: ₹58
LPVR: 67.00%
LPCR: 0.75%

Akhil
Ad Accounts: India Photographers Club
Ad Spend: ₹37,385
Leads: 40
CPL: ₹934.63
CPM: ₹120
CTR: 0.67%
CPC: ₹120
LPVR: 43.00%
LPCR: 3.83%",531ff630261410f629c0d61220eab393f0499f6b72c0afc3ba108f7cdc1313f8,8dca6892-3cf8-4a59-95a9-7484b6672cac,2026-05-27 07:18:47.965857+00,2026-05-27 07:18:47.965857+00,f,saved,,
e914f57f-cd1c-436b-a29f-f918af290d2e,Daily Lead Report - 27 May 2026,2026-05-27,,d1097b94-2633-4a31-a61e-dc4736a33133,73490,63,1166.5079365079366,"Daily Lead Report - 27 May 2026

Overall:
Ad Spend: ₹73,490
Leads: 63
Overall CPL: ₹1,166.51

Media Buyer Breakdown:

Hemanth
Ad Accounts: 2026 V1, IPC Account 2, IPC Account 3
Ad Spend: ₹49,024
Leads: 42
CPL: ₹1,167.24
CPM: ₹119.36
CTR: 0.26%
CPC: ₹48.68
LPVR: 68.00%
LPCR: 1.03%

Akhil
Ad Accounts: India Photographers Club
Ad Spend: ₹24,466
Leads: 21
CPL: ₹1,165.05
CPM: ₹119
CTR: 1.10%
CPC: ₹11
LPVR: 43.00%
LPCR: 3.00%",37a464cf46985d01761c4033e75a394dcc2a3ac362165dbd36272c0b03500068,8dca6892-3cf8-4a59-95a9-7484b6672cac,2026-05-28 05:34:01.627175+00,2026-05-28 05:34:01.627175+00,f,saved,,
0884081f-596f-485f-9ff9-0f61b5055309,Daily Lead Report - 28 May 2026,2026-05-28,,d1097b94-2633-4a31-a61e-dc4736a33133,73160,67,1091.9402985074628,"Daily Lead Report - 28 May 2026

Overall:
Ad Spend: ₹73,160
Leads: 67
Overall CPL: ₹1,091.94

Media Buyer Breakdown:

Hemanth
Ad Accounts: 2026 V1, IPC Account 2, IPC Account 3
Ad Spend: ₹58,106
Leads: 51
CPL: ₹1,139.33
CPM: ₹134.67
CTR: 0.24%
CPC: ₹59
LPVR: 63.00%
LPCR: 1.00%

Akhil
Ad Accounts: India Photographers Club
Ad Spend: ₹15,054
Leads: 16
CPL: ₹940.88
CPM: ₹125
CTR: 0.98%
CPC: ₹12
LPVR: 42.00%
LPCR: 3.23%",8fc312358f372f656c4f73a85825973426d351128f8490895bd90f56d3760105,8dca6892-3cf8-4a59-95a9-7484b6672cac,2026-05-29 07:31:35.742055+00,2026-05-29 07:31:35.742055+00,f,saved,,
ffc90e68-292e-495c-8905-e2c207ede313,Daily Lead Report - 29 May 2026,2026-05-29,,d1097b94-2633-4a31-a61e-dc4736a33133,71634,64,1119.28125,"Daily Lead Report - 29 May 2026

Overall:
Ad Spend: ₹71,634
Leads: 64
Overall CPL: ₹1,119.28

Media Buyer Breakdown:

Hemanth
Ad Accounts: 2026 V1, IPC Account 2, IPC Account 3
Ad Spend: ₹53,898
Leads: 40
CPL: ₹1,347.45
CPM: ₹136
CTR: 0.28%
CPC: ₹45
LPVR: 65.67%
LPCR: 3.94%

Akhil
Ad Accounts: India Photographers Club
Ad Spend: ₹17,736
Leads: 24
CPL: ₹739
CPM: ₹127
CTR: 1.05%
CPC: ₹12
LPVR: 46.00%
LPCR: 3.75%",2be4f1715c76062307ca3326fc41d85a0a07a1957fc2bc789b042a04848f3baf,8dca6892-3cf8-4a59-95a9-7484b6672cac,2026-05-30 08:04:33.614622+00,2026-05-30 08:04:33.614622+00,f,saved,,
d29300b8-fb1d-44da-8c52-f2ac2e031383,Daily Lead Report - 31 May 2026,2026-05-31,,d1097b94-2633-4a31-a61e-dc4736a33133,66498,45,1477.7333333333333,"Daily Lead Report - 31 May 2026

Overall:
Ad Spend: ₹66,498
Leads: 45
Overall CPL: ₹1,477.73

Media Buyer Breakdown:

Hemanth
Ad Accounts: 2026 V1, IPC Account 2, IPC Account 3
Ad Spend: ₹49,548
Leads: 34
CPL: ₹1,457.29
CPM: ₹129
CTR: 0.48%
CPC: ₹48.67
LPVR: 58.00%
LPCR: 1.67%

Akhil
Ad Accounts: India Photographers Club
Ad Spend: ₹16,950
Leads: 11
CPL: ₹1,540.91
CPM: ₹123
CTR: 1.40%
CPC: ₹11
LPVR: 44.00%
LPCR: 0.00%",7acc8358ae7dc27c2bcd65a8f97fae31efbd4c051e5cdcb1b3930f9b80ea6fd1,8dca6892-3cf8-4a59-95a9-7484b6672cac,2026-06-01 07:46:03.749278+00,2026-06-01 07:46:03.749278+00,f,saved,,
bb725494-6bae-42dc-8389-be822ed04b5c,Daily Lead Report - 30 May 2026,2026-05-30,,d1097b94-2633-4a31-a61e-dc4736a33133,68776,59,1165.6949152542372,"Daily Lead Report - 30 May 2026

Overall:
Ad Spend: ₹68,776
Leads: 59
Overall CPL: ₹1,165.69

Media Buyer Breakdown:

Hemanth
Ad Accounts: 2026 V1, IPC Account 2, IPC Account 3
Ad Spend: ₹54,138
Leads: 34
CPL: ₹1,592.29
CPM: ₹158.33
CTR: 0.51%
CPC: ₹39.67
LPVR: 52.00%
LPCR: 6.00%

Akhil
Ad Accounts: India Photographers Club
Ad Spend: ₹14,638
Leads: 25
CPL: ₹585.52
CPM: ₹110
CTR: 0.80%
CPC: ₹13
LPVR: 44.00%
LPCR: 4.18%",3dd78af2a195e32ba7fe624dc550fb7d6615d8614c36d26009bc717fdde76e73,8dca6892-3cf8-4a59-95a9-7484b6672cac,2026-06-01 07:55:19.175577+00,2026-06-01 07:55:19.175577+00,f,saved,,
88747f0f-161a-4e57-bdb0-2c78edf9131d,Daily Lead Report - 1 June 2026,2026-06-01,,d1097b94-2633-4a31-a61e-dc4736a33133,63112,42,1502.6666666666667,"Daily Lead Report - 1 June 2026

Overall:
Ad Spend: ₹63,112
Leads: 42
Overall CPL: ₹1,502.67

Media Buyer Breakdown:

Hemanth
Ad Accounts: 2026 V1, IPC Account 2, IPC Account 3
Ad Spend: ₹47,687
Leads: 28
CPL: ₹1,703.11
CPM: ₹115.33
CTR: 0.32%
CPC: ₹45
LPVR: 60.33%
LPCR: 3.83%

Akhil
Ad Accounts: India Photographers Club
Ad Spend: ₹15,425
Leads: 14
CPL: ₹1,101.79
CPM: ₹116
CTR: 0.15%
CPC: ₹12
LPVR: 45.00%
LPCR: 1.77%",43f606f4094e500470366dbf6c894245df01bc579a670bfa89632974b62d4ce2,8dca6892-3cf8-4a59-95a9-7484b6672cac,2026-06-03 06:36:56.915673+00,2026-06-03 06:36:56.915673+00,f,saved,,
47cf75d1-624e-4d67-ba9a-3cac3eca21a0,Daily Lead Report - 2 June 2026,2026-06-02,,d1097b94-2633-4a31-a61e-dc4736a33133,71265,53,1344.622641509434,"Daily Lead Report - 2 June 2026

Overall:
Ad Spend: ₹71,265
Leads: 53
Overall CPL: ₹1,344.62

Media Buyer Breakdown:

Hemanth
Ad Accounts: 2026 V1, IPC Account 2, IPC Account 3
Ad Spend: ₹57,335
Leads: 41
CPL: ₹1,398.41
CPM: ₹120.33
CTR: 0.40%
CPC: ₹49.67
LPVR: 57.33%
LPCR: 4.82%

Akhil
Ad Accounts: India Photographers Club
Ad Spend: ₹13,930
Leads: 12
CPL: ₹1,160.83
CPM: ₹125
CTR: 0.75%
CPC: ₹17
LPVR: 43.00%
LPCR: 3.44%",55fd6f220a2cc16c925ce6ea44b18912a7bb607bda1c840439f5485e405572ab,8dca6892-3cf8-4a59-95a9-7484b6672cac,2026-06-03 06:42:30.402216+00,2026-06-03 06:42:30.402216+00,f,saved,,
3f0ab2c0-37cd-4a19-86ce-36ce09874f59,Daily Lead Report - 3 June 2026,2026-06-03,,d1097b94-2633-4a31-a61e-dc4736a33133,64884,38,1707.4736842105262,"Daily Lead Report - 3 June 2026

Overall:
Ad Spend: ₹64,884
Leads: 38
Overall CPL: ₹1,707.47

Media Buyer Breakdown:

Hemanth
Ad Accounts: 2026 V1, IPC Account 2, IPC Account 3
Ad Spend: ₹50,016
Leads: 28
CPL: ₹1,786.29
CPM: ₹124.67
CTR: 0.45%
CPC: ₹48.33
LPVR: 51.67%
LPCR: 9.97%

Akhil
Ad Accounts: India Photographers Club
Ad Spend: ₹14,868
Leads: 10
CPL: ₹1,486.8
CPM: ₹139
CTR: 0.70%
CPC: ₹20
LPVR: 45.00%
LPCR: 3.00%",813f5298bcfb5025cc348286f03083fff68b588330aac25e7a0ab004d90e367b,8dca6892-3cf8-4a59-95a9-7484b6672cac,2026-06-04 07:05:48.773709+00,2026-06-04 07:05:48.773709+00,f,saved,,
17c8e7d5-9a1e-4f76-85b3-0a8868b202a3,Daily Lead Report - 5 August 2026,2026-08-05,,d1097b94-2633-4a31-a61e-dc4736a33133,39883.78,32,1246.368125,"Daily Lead Report - 5 August 2026

Overall:
Ad Spend: ₹39,883.78
Leads: 32
Overall CPL: ₹1,246.37

Media Buyer Breakdown:

Hemanth
Ad Accounts: 2026 V1, IPC Account 2, IPC Account 3
Ad Spend: ₹39,883.78
Leads: 32
CPL: ₹1,246.37
CPM: ₹115
CTR: 0.87%
CPC: ₹19
LPVR: 25.00%
LPCR: 2.33%",b6fe1c892909fa932cfcc842116b0fd16d8461cb9a72d21efe1ebf77c0601df2,89eddcfc-f32c-4f2b-b348-c30d77ce0c4b,2026-08-06 06:35:46.697178+00,2026-08-06 06:35:46.697178+00,f,saved,,
57d4bfce-1e36-4cce-9295-705af823ade6,Daily Lead Report - 4 June 2026,2026-06-04,,d1097b94-2633-4a31-a61e-dc4736a33133,48905,45,1086.7777777777778,"Daily Lead Report - 4 June 2026

Overall:
Ad Spend: ₹48,905
Leads: 45
Overall CPL: ₹1,086.78

Media Buyer Breakdown:

Hemanth
Ad Accounts: 2026 V1, IPC Account 2, IPC Account 3
Ad Spend: ₹40,075
Leads: 32
CPL: ₹1,252.34
CPM: ₹103
CTR: 0.50%
CPC: ₹31.33
LPVR: 49.33%
LPCR: 2.29%

Akhil
Ad Accounts: India Photographers Club
Ad Spend: ₹8,830
Leads: 13
CPL: ₹679.23
CPM: ₹115
CTR: 0.66%
CPC: ₹17
LPVR: 45.00%
LPCR: 4.80%",6ed10de6fa58f95cc09e07a6089d1f5ead36d93ef291861aeeaa4db611d8a03a,8dca6892-3cf8-4a59-95a9-7484b6672cac,2026-06-05 07:49:49.534041+00,2026-06-05 07:49:49.534041+00,f,saved,,
90cc7054-ed80-4cf2-a714-7f032327deda,Daily Lead Report - 7 August 2026,2026-08-07,,d1097b94-2633-4a31-a61e-dc4736a33133,48741.54,39,1249.783076923077,"Daily Lead Report - 7 August 2026

Overall:
Ad Spend: ₹48,741.54
Leads: 39
Overall CPL: ₹1,249.78

Media Buyer Breakdown:

Hemanth
Ad Accounts: IPC Account 3, IPC Account 2, 2026 V1
Ad Spend: ₹48,741.54
Leads: 39
CPL: ₹1,249.78
CPM: ₹110
CTR: 0.71%
CPC: ₹17.67
LPVR: 25.00%
LPCR: 2.33%",2313f5598a3cd67f47d0f304722239983d0d1a131747f0a9b1e39884bd5914b1,89eddcfc-f32c-4f2b-b348-c30d77ce0c4b,2026-08-08 06:43:12.123547+00,2026-08-08 06:43:12.123547+00,f,saved,,
1c93da59-7e15-4394-a12d-091d0b69fdb3,Daily Lead Report - 5 June 2026,2026-06-05,,d1097b94-2633-4a31-a61e-dc4736a33133,55462,44,1260.5,"Daily Lead Report - 5 June 2026

Overall:
Ad Spend: ₹55,462
Leads: 44
Overall CPL: ₹1,260.5

Media Buyer Breakdown:

Hemanth
Ad Accounts: 2026 V1, IPC Account 2, IPC Account 3
Ad Spend: ₹32,357
Leads: 20
CPL: ₹1,617.85
CPM: ₹112.85
CTR: 0.42%
CPC: ₹38.67
LPVR: 55.00%
LPCR: 3.33%

Akhil
Ad Accounts: India Photographers Club
Ad Spend: ₹23,105
Leads: 24
CPL: ₹962.71
CPM: ₹141
CTR: 0.69%
CPC: ₹20
LPVR: 53.00%
LPCR: 2.32%",fb88c7ef7f8723d03b87d09e96bc5765582c9ac452ef78d82de8bf30f6a65b7c,8dca6892-3cf8-4a59-95a9-7484b6672cac,2026-06-06 08:18:48.55064+00,2026-06-06 08:18:48.55064+00,f,saved,,
d641da3a-e296-4b7f-a7f4-052e900d5604,Daily Lead Report - 6 June 2026,2026-06-06,,d1097b94-2633-4a31-a61e-dc4736a33133,43298,36,1202.7222222222222,"Daily Lead Report - 6 June 2026

Overall:
Ad Spend: ₹43,298
Leads: 36
Overall CPL: ₹1,202.72

Media Buyer Breakdown:

Hemanth
Ad Accounts: 2026 V1, IPC Account 2
Ad Spend: ₹21,685
Leads: 9
CPL: ₹2,409.44
CPM: ₹121
CTR: 0.41%
CPC: ₹43.67
LPVR: 56.00%
LPCR: 2.33%

Akhil
Ad Accounts: India Photographers Club
Ad Spend: ₹21,613
Leads: 27
CPL: ₹800.48
CPM: ₹137
CTR: 0.82%
CPC: ₹16
LPVR: 38.00%
LPCR: 4.48%",254c4fe2b34394d456b77044a0185fe8d1e4b86fa6d2934a9e376a0233f95075,89eddcfc-f32c-4f2b-b348-c30d77ce0c4b,2026-06-08 09:39:43.172675+00,2026-06-08 09:39:43.172675+00,f,saved,,
27a2a498-08a2-4a42-98af-23c81d7d2fbd,Daily Lead Report - 7 June 2026,2026-06-07,,d1097b94-2633-4a31-a61e-dc4736a33133,51792,40,1294.8,"Daily Lead Report - 7 June 2026

Overall:
Ad Spend: ₹51,792
Leads: 40
Overall CPL: ₹1,294.8

Media Buyer Breakdown:

Hemanth
Ad Accounts: 2026 V1, IPC Account 3
Ad Spend: ₹10,964
Leads: 9
CPL: ₹1,218.22
CPM: ₹141.5
CTR: 0.52%
CPC: ₹29
LPVR: 57.50%
LPCR: 4.46%

Akhil
Ad Accounts: India Photographers Club
Ad Spend: ₹40,828
Leads: 31
CPL: ₹1,317.03
CPM: ₹137
CTR: 0.70%
CPC: ₹19
LPVR: 38.00%
LPCR: 3.19%",c10f02aebdcc0c9c37ad46c2292f55d585f4d1b1827fe38f6ef4f55fecbcd26c,89eddcfc-f32c-4f2b-b348-c30d77ce0c4b,2026-06-08 09:49:35.198114+00,2026-06-08 09:49:35.198114+00,f,saved,,
16ea24e9-598c-47ca-9df1-158eded9d3af,Daily Lead Report - 8 June 2026,2026-06-08,,d1097b94-2633-4a31-a61e-dc4736a33133,82685.69,61,1355.5031147540983,"Daily Lead Report - 8 June 2026

Overall:
Ad Spend: ₹82,685.69
Leads: 61
Overall CPL: ₹1,355.5

Media Buyer Breakdown:

Hemanth
Ad Accounts: 2026 V1, IPC Account 2, IPC Account 3
Ad Spend: ₹44,715.62
Leads: 27
CPL: ₹1,656.13
CPM: ₹164.67
CTR: 0.42%
CPC: ₹44.67
LPVR: 56.00%
LPCR: 1.86%

Akhil
Ad Accounts: India Photographers Club
Ad Spend: ₹37,970.07
Leads: 34
CPL: ₹1,116.77
CPM: ₹137
CTR: 0.74%
CPC: ₹18
LPVR: 40.00%
LPCR: 4.26%",e6600b85468422389f1cd4d340d2cd1fa51bca56926dc6922add6a00aee9107d,89eddcfc-f32c-4f2b-b348-c30d77ce0c4b,2026-06-09 08:01:26.050603+00,2026-06-09 08:01:26.050603+00,f,saved,,
5a6fc5cf-a2a3-4370-9cd0-31074d068a5f,Daily Lead Report - 9 June 2026,2026-06-09,,d1097b94-2633-4a31-a61e-dc4736a33133,74057.73,55,1346.5041818181817,"Daily Lead Report - 9 June 2026

Overall:
Ad Spend: ₹74,057.73
Leads: 55
Overall CPL: ₹1,346.5

Media Buyer Breakdown:

Hemanth
Ad Accounts: 2026 V1, IPC Account 2, IPC Account 3
Ad Spend: ₹33,808.73
Leads: 34
CPL: ₹994.37
CPM: ₹171
CTR: 0.47%
CPC: ₹35.67
LPVR: 52.33%
LPCR: 7.00%

Akhil
Ad Accounts: India Photographers Club
Ad Spend: ₹40,249
Leads: 21
CPL: ₹1,916.62
CPM: ₹152
CTR: 0.75%
CPC: ₹20
LPVR: 49.00%
LPCR: -2.00%",1e52dcabbcfa8c196bc8c207a2d381c5864352ae080462ce5edea9edd8580078,89eddcfc-f32c-4f2b-b348-c30d77ce0c4b,2026-06-10 07:10:45.123233+00,2026-06-10 07:10:45.123233+00,f,saved,,
418cda86-55bd-4ef1-822a-d98586bda1ae,Daily Lead Report - 10 June 2026,2026-06-10,,d1097b94-2633-4a31-a61e-dc4736a33133,67646.70999999999,53,1276.3530188679244,"Daily Lead Report - 10 June 2026

Overall:
Ad Spend: ₹67,646.71
Leads: 53
Overall CPL: ₹1,276.35

Media Buyer Breakdown:

Hemanth
Ad Accounts: 2026 V1, IPC Account 2, IPC Account 3
Ad Spend: ₹51,659.17
Leads: 42
CPL: ₹1,229.98
CPM: ₹103
CTR: 0.48%
CPC: ₹41.33
LPVR: 48.00%
LPCR: 4.00%

Akhil
Ad Accounts: India Photographers Club
Ad Spend: ₹15,987.54
Leads: 11
CPL: ₹1,453.41
CPM: ₹166
CTR: 0.85%
CPC: ₹19
LPVR: 42.00%
LPCR: 3.00%",02e481a9b6fe3850c39e16e753a775d4c489ff78ef746314b772518bb4660ea8,89eddcfc-f32c-4f2b-b348-c30d77ce0c4b,2026-06-11 07:53:13.67451+00,2026-06-11 07:53:13.67451+00,f,saved,,
11f35181-e3dc-4c1c-a7aa-013676909f4b,Daily Lead Report - 11 June 2026,2026-06-11,,d1097b94-2633-4a31-a61e-dc4736a33133,40803,40,1020.075,"Daily Lead Report - 11 June 2026

Overall:
Ad Spend: ₹40,803
Leads: 40
Overall CPL: ₹1,020.08

Media Buyer Breakdown:

Hemanth
Ad Accounts: 2026 V1, IPC Account 2, IPC Account 3
Ad Spend: ₹40,803
Leads: 34
CPL: ₹1,200.09
CPM: ₹94.67
CTR: 0.47%
CPC: ₹30
LPVR: 54.33%
LPCR: 3.27%

Akhil
Leads: 6
CPL: ₹0",fea37f7e6db53c22207a2e1de741125ad2ef147e1be88fe1bfacab6c5f949e1a,89eddcfc-f32c-4f2b-b348-c30d77ce0c4b,2026-06-13 07:07:13.850641+00,2026-06-13 07:07:13.850641+00,f,saved,,
87a275cc-83b9-488f-9e7f-72a679ef4d1b,Daily Lead Report - 12 June 2026,2026-06-12,,d1097b94-2633-4a31-a61e-dc4736a33133,39977.4,40,999.4350000000001,"Daily Lead Report - 12 June 2026

Overall:
Ad Spend: ₹39,977.4
Leads: 40
Overall CPL: ₹999.44

Media Buyer Breakdown:

Hemanth
Ad Accounts: 2026 V1, IPC Account 2, IPC Account 3
Ad Spend: ₹39,977.4
Leads: 37
CPL: ₹1,080.47
CPM: ₹88
CTR: 0.51%
CPC: ₹29
LPVR: 46.67%
LPCR: 3.00%

Akhil
Leads: 3
CPL: ₹0",604da87f891a27ece27843a2734aa68a16aedbc1e35cf6a6d957283238a903b7,89eddcfc-f32c-4f2b-b348-c30d77ce0c4b,2026-06-13 08:14:56.520503+00,2026-06-13 08:14:56.520503+00,f,saved,,
d5265dea-092c-487e-addd-8a78e205037c,Daily Lead Report - 12 June 2026,2026-06-12,,d1097b94-2633-4a31-a61e-dc4736a33133,39977.4,37,1080.4702702702702,"Daily Lead Report - 12 June 2026

Overall:
Ad Spend: ₹39,977.4
Leads: 37
Overall CPL: ₹1,080.47

Media Buyer Breakdown:

Hemanth
Ad Accounts: 2026 V1, IPC Account 2, IPC Account 3
Ad Spend: ₹39,977.4
Leads: 37
CPL: ₹1,080.47
CPM: ₹88
CTR: 0.51%
CPC: ₹29
LPVR: 46.67%
LPCR: 3.00%",56bb3e234ede7703ac93a050b06ddece512841a0fd7c04e24277fd088eb1180b,89eddcfc-f32c-4f2b-b348-c30d77ce0c4b,2026-06-15 08:21:35.907815+00,2026-06-15 08:21:35.907815+00,f,saved,,
579a7d17-7abd-4cdb-a1e0-f74941841b77,Daily Lead Report - 13 June 2026,2026-06-13,,d1097b94-2633-4a31-a61e-dc4736a33133,41542.49,25,1661.6996,"Daily Lead Report - 13 June 2026

Overall:
Ad Spend: ₹41,542.49
Leads: 25
Overall CPL: ₹1,661.7

Media Buyer Breakdown:

Hemanth
Ad Accounts: 2026 V1, IPC Account 2, IPC Account 3
Ad Spend: ₹41,542.49
Leads: 25
CPL: ₹1,661.7
CPM: ₹82
CTR: 0.49%
CPC: ₹29.33
LPVR: 48.33%
LPCR: 1.67%",9661103e669d5d10a126da8690d863cb652ab5c87434fad8f9ec17e9f9ffacec,89eddcfc-f32c-4f2b-b348-c30d77ce0c4b,2026-06-15 08:31:48.602545+00,2026-06-15 08:31:48.602545+00,f,saved,,
1b60de95-2f00-4df6-b36f-98a4dd83dde0,Daily Lead Report - 14 June 2026,2026-06-14,,d1097b94-2633-4a31-a61e-dc4736a33133,43007.08,31,1387.3251612903227,"Daily Lead Report - 14 June 2026

Overall:
Ad Spend: ₹43,007.08
Leads: 31
Overall CPL: ₹1,387.33

Media Buyer Breakdown:

Hemanth
Ad Accounts: 2026 V1, IPC Account 2, IPC Account 3
Ad Spend: ₹43,007.08
Leads: 31
CPL: ₹1,387.33
CPM: ₹80.33
CTR: 0.27%
CPC: ₹30.67
LPVR: 51.67%
LPCR: 3.00%",8c95229bcac844f410e170deb9175f09bf480d96ce02638904538da07f49d5f5,89eddcfc-f32c-4f2b-b348-c30d77ce0c4b,2026-06-15 08:40:00.596299+00,2026-06-15 08:40:00.596299+00,f,saved,,
5639e17a-4bf8-4ed0-b993-6f0df21e6340,Daily Lead Report - 15 June 2026,2026-06-15,,d1097b94-2633-4a31-a61e-dc4736a33133,49030.93,43,1140.2541860465117,"Daily Lead Report - 15 June 2026

Overall:
Ad Spend: ₹49,030.93
Leads: 43
Overall CPL: ₹1,140.25

Media Buyer Breakdown:

Hemanth
Ad Accounts: 2026 V1, IPC Account 2, IPC Account 3
Ad Spend: ₹49,030.93
Leads: 43
CPL: ₹1,140.25
CPM: ₹87.67
CTR: 0.53%
CPC: ₹34.33
LPVR: 57.33%
LPCR: 2.00%",5cf0935ef0f2fae639d2fa38e6164c2bcc568596cceb59227f8749a3588d9320,89eddcfc-f32c-4f2b-b348-c30d77ce0c4b,2026-06-16 07:49:36.369356+00,2026-06-16 07:49:36.369356+00,f,saved,,
6a524c06-e9df-407a-a9f4-5729bed4b001,Daily Lead Report - 16 June 2026,2026-06-16,,d1097b94-2633-4a31-a61e-dc4736a33133,69436.18,46,1509.4821739130434,"Daily Lead Report - 16 June 2026

Overall:
Ad Spend: ₹69,436.18
Leads: 46
Overall CPL: ₹1,509.48

Media Buyer Breakdown:

Hemanth
Ad Accounts: 2026 V1, IPC Account 2, IPC Account 3
Ad Spend: ₹50,143.21
Leads: 31
CPL: ₹1,617.52
CPM: ₹89.67
CTR: 0.24%
CPC: ₹37
LPVR: 51.67%
LPCR: 1.67%

Akhil
Ad Accounts: India Photographers Club
Ad Spend: ₹19,292.97
Leads: 15
CPL: ₹1,286.2
CPM: ₹156
CTR: 0.55%
CPC: ₹28
LPVR: 54.00%
LPCR: 4.00%",60f04d6586e0b28d1ffd4a478f685eb47ad351289e2a31acead3abfbf1f620a0,89eddcfc-f32c-4f2b-b348-c30d77ce0c4b,2026-06-17 08:04:12.535442+00,2026-06-17 08:04:12.535442+00,f,saved,,
784eaf48-1af3-4bcd-ab81-59de4e01592c,Daily Lead Report - 17 June 2026,2026-06-17,,d1097b94-2633-4a31-a61e-dc4736a33133,47296.63,35,1351.3322857142857,"Daily Lead Report - 17 June 2026

Overall:
Ad Spend: ₹47,296.63
Leads: 35
Overall CPL: ₹1,351.33

Media Buyer Breakdown:

Hemanth
Ad Accounts: IPC Account 2, IPC Account 3
Ad Spend: ₹39,581.71
Leads: 27
CPL: ₹1,465.99
CPM: ₹94.67
CTR: 0.27%
CPC: ₹35.33
LPVR: 53.33%
LPCR: 1.33%

Akhil
Ad Accounts: India Photographers Club
Ad Spend: ₹7,714.92
Leads: 8
CPL: ₹964.37
CPM: ₹166
CTR: 0.70%
CPC: ₹23
LPVR: 58.00%
LPCR: 6.00%",fb52cd49e9f3a32be187875497594f2791a36a2b3652ce7b32c476fbb6136db5,89eddcfc-f32c-4f2b-b348-c30d77ce0c4b,2026-06-18 07:24:36.289144+00,2026-06-18 07:24:36.289144+00,f,saved,,
28f96e8b-c4fa-419a-8ead-586d325c93c1,Daily Lead Report - 18 June 2026,2026-06-18,,d1097b94-2633-4a31-a61e-dc4736a33133,22797.15,25,911.8860000000001,"Daily Lead Report - 18 June 2026

Overall:
Ad Spend: ₹22,797.15
Leads: 25
Overall CPL: ₹911.89

Media Buyer Breakdown:

Hemanth
Ad Accounts: 2026 V1, IPC Account 2, IPC Account 3
Ad Spend: ₹22,797.15
Leads: 25
CPL: ₹911.89
CPM: ₹88.33
CTR: 0.32%
CPC: ₹28.33
LPVR: 51.33%
LPCR: 1.33%",b27ce9020621850195f47cfbf4f96de438a3b8178b4244a75eadd500bd376c7f,89eddcfc-f32c-4f2b-b348-c30d77ce0c4b,2026-06-20 06:38:08.93603+00,2026-06-20 06:38:08.93603+00,f,saved,,
12a7a242-4325-407d-8a83-8efb3713b171,Daily Lead Report - 19 June 2026,2026-06-19,,d1097b94-2633-4a31-a61e-dc4736a33133,34156.409999999996,37,923.1462162162161,"Daily Lead Report - 19 June 2026

Overall:
Ad Spend: ₹34,156.41
Leads: 37
Overall CPL: ₹923.15

Media Buyer Breakdown:

Hemanth
Ad Accounts: 2026 V1, IPC Account 2, IPC Account 3
Ad Spend: ₹34,156.41
Leads: 37
CPL: ₹923.15
CPM: ₹93
CTR: 0.29%
CPC: ₹31.67
LPVR: 51.33%
LPCR: 3.67%",5b20896ad88376527fc7dee079cc63f34599bc6383d1c4584945e53c1eefd7e4,89eddcfc-f32c-4f2b-b348-c30d77ce0c4b,2026-06-20 06:48:35.120667+00,2026-06-20 06:48:35.120667+00,f,saved,,
3f901869-b243-4e21-9e61-68db52e2f6bd,Daily Lead Report - 20 June 2026,2026-06-20,,d1097b94-2633-4a31-a61e-dc4736a33133,45427.340000000004,27,1682.4940740740742,"Daily Lead Report - 20 June 2026

Overall:
Ad Spend: ₹45,427.34
Leads: 27
Overall CPL: ₹1,682.49

Media Buyer Breakdown:

Hemanth
Ad Accounts: 2026 V1, IPC Account 2, IPC Account 3
Ad Spend: ₹45,427.34
Leads: 27
CPL: ₹1,682.49
CPM: ₹103.33
CTR: 0.28%
CPC: ₹38
LPVR: 48.00%
LPCR: 1.33%",d3c47dc0b65c75b1225daa96a45e5b3c142e5735574ce5d3c240bcc0d0b05091,89eddcfc-f32c-4f2b-b348-c30d77ce0c4b,2026-06-22 08:10:13.790905+00,2026-06-22 08:10:13.790905+00,f,saved,,
90b08f85-7722-4e4e-b328-188aa5f355c2,Daily Lead Report - 21 June 2026,2026-06-21,,d1097b94-2633-4a31-a61e-dc4736a33133,57143.1,34,1680.679411764706,"Daily Lead Report - 21 June 2026

Overall:
Ad Spend: ₹57,143.1
Leads: 34
Overall CPL: ₹1,680.68

Media Buyer Breakdown:

Akhil
Ad Accounts: India Photographers Club
Ad Spend: ₹9,212
Leads: 6
CPL: ₹1,535.33
LPCR: 0.00%

Hemanth
Ad Accounts: IPC Account 2, IPC Account 3, 2026 V1
Ad Spend: ₹47,931.1
Leads: 28
CPL: ₹1,711.83
CPM: ₹112
CTR: 0.26%
CPC: ₹41
LPVR: 48.00%
LPCR: 1.00%",3b56301c34b947e54314061c79a26b0942a61e5282e74cd0dd0197651daa4978,89eddcfc-f32c-4f2b-b348-c30d77ce0c4b,2026-06-22 10:01:41.303174+00,2026-06-22 10:01:41.303174+00,f,saved,,
8001cebb-1be7-422d-a17a-9d3ca5855a57,Daily Lead Report - 22 June 2026,2026-06-22,,d1097b94-2633-4a31-a61e-dc4736a33133,52265,41,1274.7560975609756,"Daily Lead Report - 22 June 2026

Overall:
Ad Spend: ₹52,265
Leads: 41
Overall CPL: ₹1,274.76

Media Buyer Breakdown:

Hemanth
Ad Accounts: 2026 V1, IPC Account 2, IPC Account 3
Ad Spend: ₹43,030.22
Leads: 30
CPL: ₹1,434.34
CPM: ₹101.67
CTR: 0.28%
CPC: ₹36.33
LPVR: 48.00%
LPCR: 3.33%

Akhil
Ad Accounts: India Photographers Club
Ad Spend: ₹9,234.78
Leads: 11
CPL: ₹839.53
CPM: ₹214
CTR: 0.60%
CPC: ₹36
LPVR: 73.00%
LPCR: 8.00%",7dc801c068c3516a6ee8a7986011a03c6284421e55b75edadf8bced5a74475d8,89eddcfc-f32c-4f2b-b348-c30d77ce0c4b,2026-06-23 09:51:45.62978+00,2026-06-23 09:51:45.62978+00,f,saved,,
bfec326f-bb4f-40ed-abda-fac85e5ccaa5,Daily Lead Report - 23 June 2026,2026-06-23,,d1097b94-2633-4a31-a61e-dc4736a33133,55419.56,40,1385.489,"Daily Lead Report - 23 June 2026

Overall:
Ad Spend: ₹55,419.56
Leads: 40
Overall CPL: ₹1,385.49

Media Buyer Breakdown:

Hemanth
Ad Accounts: 2026 V1, IPC Account 2, IPC Account 3
Ad Spend: ₹43,964.21
Leads: 31
CPL: ₹1,418.2
CPM: ₹103.33
CTR: 0.23%
CPC: ₹32
LPVR: 55.33%
LPCR: 2.67%

Akhil
Ad Accounts: Blessed India Photographers
Ad Spend: ₹11,455.35
Leads: 9
CPL: ₹1,272.82
CPM: ₹217
CTR: 0.72%
CPC: ₹30
LPVR: 70.00%
LPCR: 5.00%",5aab615242ee4b03b86501703d7252fb2f4ed9a428770549b4ac260a6f1b9f67,89eddcfc-f32c-4f2b-b348-c30d77ce0c4b,2026-06-24 07:19:57.583758+00,2026-06-24 07:19:57.583758+00,f,saved,,
30c9dffa-e277-4126-a797-8870d6ee17cc,Daily Lead Report - 24 June 2026,2026-06-24,,d1097b94-2633-4a31-a61e-dc4736a33133,64871.4,50,1297.428,"Daily Lead Report - 24 June 2026

Overall:
Ad Spend: ₹64,871.4
Leads: 50
Overall CPL: ₹1,297.43

Media Buyer Breakdown:

Hemanth
Ad Accounts: 2026 V1, IPC Account 2, IPC Account 3
Ad Spend: ₹43,710.93
Leads: 27
CPL: ₹1,618.92
CPM: ₹102.09
CTR: 3.95%
CPC: ₹35.67
LPVR: 50.67%
LPCR: 2.67%

Akhil
Ad Accounts: Blessed India Photographers
Ad Spend: ₹21,160.47
Leads: 23
CPL: ₹920.02
CPM: ₹169
CTR: 0.53%
CPC: ₹32
LPVR: 74.00%
LPCR: 8.00%",1e4ec04d26f654b7253a00d4b93f3a23d43b4dc1aa8f6b5e31b4b53b3c7f9251,89eddcfc-f32c-4f2b-b348-c30d77ce0c4b,2026-06-25 06:09:39.979127+00,2026-06-25 06:09:39.979127+00,f,saved,,
639af892-a67c-4114-9b49-7eb4520bf9b5,Daily Lead Report - 25 June 2026,2026-06-25,,d1097b94-2633-4a31-a61e-dc4736a33133,63644.670000000006,51,1247.934705882353,"Daily Lead Report - 25 June 2026

Overall:
Ad Spend: ₹63,644.67
Leads: 51
Overall CPL: ₹1,247.93

Media Buyer Breakdown:

Hemanth
Ad Accounts: 2026 V1, IPC Account 3, IPC Account 2
Ad Spend: ₹40,910.67
Leads: 36
CPL: ₹1,136.41
CPM: ₹116.67
CTR: 0.28%
CPC: ₹41.67
LPVR: 48.33%
LPCR: 3.67%

Akhil
Ad Accounts: Blessed India Photographers
Ad Spend: ₹22,734
Leads: 15
CPL: ₹1,515.6
CPM: ₹184
CTR: 0.58%
CPC: ₹31
LPVR: 49.00%
LPCR: 4.90%",d26e1b0442cda203796f541f3ac61b0d117abbac5fc82b25e9b79f6ecd9c5079,89eddcfc-f32c-4f2b-b348-c30d77ce0c4b,2026-06-26 08:19:29.876707+00,2026-06-26 08:19:29.876707+00,f,saved,,
01c58b29-7c42-4a5e-b9c6-15841a628341,Daily Lead Report - 26 June 2026,2026-06-26,,d1097b94-2633-4a31-a61e-dc4736a33133,58711.69,41,1431.9924390243903,"Daily Lead Report - 26 June 2026

Overall:
Ad Spend: ₹58,711.69
Leads: 41
Overall CPL: ₹1,431.99

Media Buyer Breakdown:

Hemanth
Ad Accounts: 2026 V1, IPC Account 3
Ad Spend: ₹32,834.65
Leads: 18
CPL: ₹1,824.15
CPM: ₹78
CTR: 0.24%
CPC: ₹36.5
LPVR: 53.00%
LPCR: 3.00%

Akhil
Ad Accounts: Blessed India Photographers
Ad Spend: ₹25,877.04
Leads: 23
CPL: ₹1,125.09
CPM: ₹180
CTR: 0.62%
CPC: ₹29
LPVR: 51.00%
LPCR: 5.00%",9f8d1c23347125adc4780032aae4cc63ad537f6519f6e9162db4395a663ae7af,89eddcfc-f32c-4f2b-b348-c30d77ce0c4b,2026-06-27 06:48:25.561504+00,2026-06-27 06:48:25.561504+00,f,saved,,
08910ce4-8d52-4841-a01c-8d8383115fbc,Daily Lead Report - 27 June 2026,2026-06-27,,d1097b94-2633-4a31-a61e-dc4736a33133,56915.259999999995,32,1778.6018749999998,"Daily Lead Report - 27 June 2026

Overall:
Ad Spend: ₹56,915.26
Leads: 32
Overall CPL: ₹1,778.6

Media Buyer Breakdown:

Hemanth
Ad Accounts: 2026 V1, IPC Account 3
Ad Spend: ₹41,278.26
Leads: 22
CPL: ₹1,876.28
CPM: ₹86
CTR: 0.23%
CPC: ₹41
LPVR: 45.50%
LPCR: 1.50%

Akhil
Ad Accounts: Blessed India Photographers
Ad Spend: ₹15,637
Leads: 10
CPL: ₹1,563.7
CPM: ₹170
CTR: 0.53%
CPC: ₹32
LPVR: 51.00%
LPCR: 4.00%",8ba393411d451f408b94e4f2c9d5aec0708258b881a0343bee4c9651344f58af,89eddcfc-f32c-4f2b-b348-c30d77ce0c4b,2026-06-28 10:56:21.811097+00,2026-06-28 10:56:21.811097+00,f,saved,,
0afb15e2-7854-42f6-8151-3c238347a909,Daily Lead Report - 28 June 2026,2026-06-28,,d1097b94-2633-4a31-a61e-dc4736a33133,72118.93,64,1126.85828125,"Daily Lead Report - 28 June 2026

Overall:
Ad Spend: ₹72,118.93
Leads: 64
Overall CPL: ₹1,126.86

Media Buyer Breakdown:

Hemanth
Ad Accounts: 2026 V1, IPC Account 3
Ad Spend: ₹46,125.93
Leads: 37
CPL: ₹1,246.65
CPM: ₹90
CTR: 0.25%
CPC: ₹39
LPVR: 50.50%
LPCR: 2.00%

Akhil
Ad Accounts: Blessed India Photographers
Ad Spend: ₹25,993
Leads: 27
CPL: ₹962.7
CPM: ₹176
CTR: 0.62%
CPC: ₹28
LPVR: 48.00%
LPCR: 6.00%",9f654b305d829832211f4bcf3f66f3dc5713ff062c4ff210a93ac3ccfadc662e,89eddcfc-f32c-4f2b-b348-c30d77ce0c4b,2026-06-29 06:52:13.258055+00,2026-06-29 06:52:13.258055+00,f,saved,,
1a6ac9c9-dba9-40fa-a127-3c9ef968d70f,Daily Lead Report - 29 June 2026,2026-06-29,,d1097b94-2633-4a31-a61e-dc4736a33133,63425.86,51,1243.6443137254903,"Daily Lead Report - 29 June 2026

Overall:
Ad Spend: ₹63,425.86
Leads: 51
Overall CPL: ₹1,243.64

Media Buyer Breakdown:

Hemanth
Ad Accounts: 2026 V1, IPC Account 3
Ad Spend: ₹38,890.32
Leads: 29
CPL: ₹1,341.05
CPM: ₹92
CTR: 0.24%
CPC: ₹40.5
LPVR: 50.00%
LPCR: 5.50%

Akhil
Ad Accounts: Blessed India Photographers
Ad Spend: ₹24,535.54
Leads: 22
CPL: ₹1,115.25
CPM: ₹171
CTR: 0.62%
CPC: ₹27
LPVR: 49.00%
LPCR: 5.00%",ceee70b567b21cfbc2c3b165b75650c0439154c2a5675bd7a48318c1bcf77d36,89eddcfc-f32c-4f2b-b348-c30d77ce0c4b,2026-06-30 07:16:40.8697+00,2026-06-30 07:16:40.8697+00,f,saved,,
836fb3b6-c7db-4108-b44a-9e20e7fab5e0,Daily Lead Report - 30 June 2026,2026-06-30,,d1097b94-2633-4a31-a61e-dc4736a33133,67799.79999999999,76,892.1026315789472,"Daily Lead Report - 30 June 2026

Overall:
Ad Spend: ₹67,799.8
Leads: 76
Overall CPL: ₹892.1

Media Buyer Breakdown:

Hemanth
Ad Accounts: 2026 V1, IPC Account 3
Ad Spend: ₹43,919.3
Leads: 51
CPL: ₹861.16
CPM: ₹89.5
CTR: 0.23%
CPC: ₹40.5
LPVR: 57.50%
LPCR: 5.50%

Akhil
Ad Accounts: Blessed India Photographers
Ad Spend: ₹23,880.5
Leads: 25
CPL: ₹955.22
CPM: ₹156
CTR: 0.63%
CPC: ₹24
LPVR: 43.00%
LPCR: 5.00%",d5e9a292d713fdc0803cac4997099f6f1d3ba3f2bef7bdd2f05edba8fe65a988,89eddcfc-f32c-4f2b-b348-c30d77ce0c4b,2026-07-01 10:48:54.854283+00,2026-07-01 10:48:54.854283+00,f,saved,,
ad73d85a-cd5e-402e-9986-9aad5ed953e4,Daily Lead Report - 1 July 2026,2026-07-01,,d1097b94-2633-4a31-a61e-dc4736a33133,75038.99,74,1014.0404054054055,"Daily Lead Report - 1 July 2026

Overall:
Ad Spend: ₹75,038.99
Leads: 74
Overall CPL: ₹1,014.04

Media Buyer Breakdown:

Hemanth
Ad Accounts: 2026 V1, IPC Account 3
Ad Spend: ₹48,979.51
Leads: 44
CPL: ₹1,113.17
CPM: ₹82
CTR: 0.24%
CPC: ₹35
LPVR: 48.50%
LPCR: 3.00%

Akhil
Ad Accounts: Blessed India Photographers
Ad Spend: ₹26,059.48
Leads: 30
CPL: ₹868.65
CPM: ₹157
CTR: 0.69%
CPC: ₹22
LPVR: 46.00%
LPCR: 5.00%",56bd04ced5b29f50ddb2f8f6cea857096f498190f84034e26c453282d8a0b1af,89eddcfc-f32c-4f2b-b348-c30d77ce0c4b,2026-07-02 06:51:59.611703+00,2026-07-02 06:51:59.611703+00,f,saved,,
5a9ea259-4240-4188-9e6c-09af1e2958f3,Daily Lead Report - 2 July 2026,2026-07-02,,d1097b94-2633-4a31-a61e-dc4736a33133,73481.67,70,1049.7381428571427,"Daily Lead Report - 2 July 2026

Overall:
Ad Spend: ₹73,481.67
Leads: 70
Overall CPL: ₹1,049.74

Media Buyer Breakdown:

Hemanth
Ad Accounts: 2026 V1, IPC Account 3
Ad Spend: ₹47,919.67
Leads: 42
CPL: ₹1,140.94
CPM: ₹78
CTR: 0.26%
CPC: ₹34.5
LPVR: 56.00%
LPCR: 5.50%

Akhil
Ad Accounts: Blessed India Photographers
Ad Spend: ₹25,562
Leads: 28
CPL: ₹912.93
CPM: ₹166
CTR: 0.76%
CPC: ₹21
LPVR: 44.00%
LPCR: 5.00%",83fd611fd1dd7232c68fd6a9301455a28d997c04216d00a147bf9cc22ac7f215,89eddcfc-f32c-4f2b-b348-c30d77ce0c4b,2026-07-03 06:41:16.191503+00,2026-07-03 06:41:16.191503+00,f,saved,,
b1bf5b3c-b968-42fe-ab06-6b708a850563,Daily Lead Report - 4 July 2026,2026-07-04,,d1097b94-2633-4a31-a61e-dc4736a33133,51515.979999999996,38,1355.6836842105263,"Daily Lead Report - 4 July 2026

Overall:
Ad Spend: ₹51,515.98
Leads: 38
Overall CPL: ₹1,355.68

Media Buyer Breakdown:

Hemanth
Ad Accounts: 2026 V1, IPC Account 3
Ad Spend: ₹34,620.28
Leads: 23
CPL: ₹1,505.23
CPM: ₹95
CTR: 0.26%
CPC: ₹37.5
LPVR: 51.00%
LPCR: 3.00%

Akhil
Ad Accounts: Blessed India Photographers
Ad Spend: ₹16,895.7
Leads: 15
CPL: ₹1,126.38
CPM: ₹173
CTR: 0.60%
CPC: ₹22
LPVR: 40.00%
LPCR: 5.00%",b2cd2c6f37106fc53339475c87f65b6b3cbdba6e20923b402ef4d35f0fabbb92,89eddcfc-f32c-4f2b-b348-c30d77ce0c4b,2026-07-06 06:53:58.290457+00,2026-07-06 06:53:58.290457+00,f,saved,,
949f0385-1c68-472f-8e3e-cbd26af1f1a0,Daily Lead Report - 5 July 2026,2026-07-05,,d1097b94-2633-4a31-a61e-dc4736a33133,33695.41,35,962.7260000000001,"Daily Lead Report - 5 July 2026

Overall:
Ad Spend: ₹33,695.41
Leads: 35
Overall CPL: ₹962.73

Media Buyer Breakdown:

Hemanth
Ad Accounts: 2026 V1, IPC Account 3
Ad Spend: ₹5,490.26
Leads: 5
CPL: ₹1,098.05
CPM: ₹127
CTR: 0.39%
CPC: ₹32
LPVR: 56.00%
LPCR: 2.00%

Akhil
Ad Accounts: Blessed India Photographers
Ad Spend: ₹28,205.15
Leads: 30
CPL: ₹940.17
CPM: ₹160
CTR: 0.73%
CPC: ₹22
LPVR: 54.00%
LPCR: 5.00%",a8c6b24f2e69d64673c774b305f4d8a1c3c036624233053bdedfd79d938fd7b3,89eddcfc-f32c-4f2b-b348-c30d77ce0c4b,2026-07-06 08:11:21.122417+00,2026-07-06 08:11:21.122417+00,f,saved,,
204936ea-4196-4d35-b9cb-d411694fc864,Daily Lead Report - 3 July 2026,2026-07-03,,d1097b94-2633-4a31-a61e-dc4736a33133,74149.39,61,1215.5637704918033,"Daily Lead Report - 3 July 2026

Overall:
Ad Spend: ₹74,149.39
Leads: 61
Overall CPL: ₹1,215.56

Media Buyer Breakdown:

Hemanth
Ad Accounts: 2026 V1, IPC Account 3
Ad Spend: ₹50,300.12
Leads: 45
CPL: ₹1,117.78
CPM: ₹84
CTR: 0.28%
CPC: ₹33.5
LPVR: 50.50%
LPCR: 4.00%

Akhil
Ad Accounts: Blessed India Photographers
Ad Spend: ₹23,849.27
Leads: 16
CPL: ₹1,490.58
CPM: ₹141
CTR: 0.73%
CPC: ₹19
LPVR: 47.00%
LPCR: 3.00%",4a38df3a4a27cfc8b30ee0663365b52a9701ee798f8c2f3a1e4e791482b4ee0b,89eddcfc-f32c-4f2b-b348-c30d77ce0c4b,2026-07-06 08:16:19.326156+00,2026-07-06 08:16:19.326156+00,f,saved,,
5827ae9d-c962-4bf1-b352-b5a1386869a1,Daily Lead Report - 6 July 2026,2026-07-06,,d1097b94-2633-4a31-a61e-dc4736a33133,32538.14,21,1549.435238095238,"Daily Lead Report - 6 July 2026

Overall:
Ad Spend: ₹32,538.14
Leads: 21
Overall CPL: ₹1,549.44

Media Buyer Breakdown:

Hemanth
Ad Accounts: IPC Account 3
Ad Spend: ₹5,279.77
Leads: 3
CPL: ₹1,759.92
CPM: ₹114
CTR: 0.35%
CPC: ₹32
LPVR: 60.00%
LPCR: 2.00%

Akhil
Ad Accounts: Blessed India Photographers
Ad Spend: ₹27,258.37
Leads: 18
CPL: ₹1,514.35
CPM: ₹154
CTR: 0.68%
CPC: ₹22
LPVR: 38.00%
LPCR: 3.00%",27630125c67d61ce9945bfa4371fee36252b126087bce223562928e334987ad9,89eddcfc-f32c-4f2b-b348-c30d77ce0c4b,2026-07-07 07:06:31.104992+00,2026-07-07 07:06:31.104992+00,f,saved,,
a8b722f0-70b9-4ccc-b960-91e5a0e9e272,Daily Lead Report - 7 July 2026,2026-07-07,,d1097b94-2633-4a31-a61e-dc4736a33133,53791.44,39,1379.2676923076924,"Daily Lead Report - 7 July 2026

Overall:
Ad Spend: ₹53,791.44
Leads: 39
Overall CPL: ₹1,379.27

Media Buyer Breakdown:

Hemanth
Ad Accounts: 2026 V1, IPC Account 3
Ad Spend: ₹27,219.61
Leads: 17
CPL: ₹1,601.15
CPM: ₹75
CTR: 4.17%
CPC: ₹39.5
LPVR: 47.50%
LPCR: 3.00%

Akhil
Ad Accounts: Blessed India Photographers
Ad Spend: ₹26,571.83
Leads: 22
CPL: ₹1,207.81
CPM: ₹163
CTR: 0.70%
CPC: ₹23
LPVR: 58.00%
LPCR: 4.00%",e683d49486325af62a1d64e7db180b39f92d53bdc26765224d7a46ca3d818093,89eddcfc-f32c-4f2b-b348-c30d77ce0c4b,2026-07-08 07:07:48.385208+00,2026-07-08 07:07:48.385208+00,f,saved,,
49baab65-edb2-4352-a0d2-3d15ba57a711,Daily Lead Report - 8 July 2026,2026-07-08,,d1097b94-2633-4a31-a61e-dc4736a33133,36155.58,35,1033.0165714285715,"Daily Lead Report - 8 July 2026

Overall:
Ad Spend: ₹36,155.58
Leads: 35
Overall CPL: ₹1,033.02

Media Buyer Breakdown:

Hemanth
Ad Accounts: IPC Account 3
Ad Spend: ₹5,380.06
Leads: 8
CPL: ₹672.51
CPM: ₹119
CTR: 0.39%
CPC: ₹30
LPVR: 60.00%
LPCR: 3.00%

Akhil
Ad Accounts: Blessed India Photographers
Ad Spend: ₹30,775.52
Leads: 27
CPL: ₹1,139.83
CPM: ₹172
CTR: 0.65%
CPC: ₹26
LPVR: 64.00%
LPCR: 5.00%",906280c5df187ee814a7edeae317c17df8ba2e057b6fbc7c3c0e310d42ecfb52,8dca6892-3cf8-4a59-95a9-7484b6672cac,2026-07-13 06:50:04.370711+00,2026-07-13 06:50:04.370711+00,f,saved,,
bf0d32c1-d10a-4be9-b71d-7f20bb674c0f,Daily Lead Report - 9 July 2026,2026-07-09,,d1097b94-2633-4a31-a61e-dc4736a33133,82890.03,59,1404.9157627118643,"Daily Lead Report - 9 July 2026

Overall:
Ad Spend: ₹82,890.03
Leads: 59
Overall CPL: ₹1,404.92

Media Buyer Breakdown:

Hemanth
Ad Accounts: 2026 V1, IPC Account 3
Ad Spend: ₹57,853.33
Leads: 42
CPL: ₹1,377.46
CPM: ₹77.5
CTR: 0.61%
CPC: ₹36.5
LPVR: 53.50%
LPCR: 5.00%

Akhil
Ad Accounts: Blessed India Photographers
Ad Spend: ₹25,036.7
Leads: 17
CPL: ₹1,472.75
CPM: ₹164
CTR: 0.75%
CPC: ₹21
LPVR: 53.00%
LPCR: 3.00%",32db38ebfe13ad8c8460305a13649f5bb09fa68197d3e606d8aede9b0f2f6f7f,8dca6892-3cf8-4a59-95a9-7484b6672cac,2026-07-13 07:57:47.966395+00,2026-07-13 07:57:47.966395+00,f,saved,,
2d4854e4-7543-4d14-8ea0-47c04a1df673,Daily Lead Report - 10 July 2026,2026-07-10,,d1097b94-2633-4a31-a61e-dc4736a33133,91877.58,75,1225.0344,"Daily Lead Report - 10 July 2026

Overall:
Ad Spend: ₹91,877.58
Leads: 75
Overall CPL: ₹1,225.03

Media Buyer Breakdown:

Hemanth
Ad Accounts: 2026 V1, IPC Account 3
Ad Spend: ₹65,887.47
Leads: 59
CPL: ₹1,116.74
CPM: ₹78
CTR: 0.50%
CPC: ₹40.5
LPVR: 56.50%
LPCR: 4.00%

Akhil
Ad Accounts: Blessed India Photographers
Ad Spend: ₹25,990.11
Leads: 16
CPL: ₹1,624.38
CPM: ₹169
CTR: 79.00%
CPC: ₹21
LPVR: 54.00%
LPCR: 3.00%",bdbfe4358d4577d67ab972393b9fabf02d7999cae5e57217cbf2e3d97ede8349,8dca6892-3cf8-4a59-95a9-7484b6672cac,2026-07-13 08:10:42.995536+00,2026-07-13 08:10:42.995536+00,f,saved,,
cb81204c-1301-4376-b466-c23404ac9d0c,Daily Lead Report - 11 July 2026,2026-07-11,,d1097b94-2633-4a31-a61e-dc4736a33133,86319,50,1726.38,"Daily Lead Report - 11 July 2026

Overall:
Ad Spend: ₹86,319
Leads: 50
Overall CPL: ₹1,726.38

Media Buyer Breakdown:

Hemanth
Ad Accounts: 2026 V1, IPC Account 3
Ad Spend: ₹62,497.97
Leads: 40
CPL: ₹1,562.45
CPM: ₹77.5
CTR: 0.86%
CPC: ₹28
LPVR: 43.50%
LPCR: 4.00%

Akhil
Ad Accounts: Blessed India Photographers
Ad Spend: ₹23,821.03
Leads: 10
CPL: ₹2,382.1
CPM: ₹170
CTR: 0.73%
CPC: ₹23
LPVR: 61.00%
LPCR: 2.00%",53b7d2893773e562ac97a4e6830e23553fc4afedd55c4f21bfef6ed85584eeee,8dca6892-3cf8-4a59-95a9-7484b6672cac,2026-07-13 08:19:54.275478+00,2026-07-13 08:19:54.275478+00,f,saved,,
6d98c984-b52a-454e-9ce1-b9bcc5d1287a,Daily Lead Report - 12 July 2026,2026-07-12,,d1097b94-2633-4a31-a61e-dc4736a33133,74428.48000000001,52,1431.3169230769233,"Daily Lead Report - 12 July 2026

Overall:
Ad Spend: ₹74,428.48
Leads: 52
Overall CPL: ₹1,431.32

Media Buyer Breakdown:

Hemanth
Ad Accounts: 2026 V1, IPC Account 3
Ad Spend: ₹46,962.2
Leads: 36
CPL: ₹1,304.51
CPM: ₹75
CTR: 0.56%
CPC: ₹12.5
LPVR: 45.00%
LPCR: 4.00%

Akhil
Ad Accounts: Blessed India Photographers
Ad Spend: ₹27,466.28
Leads: 16
CPL: ₹1,716.64
CPM: ₹147
CTR: 0.88%
CPC: ₹16
LPVR: 31.00%
LPCR: 3.00%",45138ef335462c05520379c5019c070febba35a2b57e2f484d1793387652df8a,8dca6892-3cf8-4a59-95a9-7484b6672cac,2026-07-13 09:07:09.246183+00,2026-07-13 09:07:09.246183+00,f,saved,,
c517d2d4-bd00-4b08-80a4-4c920061a148,Daily Lead Report - 13 July 2026,2026-07-13,,d1097b94-2633-4a31-a61e-dc4736a33133,76329.02,67,1139.239104477612,"Daily Lead Report - 13 July 2026

Overall:
Ad Spend: ₹76,329.02
Leads: 67
Overall CPL: ₹1,139.24

Media Buyer Breakdown:

Hemanth
Ad Accounts: 2026 V1, IPC Account 3
Ad Spend: ₹51,748.19
Leads: 53
CPL: ₹976.38
CPM: ₹83
CTR: 0.49%
CPC: ₹25.5
LPVR: 43.50%
LPCR: 6.50%

Akhil
Ad Accounts: Blessed India Photographers
Ad Spend: ₹24,580.83
Leads: 14
CPL: ₹1,755.77
CPM: ₹155
CTR: 0.84%
CPC: ₹18
LPVR: 31.00%
LPCR: 3.00%",41e9989e34aea482e34da9a87d3c814a3b48dee97b4639a09cc7d9a0aaa8047f,8dca6892-3cf8-4a59-95a9-7484b6672cac,2026-07-14 11:18:36.126514+00,2026-07-14 11:18:36.126514+00,f,saved,,
92ceb6a4-a31b-43db-a7dd-617f42959e47,Daily Lead Report - 14 July 2026,2026-07-14,,d1097b94-2633-4a31-a61e-dc4736a33133,62554.009999999995,59,1060.2374576271186,"Daily Lead Report - 14 July 2026

Overall:
Ad Spend: ₹62,554.01
Leads: 59
Overall CPL: ₹1,060.24

Media Buyer Breakdown:

Hemanth
Ad Accounts: IPC Account 3, 2026 V1, IPC Account 2
Ad Spend: ₹46,847.34
Leads: 53
CPL: ₹883.91
CPM: ₹58
CTR: 0.59%
CPC: ₹19.33
LPVR: 29.00%
LPCR: 3.33%

Akhil
Ad Accounts: Blessed India Photographers
Ad Spend: ₹15,706.67
Leads: 6
CPL: ₹2,617.78
CPM: ₹180
CTR: 0.67%
CPC: ₹26
LPVR: 67.00%
LPCR: 2.00%",f1dfff418f72bd26555e1184d2a65f52c983d0fa78d1f11b623e3b3cbacc4fb1,8dca6892-3cf8-4a59-95a9-7484b6672cac,2026-07-15 07:30:35.094791+00,2026-07-15 07:30:35.094791+00,f,saved,,
b50a1cea-a014-4b0a-97b8-9f5dc831b5cb,Daily Lead Report - 15 July 2026,2026-07-15,,d1097b94-2633-4a31-a61e-dc4736a33133,65287.34,57,1145.3919298245614,"Daily Lead Report - 15 July 2026

Overall:
Ad Spend: ₹65,287.34
Leads: 57
Overall CPL: ₹1,145.39

Media Buyer Breakdown:

Hemanth
Ad Accounts: 2026 V1, IPC Account 2, IPC Account 3
Ad Spend: ₹47,979.75
Leads: 45
CPL: ₹1,066.22
CPM: ₹53.67
CTR: 0.26%
CPC: ₹18.33
LPVR: 28.00%
LPCR: 2.00%

Akhil
Ad Accounts: Blessed India Photographers
Ad Spend: ₹17,307.59
Leads: 12
CPL: ₹1,442.3
CPM: ₹133
CTR: 0.66%
CPC: ₹20
LPVR: 32.00%
LPCR: 4.00%",5d15e1689915e414a4473825acfd96156f680587e2c0c126db736a8a562f8291,8dca6892-3cf8-4a59-95a9-7484b6672cac,2026-07-16 08:58:59.671975+00,2026-07-16 08:58:59.671975+00,f,saved,,
22a47746-2e66-4301-95d1-99cbbe8a8765,Daily Lead Report - 16 July 2026,2026-07-16,,d1097b94-2633-4a31-a61e-dc4736a33133,64738.03,57,1135.7549122807018,"Daily Lead Report - 16 July 2026

Overall:
Ad Spend: ₹64,738.03
Leads: 57
Overall CPL: ₹1,135.75

Media Buyer Breakdown:

Hemanth
Ad Accounts: India Photographers Club, IPC Account 2, IPC Account 3
Ad Spend: ₹48,664.93
Leads: 50
CPL: ₹973.3
CPM: ₹51.33
CTR: 0.34%
CPC: ₹17
LPVR: 26.33%
LPCR: 4.00%

Akhil
Ad Accounts: Blessed India Photographers
Ad Spend: ₹16,073.1
Leads: 7
CPL: ₹2,296.16
CPM: ₹122
CTR: 0.68%
CPC: ₹18
LPVR: 27.00%
LPCR: 2.00%",a983c8cb7ca4c0221f7353aee1b44eceb15c667e6600887e4f2131b329a852c7,8dca6892-3cf8-4a59-95a9-7484b6672cac,2026-07-17 06:59:57.868355+00,2026-07-17 06:59:57.868355+00,f,saved,,
358a5c11-79e8-412c-bd2e-1fe57a6bfbd5,Daily Lead Report - 18 July 2026,2026-07-18,,d1097b94-2633-4a31-a61e-dc4736a33133,45901.42,14,3278.672857142857,"Daily Lead Report - 18 July 2026

Overall:
Ad Spend: ₹45,901.42
Leads: 14
Overall CPL: ₹3,278.67

Media Buyer Breakdown:

Hemanth
Ad Accounts: 2026 V1, IPC Account 2, IPC Account 3
Ad Spend: ₹38,747.42
Leads: 12
CPL: ₹3,228.95
CPM: ₹58.67
CTR: 2.59%
CPC: ₹17.67
LPVR: 29.33%
LPCR: 0.89%

Akhil
Ad Accounts: Blessed India Photographers
Ad Spend: ₹7,154
Leads: 2
CPL: ₹3,577
CPM: ₹115
CTR: 0.74%
CPC: ₹15
LPVR: 55.00%
LPCR: 1.00%",15e082baf904c0f2a8b28721377d04cd08bbae7702545bdeb125fb4fa352a5cd,8dca6892-3cf8-4a59-95a9-7484b6672cac,2026-07-18 14:01:28.846855+00,2026-07-18 14:01:28.846855+00,f,saved,,
2ec212c4-3613-4475-82e8-bf62185da471,Daily Lead Report - 18 July 2026,2026-07-18,,d1097b94-2633-4a31-a61e-dc4736a33133,37649.81,30,1254.9936666666665,"Daily Lead Report - 18 July 2026

Overall:
Ad Spend: ₹37,649.81
Leads: 30
Overall CPL: ₹1,254.99

Media Buyer Breakdown:

Hemanth
Ad Accounts: IPC Account 3, IPC Account 2, 2026 V1
Ad Spend: ₹27,208.68
Leads: 26
CPL: ₹1,046.49
CPM: ₹57.67
CTR: 0.74%
CPC: ₹17.33
LPVR: 32.33%
LPCR: 1.00%

Akhil
Ad Accounts: Blessed India Photographers
Ad Spend: ₹10,441.13
Leads: 4
CPL: ₹2,610.28
CPM: ₹163
CTR: 35.00%
CPC: ₹45
LPVR: 42.00%
LPCR: 3.00%",3d5782e71e5b99fffc2374d7bcef1211fc72a0c69ab76f6c0e5f96efde2a7925,8dca6892-3cf8-4a59-95a9-7484b6672cac,2026-07-20 06:48:31.676427+00,2026-07-20 06:48:31.676427+00,f,saved,,
cab880c0-10cd-4da5-8ed7-42a1e45c29b3,Daily Lead Report - 19 July 2026,2026-07-19,,d1097b94-2633-4a31-a61e-dc4736a33133,17349.27,18,963.8483333333334,"Daily Lead Report - 19 July 2026

Overall:
Ad Spend: ₹17,349.27
Leads: 18
Overall CPL: ₹963.85

Media Buyer Breakdown:

Hemanth
Ad Accounts: 2026 V1, IPC Account 2, IPC Account 3
Ad Spend: ₹17,349.27
Leads: 18
CPL: ₹963.85
CPM: ₹56.33
CTR: 0.59%
CPC: ₹20.33
LPVR: 31.00%
LPCR: 0.33%",0dba9a5aa8205b124b45b6612fa60380367c71238dad09def41548b209daf4fe,8dca6892-3cf8-4a59-95a9-7484b6672cac,2026-07-21 07:23:33.182743+00,2026-07-21 07:23:33.182743+00,f,saved,,
37d15b4c-1819-4abd-8c08-5b5abfe33bb4,Daily Lead Report - 20 July 2026,2026-07-20,,d1097b94-2633-4a31-a61e-dc4736a33133,20351.39,26,782.7457692307692,"Daily Lead Report - 20 July 2026

Overall:
Ad Spend: ₹20,351.39
Leads: 26
Overall CPL: ₹782.75

Media Buyer Breakdown:

Hemanth
Ad Accounts: 2026 V1, IPC Account 2, IPC Account 3
Ad Spend: ₹20,351.39
Leads: 26
CPL: ₹782.75
CPM: ₹56.33
CTR: 4.38%
CPC: ₹22
LPVR: 35.67%
LPCR: 2.67%",40f11bfcafe3c7d5fd31102872aa8c623a87f87a46c41dc81fc2268720369599,8dca6892-3cf8-4a59-95a9-7484b6672cac,2026-07-21 07:37:52.578862+00,2026-07-21 07:37:52.578862+00,f,saved,,
4ebfd1e2-e13f-4357-84bd-e149addca338,Daily Lead Report - 21 July 2026,2026-07-21,,d1097b94-2633-4a31-a61e-dc4736a33133,35797.81,31,1154.768064516129,"Daily Lead Report - 21 July 2026

Overall:
Ad Spend: ₹35,797.81
Leads: 31
Overall CPL: ₹1,154.77

Media Buyer Breakdown:

Hemanth
Ad Accounts: 2026 V1, IPC Account 3, IPC Account 2
Ad Spend: ₹35,797.81
Leads: 31
CPL: ₹1,154.77
CPM: ₹58
CTR: 0.64%
CPC: ₹21.33
LPVR: 32.67%
LPCR: 3.67%",3217e4777aa85bd80df05cc6edc95f3ab01957d6c75731cb556bed85ddaa3b40,89eddcfc-f32c-4f2b-b348-c30d77ce0c4b,2026-07-22 08:11:50.864047+00,2026-07-22 08:11:50.864047+00,f,saved,,
7a73ea23-a887-413e-9771-9c4dcd6ee42a,Daily Lead Report - 22 July 2026,2026-07-22,,d1097b94-2633-4a31-a61e-dc4736a33133,47911.23,41,1168.5665853658538,"Daily Lead Report - 22 July 2026

Overall:
Ad Spend: ₹47,911.23
Leads: 41
Overall CPL: ₹1,168.57

Media Buyer Breakdown:

Hemanth
Ad Accounts: IPC Account 2, IPC Account 3, 2026 V1
Ad Spend: ₹38,175.23
Leads: 35
CPL: ₹1,090.72
CPM: ₹54.33
CTR: 0.59%
CPC: ₹20
LPVR: 33.00%
LPCR: 2.33%

Akhil
Ad Accounts: Abdullah Ansari
Ad Spend: ₹9,736
Leads: 6
CPL: ₹1,622.67
CPM: ₹126
CTR: 0.59%
CPC: ₹21
LPVR: 41.00%
LPCR: 2.00%",8aed188e5e1f24c303c615a0ccb9309a6a3be643aa4a92d3cb130bfd6308d8f5,89eddcfc-f32c-4f2b-b348-c30d77ce0c4b,2026-07-23 07:57:43.48311+00,2026-07-23 07:57:43.48311+00,f,saved,,
364c30e2-a40a-4e20-82ce-68362500b11b,Daily Lead Report - 23 July 2026,2026-07-23,,d1097b94-2633-4a31-a61e-dc4736a33133,47358.39,33,1435.1027272727272,"Daily Lead Report - 23 July 2026

Overall:
Ad Spend: ₹47,358.39
Leads: 33
Overall CPL: ₹1,435.1

Media Buyer Breakdown:

Hemanth
Ad Accounts: 2026 V1, IPC Account 2, IPC Account 3
Ad Spend: ₹37,834.8
Leads: 24
CPL: ₹1,576.45
CPM: ₹48
CTR: 0.73%
CPC: ₹21
LPVR: 23.67%
LPCR: 2.33%

Akhil
Ad Accounts: Abdullah Ansari
Ad Spend: ₹9,523.59
Leads: 9
CPL: ₹1,058.18
CPM: ₹128
CTR: 0.61%
CPC: ₹21
LPVR: 49.00%
LPCR: 4.00%",77a70207b94ef2000bff75f15e11d957c3195ff4d423c743638b55016b4f9cdc,89eddcfc-f32c-4f2b-b348-c30d77ce0c4b,2026-07-24 06:59:59.999946+00,2026-07-24 06:59:59.999946+00,f,saved,,
e49e7e81-b0a1-4391-8669-75f98d45e8ab,Daily Lead Report - 24 July 2026,2026-07-24,,d1097b94-2633-4a31-a61e-dc4736a33133,48539.969999999994,57,851.5784210526315,"Daily Lead Report - 24 July 2026

Overall:
Ad Spend: ₹48,539.97
Leads: 57
Overall CPL: ₹851.58

Media Buyer Breakdown:

Hemanth
Ad Accounts: 2026 V1, IPC Account 2, IPC Account 3
Ad Spend: ₹39,863.62
Leads: 48
CPL: ₹830.49
CPM: ₹55.67
CTR: 0.73%
CPC: ₹21.67
LPVR: 29.67%
LPCR: 2.33%

Akhil
Ad Accounts: Abdullah Ansari
Ad Spend: ₹8,676.35
Leads: 9
CPL: ₹964.04
CPM: ₹145
CTR: 0.66%
CPC: ₹22
LPVR: 46.00%
LPCR: 4.00%",c0a6052aae3956dc80e7c75ea7b250e0fb793f29fdc6b8525788608b5d8c02f8,89eddcfc-f32c-4f2b-b348-c30d77ce0c4b,2026-07-25 10:03:38.901613+00,2026-07-25 10:03:38.901613+00,f,saved,,
32b23d85-4331-4821-a395-8f202811ed1e,Daily Lead Report - 25 July 2026,2026-07-25,,d1097b94-2633-4a31-a61e-dc4736a33133,54926.22,45,1220.5826666666667,"Daily Lead Report - 25 July 2026

Overall:
Ad Spend: ₹54,926.22
Leads: 45
Overall CPL: ₹1,220.58

Media Buyer Breakdown:

Hemanth
Ad Accounts: 2026 V1, IPC Account 2, IPC Account 3
Ad Spend: ₹47,244.81
Leads: 39
CPL: ₹1,211.41
CPM: ₹54.33
CTR: 0.25%
CPC: ₹22.67
LPVR: 17.67%
LPCR: 19.00%

Akhil
Ad Accounts: Abdullah Ansari
Ad Spend: ₹7,681.41
Leads: 6
CPL: ₹1,280.24
CPM: ₹127
CTR: 0.60%
CPC: ₹21
LPVR: 46.00%
LPCR: 3.00%",f2126431193e0c4ed5ee8004905e61612941883b5de0c9619329358f8cc25a49,89eddcfc-f32c-4f2b-b348-c30d77ce0c4b,2026-07-27 12:07:57.143498+00,2026-07-27 12:07:57.143498+00,f,saved,,
db4a5e3e-a144-4322-8aa7-1c4a5398b37c,Daily Lead Report - 26 July 2026,2026-07-26,,d1097b94-2633-4a31-a61e-dc4736a33133,55432.5,49,1131.2755102040817,"Daily Lead Report - 26 July 2026

Overall:
Ad Spend: ₹55,432.5
Leads: 49
Overall CPL: ₹1,131.28

Media Buyer Breakdown:

Hemanth
Ad Accounts: 2026 V1, IPC Account 3, IPC Account 2
Ad Spend: ₹45,257.14
Leads: 39
CPL: ₹1,160.44
CPM: ₹65.33
CTR: 0.66%
CPC: ₹20
LPVR: 31.33%
LPCR: 2.61%

(unnamed)
Ad Accounts: Abdullah Ansari
Ad Spend: ₹10,175.36
Leads: 10
CPL: ₹1,017.54
CPM: ₹149
CTR: 0.77%
CPC: ₹19
LPVR: 59.00%
LPCR: 3.00%",d186b4d7ddbc501486bc6fa29c78b39527f1fd222592bf9a2c513d009c3adce0,89eddcfc-f32c-4f2b-b348-c30d77ce0c4b,2026-07-27 12:14:40.540703+00,2026-07-27 12:14:40.540703+00,f,saved,,
9bc83877-bb57-4deb-ba56-1e5aeeb24489,Daily Lead Report - 27 July 2026,2026-07-27,,d1097b94-2633-4a31-a61e-dc4736a33133,46940.630000000005,43,1091.642558139535,"Daily Lead Report - 27 July 2026

Overall:
Ad Spend: ₹46,940.63
Leads: 43
Overall CPL: ₹1,091.64

Media Buyer Breakdown:

Hemanth
Ad Accounts: 2026 V1, IPC Account 2, IPC Account 3
Ad Spend: ₹38,231.77
Leads: 35
CPL: ₹1,092.34
CPM: ₹69
CTR: 0.92%
CPC: ₹20.67
LPVR: 27.67%
LPCR: 3.00%

Akhil
Ad Accounts: Abdullah Ansari
Ad Spend: ₹8,708.86
Leads: 8
CPL: ₹1,088.61
CPM: ₹162
CTR: 0.72%
CPC: ₹22
LPVR: 79.00%
LPCR: 2.00%",71c192d8e2b659b30a93854e82b00cc39c5479052363aa015aa8ccad43260f3e,89eddcfc-f32c-4f2b-b348-c30d77ce0c4b,2026-07-28 08:04:59.631618+00,2026-07-28 08:04:59.631618+00,f,saved,,
c032a5f3-842e-4592-abca-2060dcb07ea7,Daily Lead Report - 28 July 2026,2026-07-28,,d1097b94-2633-4a31-a61e-dc4736a33133,135534.83,56,2420.2648214285714,"Daily Lead Report - 28 July 2026

Overall:
Ad Spend: ₹1,35,534.83
Leads: 56
Overall CPL: ₹2,420.26

Media Buyer Breakdown:

Hemanth
Ad Accounts: 2026 V1, IPC Account 2, IPC Account 3
Ad Spend: ₹1,35,534.83
Leads: 56
CPL: ₹2,420.26
CPM: ₹100.67
CTR: 0.66%
CPC: ₹16.67
LPVR: 31.33%
LPCR: 2.00%",81dd016fe563f54719869d49e642eb4436b30892991951c8bc83f4f5aa8b4e3c,89eddcfc-f32c-4f2b-b348-c30d77ce0c4b,2026-07-29 07:32:11.689499+00,2026-07-29 07:32:11.689499+00,f,saved,,
6c64aedc-cb84-4bdd-85c7-f69cc3d27d15,Daily Lead Report - 29 July 2026,2026-07-29,,d1097b94-2633-4a31-a61e-dc4736a33133,59744.46000000001,32,1867.0143750000002,"Daily Lead Report - 29 July 2026

Overall:
Ad Spend: ₹59,744.46
Leads: 32
Overall CPL: ₹1,867.01

Media Buyer Breakdown:

Hemanth
Ad Accounts: 2026 V1, IPC Account 2, IPC Account 3
Ad Spend: ₹59,744.46
Leads: 32
CPL: ₹1,867.01
CPM: ₹115.67
CTR: 0.96%
CPC: ₹26
LPVR: 31.67%
LPCR: 1.89%",081bd2fbfde12d24d034269ab6e24aadf6d725e601027c0f2e94fdad86d1a3f0,89eddcfc-f32c-4f2b-b348-c30d77ce0c4b,2026-07-30 07:43:22.471487+00,2026-07-30 07:43:22.471487+00,f,saved,,
f97091ac-db37-4751-a257-7e28b8f85a4e,Daily Lead Report - 30 July 2026,2026-07-30,,d1097b94-2633-4a31-a61e-dc4736a33133,45004.94,35,1285.8554285714285,"Daily Lead Report - 30 July 2026

Overall:
Ad Spend: ₹45,004.94
Leads: 35
Overall CPL: ₹1,285.86

Media Buyer Breakdown:

Hemanth
Ad Accounts: 2026 V1, IPC Account 2, IPC Account 3
Ad Spend: ₹45,004.94
Leads: 35
CPL: ₹1,285.86
CPM: ₹126.33
CTR: 0.45%
CPC: ₹26
LPVR: 20.33%
LPCR: 19.33%",32663215acc0fe4d8accd30ecb6a5969d3ce894085dfc1d74ce01706b8070c8c,89eddcfc-f32c-4f2b-b348-c30d77ce0c4b,2026-07-31 12:11:11.003736+00,2026-07-31 12:11:11.003736+00,f,saved,,
750e21d9-cc97-4446-95a4-44f3a65158c1,Daily Lead Report - 31 July 2026,2026-07-31,,d1097b94-2633-4a31-a61e-dc4736a33133,68254.25,63,1083.4007936507937,"Daily Lead Report - 31 July 2026

Overall:
Ad Spend: ₹68,254.25
Leads: 63
Overall CPL: ₹1,083.4

Media Buyer Breakdown:

Hemanth
Ad Accounts: 2026 V1, IPC Account 2, IPC Account 3
Ad Spend: ₹68,254.25
Leads: 63
CPL: ₹1,083.4
CPM: ₹113
CTR: 0.76%
CPC: ₹25
LPVR: 35.33%
LPCR: 2.67%",6e51cf0ee0d751e93903fc8e24aac7862b8521269ae78acf3376a9c3b11b5f58,89eddcfc-f32c-4f2b-b348-c30d77ce0c4b,2026-08-01 06:35:10.35612+00,2026-08-01 06:35:10.35612+00,f,saved,,
b09f7ca6-c54e-4c67-a487-ecb1ef964b8e,Daily Lead Report - 1 August 2026,2026-08-01,,d1097b94-2633-4a31-a61e-dc4736a33133,64754.38,44,1471.6904545454545,"Daily Lead Report - 1 August 2026

Overall:
Ad Spend: ₹64,754.38
Leads: 44
Overall CPL: ₹1,471.69

Media Buyer Breakdown:

Hemanth
Ad Accounts: IPC Account 3, IPC Account 2, 2026 V1
Ad Spend: ₹64,754.38
Leads: 44
CPL: ₹1,471.69
CPM: ₹132
CTR: 0.67%
CPC: ₹25.67
LPVR: 35.67%
LPCR: 2.67%",7d8d16f84b2c22defbd45bf34f5aeaa1758b9a539c500d8863d9eef7d2300952,89eddcfc-f32c-4f2b-b348-c30d77ce0c4b,2026-08-03 06:34:29.67431+00,2026-08-03 06:34:29.67431+00,f,saved,,
fb401529-b329-4b45-8112-1e947f294605,Daily Lead Report - 2 August 2026,2026-08-02,,d1097b94-2633-4a31-a61e-dc4736a33133,59481.65,30,1982.7216666666668,"Daily Lead Report - 2 August 2026

Overall:
Ad Spend: ₹59,481.65
Leads: 30
Overall CPL: ₹1,982.72

Media Buyer Breakdown:

Hemanth
Ad Accounts: 2026 V1, IPC Account 2, IPC Account 3
Ad Spend: ₹59,481.65
Leads: 30
CPL: ₹1,982.72
CPM: ₹123.55
CTR: 0.75%
CPC: ₹24.33
LPVR: 32.67%
LPCR: 1.86%",eb6fbbf55eb3dfb90f323a6df6fd024b606a197d64449643fb0172012ff79ab0,89eddcfc-f32c-4f2b-b348-c30d77ce0c4b,2026-08-03 06:47:22.58651+00,2026-08-03 06:47:22.58651+00,f,saved,,
aebe4dbe-4073-4dec-b176-6d752d160b11,Daily Lead Report - 3 August 2026,2026-08-03,,d1097b94-2633-4a31-a61e-dc4736a33133,64822.850000000006,39,1662.1243589743592,"Daily Lead Report - 3 August 2026

Overall:
Ad Spend: ₹64,822.85
Leads: 39
Overall CPL: ₹1,662.12

Media Buyer Breakdown:

Hemanth
Ad Accounts: IPC Account 3, IPC Account 2, 2026 V1
Ad Spend: ₹64,822.85
Leads: 39
CPL: ₹1,662.12
CPM: ₹117.67
CTR: 0.75%
CPC: ₹23
LPVR: 28.33%
LPCR: 2.67%",073a84200425e94e2955951d6984c901ac21bf1ea2d160e043df42d5d1aaf10a,89eddcfc-f32c-4f2b-b348-c30d77ce0c4b,2026-08-04 08:18:56.43802+00,2026-08-04 08:18:56.43802+00,f,saved,,
dbd341b2-5551-4813-a58d-45d4b65bb53b,Daily Lead Report - 8 August 2026,2026-08-08,,d1097b94-2633-4a31-a61e-dc4736a33133,46702.25,31,1506.524193548387,"Daily Lead Report - 8 August 2026

Overall:
Ad Spend: ₹46,702.25
Leads: 31
Overall CPL: ₹1,506.52

Media Buyer Breakdown:

Hemanth
Ad Accounts: 2026 V1, IPC Account 3
Ad Spend: ₹46,702.25
Leads: 31
CPL: ₹1,506.52
CPM: ₹161
CTR: 1.10%
CPC: ₹28.5
LPVR: 35.50%
LPCR: 4.00%",7ca180380f9e1c3a37367ec2565f1a3105af3dc713eb8729d99949cdc5b71986,8dca6892-3cf8-4a59-95a9-7484b6672cac,2026-08-10 06:22:37.268322+00,2026-08-10 06:22:37.268322+00,f,saved,,
e4484cb3-5563-409e-8506-db74bc72f71a,Daily Lead Report - 9 August 2026,2026-08-09,,d1097b94-2633-4a31-a61e-dc4736a33133,44346.56,28,1583.8057142857142,"Daily Lead Report - 9 August 2026

Overall:
Ad Spend: ₹44,346.56
Leads: 28
Overall CPL: ₹1,583.81

Media Buyer Breakdown:

Hemanth
Ad Accounts: IPC Account 3, 2026 V1
Ad Spend: ₹44,346.56
Leads: 28
CPL: ₹1,583.81
CPM: ₹134
CTR: 0.70%
CPC: ₹28
LPVR: 34.50%
LPCR: 3.50%",fd9048a515979f6be59c19b831729c3bb7c291de2eb311a0bb46daa34f73b712,8dca6892-3cf8-4a59-95a9-7484b6672cac,2026-08-10 06:33:06.18661+00,2026-08-10 06:33:06.18661+00,f,saved,,
