id,section,module_key,module_label,checklist_item,description,priority,status,issue_type,severity,owner_user_id,owner_name,route,evidence_notes,fix_notes,screenshot_url,created_by,created_at,updated_at,reviewed_at,fixed_at,is_deleted
30193292-5fca-4d2d-80a6-9e22797876ce,Navigation & Access,,,Sidebar shows only daily-use core tools.,,medium,not_checked,,,,,/,,,,89eddcfc-f32c-4f2b-b348-c30d77ce0c4b,2026-05-30 13:36:53.717417+00,2026-05-30 13:36:53.717417+00,,,f
9c948df5-04b8-40e6-8f8c-1ffd6673b909,Navigation & Access,,,Revenue Command Center opens correctly.,,medium,not_checked,,,,,/,,,,89eddcfc-f32c-4f2b-b348-c30d77ce0c4b,2026-05-30 13:36:53.717417+00,2026-05-30 13:36:53.717417+00,,,f
d73229b9-735e-4aed-b5ba-32d07703b3a2,Navigation & Access,,,Analytics Center opens correctly.,,medium,not_checked,,,,,/,,,,89eddcfc-f32c-4f2b-b348-c30d77ce0c4b,2026-05-30 13:36:53.717417+00,2026-05-30 13:36:53.717417+00,,,f
ec185500-ac3f-406d-bea9-b8db45263fa8,Navigation & Access,,,Admin Center opens correctly.,,medium,not_checked,,,,,/,,,,89eddcfc-f32c-4f2b-b348-c30d77ce0c4b,2026-05-30 13:36:53.717417+00,2026-05-30 13:36:53.717417+00,,,f
16a7ceff-cd83-488e-943c-f36f5dd6ef13,Navigation & Access,,,Hidden modules are still accessible through hubs.,,medium,not_checked,,,,,/,,,,89eddcfc-f32c-4f2b-b348-c30d77ce0c4b,2026-05-30 13:36:53.717417+00,2026-05-30 13:36:53.717417+00,,,f
9102b120-5d1c-4a9d-a4ba-9d803a7967e6,Navigation & Access,,,Unauthorized users cannot access restricted modules.,,medium,not_checked,,,,,/,,,,89eddcfc-f32c-4f2b-b348-c30d77ce0c4b,2026-05-30 13:36:53.717417+00,2026-05-30 13:36:53.717417+00,,,f
e87aba62-5d7f-4ba6-a156-f55412a3f043,Navigation & Access,,,Access-denied states are clear and clean.,,medium,not_checked,,,,,/,,,,89eddcfc-f32c-4f2b-b348-c30d77ce0c4b,2026-05-30 13:36:53.717417+00,2026-05-30 13:36:53.717417+00,,,f
59bb3ff5-a20d-428a-bd14-5fde0261109f,Navigation & Access,,,Notification bell works without adding sidebar clutter.,,medium,not_checked,,,,,/,,,,89eddcfc-f32c-4f2b-b348-c30d77ce0c4b,2026-05-30 13:36:53.717417+00,2026-05-30 13:36:53.717417+00,,,f
a045f90b-2dd6-4369-954c-de5dc781653f,Navigation & Access,,,Mobile navigation is usable.,,medium,not_checked,,,,,/,,,,89eddcfc-f32c-4f2b-b348-c30d77ce0c4b,2026-05-30 13:36:53.717417+00,2026-05-30 13:36:53.717417+00,,,f
8e338802-b193-404d-854d-6da88c18ff3f,Navigation & Access,,,No duplicate module links exist.,,medium,not_checked,,,,,/,,,,89eddcfc-f32c-4f2b-b348-c30d77ce0c4b,2026-05-30 13:36:53.717417+00,2026-05-30 13:36:53.717417+00,,,f
2e6cdc8e-cb47-4bd8-a5fe-57bb9c145cd9,End-to-End Revenue Flow,paid_pipeline,Paid Pipeline,Lead/report data appears correctly after ROAS or Attribution report is created.,,medium,not_checked,,,,,/paid-pipeline,,,,89eddcfc-f32c-4f2b-b348-c30d77ce0c4b,2026-05-30 13:36:53.717417+00,2026-05-30 13:36:53.717417+00,,,f
2e8976e7-09b0-4185-a10a-fa5f9ebc7921,End-to-End Revenue Flow,paid_pipeline,Paid Pipeline,Leads can be sent to Paid Pipeline.,,medium,not_checked,,,,,/paid-pipeline,,,,89eddcfc-f32c-4f2b-b348-c30d77ce0c4b,2026-05-30 13:36:53.717417+00,2026-05-30 13:36:53.717417+00,,,f
a7bc1811-2d0b-43c1-8735-77aef629621c,End-to-End Revenue Flow,paid_pipeline,Paid Pipeline,Token buyer appears in Paid Pipeline.,,medium,not_checked,,,,,/paid-pipeline,,,,89eddcfc-f32c-4f2b-b348-c30d77ce0c4b,2026-05-30 13:36:53.717417+00,2026-05-30 13:36:53.717417+00,,,f
9ad93151-7c4d-4aa0-8576-7ec48ffd052e,End-to-End Revenue Flow,paid_pipeline,Paid Pipeline,Payment can be added without errors.,,medium,not_checked,,,,,/paid-pipeline,,,,89eddcfc-f32c-4f2b-b348-c30d77ce0c4b,2026-05-30 13:36:53.717417+00,2026-05-30 13:36:53.717417+00,,,f
25cd48f3-bc8a-41fc-8b40-555e14c0157f,End-to-End Revenue Flow,paid_pipeline,Paid Pipeline,Lead stage can be updated.,,medium,not_checked,,,,,/paid-pipeline,,,,89eddcfc-f32c-4f2b-b348-c30d77ce0c4b,2026-05-30 13:36:53.717417+00,2026-05-30 13:36:53.717417+00,,,f
eb15c8fb-0e4c-4ce9-94f6-ac3611d1026d,End-to-End Revenue Flow,paid_pipeline,Paid Pipeline,Follow-up can be created from lead.,,medium,not_checked,,,,,/paid-pipeline,,,,89eddcfc-f32c-4f2b-b348-c30d77ce0c4b,2026-05-30 13:36:53.717417+00,2026-05-30 13:36:53.717417+00,,,f
46dee2f9-ce6c-4fd6-abfb-707a6058e1f6,End-to-End Revenue Flow,paid_pipeline,Paid Pipeline,Follow-up appears in Follow-Up Command Center.,,medium,not_checked,,,,,/paid-pipeline,,,,89eddcfc-f32c-4f2b-b348-c30d77ce0c4b,2026-05-30 13:36:53.717417+00,2026-05-30 13:36:53.717417+00,,,f
7349571f-4297-46b3-a29a-1317402829d5,End-to-End Revenue Flow,paid_pipeline,Paid Pipeline,Balance pending lead appears in Payment Recovery.,,medium,not_checked,,,,,/paid-pipeline,,,,89eddcfc-f32c-4f2b-b348-c30d77ce0c4b,2026-05-30 13:36:53.717417+00,2026-05-30 13:36:53.717417+00,,,f
016b5d3c-df54-4365-b538-e0ede2ce970f,End-to-End Revenue Flow,paid_pipeline,Paid Pipeline,Finance status can be updated.,,medium,not_checked,,,,,/paid-pipeline,,,,89eddcfc-f32c-4f2b-b348-c30d77ce0c4b,2026-05-30 13:36:53.717417+00,2026-05-30 13:36:53.717417+00,,,f
24bfb79f-b7e4-4c4a-8548-13b858e34852,End-to-End Revenue Flow,paid_pipeline,Paid Pipeline,Final sale can be marked correctly.,,medium,not_checked,,,,,/paid-pipeline,,,,89eddcfc-f32c-4f2b-b348-c30d77ce0c4b,2026-05-30 13:36:53.717417+00,2026-05-30 13:36:53.717417+00,,,f
ef8f68d4-79c5-4f42-a9c3-216e67b44516,End-to-End Revenue Flow,paid_pipeline,Paid Pipeline,Audit Log records important changes.,,medium,not_checked,,,,,/paid-pipeline,,,,89eddcfc-f32c-4f2b-b348-c30d77ce0c4b,2026-05-30 13:36:53.717417+00,2026-05-30 13:36:53.717417+00,,,f
cdc9bb9f-940d-49f3-93cc-35b39f5ec538,End-to-End Revenue Flow,paid_pipeline,Paid Pipeline,Notification is generated for important pending actions.,,medium,not_checked,,,,,/paid-pipeline,,,,89eddcfc-f32c-4f2b-b348-c30d77ce0c4b,2026-05-30 13:36:53.717417+00,2026-05-30 13:36:53.717417+00,,,f
b2621371-c9c9-4e93-9891-663ae77187cd,End-to-End Revenue Flow,paid_pipeline,Paid Pipeline,Founder/Webinar dashboards reflect updated numbers.,,medium,not_checked,,,,,/paid-pipeline,,,,89eddcfc-f32c-4f2b-b348-c30d77ce0c4b,2026-05-30 13:36:53.717417+00,2026-05-30 13:36:53.717417+00,,,f
40a74e03-160f-4934-b099-88bbb7ea6e16,End-to-End Revenue Flow,paid_pipeline,Paid Pipeline,No duplicate leads/payments are created.,,medium,not_checked,,,,,/paid-pipeline,,,,89eddcfc-f32c-4f2b-b348-c30d77ce0c4b,2026-05-30 13:36:53.717417+00,2026-05-30 13:36:53.717417+00,,,f
e2c5a904-2009-4a77-8957-226cc8e1a998,End-to-End Revenue Flow,paid_pipeline,Paid Pipeline,Revenue flow feels clear to admin.,,medium,not_checked,,,,,/paid-pipeline,,,,89eddcfc-f32c-4f2b-b348-c30d77ce0c4b,2026-05-30 13:36:53.717417+00,2026-05-30 13:36:53.717417+00,,,f
62de856e-79da-4dae-aded-d70f2715ab18,ROAS / Reports / Attribution,reports,Reports & History,ROAS Calculator opens and works.,,medium,not_checked,,,,,/reports,,,,89eddcfc-f32c-4f2b-b348-c30d77ce0c4b,2026-05-30 13:36:53.717417+00,2026-05-30 13:36:53.717417+00,,,f
1f00b7a5-c683-436c-89e8-0d9a45212fff,ROAS / Reports / Attribution,reports,Reports & History,Existing API/fetched reports remain visible.,,medium,not_checked,,,,,/reports,,,,89eddcfc-f32c-4f2b-b348-c30d77ce0c4b,2026-05-30 13:36:53.717417+00,2026-05-30 13:36:53.717417+00,,,f
a8caec74-4a68-47a3-96f8-4ce8f9ed3dee,ROAS / Reports / Attribution,reports,Reports & History,Report History shows old and new reports.,,medium,not_checked,,,,,/reports,,,,89eddcfc-f32c-4f2b-b348-c30d77ce0c4b,2026-05-30 13:36:53.717417+00,2026-05-30 13:36:53.717417+00,,,f
767b38a7-323a-4e1c-9708-c719b102a104,ROAS / Reports / Attribution,reports,Reports & History,Daily Reporting data appears correctly.,,medium,not_checked,,,,,/reports,,,,89eddcfc-f32c-4f2b-b348-c30d77ce0c4b,2026-05-30 13:36:53.717417+00,2026-05-30 13:36:53.717417+00,,,f
7c3aab0c-c000-4da9-b8b0-d2c794b8313f,ROAS / Reports / Attribution,reports,Reports & History,Attribution report opens correctly.,,medium,not_checked,,,,,/reports,,,,89eddcfc-f32c-4f2b-b348-c30d77ce0c4b,2026-05-30 13:36:53.717417+00,2026-05-30 13:36:53.717417+00,,,f
77c67a91-4e87-4b51-8a9f-90e78d82ccda,ROAS / Reports / Attribution,reports,Reports & History,Send to Paid Pipeline works.,,medium,not_checked,,,,,/reports,,,,89eddcfc-f32c-4f2b-b348-c30d77ce0c4b,2026-05-30 13:36:53.717417+00,2026-05-30 13:36:53.717417+00,,,f
d1898021-0117-4882-92e3-b1a6c0957ac6,ROAS / Reports / Attribution,reports,Reports & History,View Source Reports link works from Webinar Performance.,,medium,not_checked,,,,,/reports,,,,89eddcfc-f32c-4f2b-b348-c30d77ce0c4b,2026-05-30 13:36:53.717417+00,2026-05-30 13:36:53.717417+00,,,f
42a93162-166b-47a0-b1a2-b733543effd5,ROAS / Reports / Attribution,reports,Reports & History,CSV/PDF exports work.,,medium,not_checked,,,,,/reports,,,,89eddcfc-f32c-4f2b-b348-c30d77ce0c4b,2026-05-30 13:36:53.717417+00,2026-05-30 13:36:53.717417+00,,,f
3d8865b5-1149-4964-9044-43333b059e45,ROAS / Reports / Attribution,reports,Reports & History,Reports are not hidden because of missing new fields.,,medium,not_checked,,,,,/reports,,,,89eddcfc-f32c-4f2b-b348-c30d77ce0c4b,2026-05-30 13:36:53.717417+00,2026-05-30 13:36:53.717417+00,,,f
0695cfb3-4835-4ec4-92c0-4409138829f5,ROAS / Reports / Attribution,reports,Reports & History,Deleted/restored reports are handled safely.,,medium,not_checked,,,,,/reports,,,,89eddcfc-f32c-4f2b-b348-c30d77ce0c4b,2026-05-30 13:36:53.717417+00,2026-05-30 13:36:53.717417+00,,,f
f6b1b1be-c3c1-4e0a-8d15-b8961b8e30b5,ROAS / Reports / Attribution,reports,Reports & History,Report actions are logged in Audit Log.,,medium,not_checked,,,,,/reports,,,,89eddcfc-f32c-4f2b-b348-c30d77ce0c4b,2026-05-30 13:36:53.717417+00,2026-05-30 13:36:53.717417+00,,,f
6024983e-43ea-405d-afce-909cbfdd5d9a,Calling CRM,calling_crm,Calling CRM,Calling CRM opens correctly.,,medium,not_checked,,,,,/crm,,,,89eddcfc-f32c-4f2b-b348-c30d77ce0c4b,2026-05-30 13:36:53.717417+00,2026-05-30 13:36:53.717417+00,,,f
2f4a0d1b-212a-463d-945a-16472bbad782,UX / Speed / Clarity,,,Tables show the right columns.,,medium,not_checked,,,,,,,,,89eddcfc-f32c-4f2b-b348-c30d77ce0c4b,2026-05-30 13:36:53.717417+00,2026-05-30 13:36:53.717417+00,,,f
0aaedcd9-fec6-4b4f-b5c6-f8a9a997cffb,Calling CRM,calling_crm,Calling CRM,CRM stages are clean and useful.,,medium,not_checked,,,,,/crm,,,,89eddcfc-f32c-4f2b-b348-c30d77ce0c4b,2026-05-30 13:36:53.717417+00,2026-05-30 13:36:53.717417+00,,,f
9fb5ddf8-4f75-4d53-9366-018e7dee5ff7,Calling CRM,calling_crm,Calling CRM,Lead assignment works.,,medium,not_checked,,,,,/crm,,,,89eddcfc-f32c-4f2b-b348-c30d77ce0c4b,2026-05-30 13:36:53.717417+00,2026-05-30 13:36:53.717417+00,,,f
fc3f5b6d-3af9-4436-9c9f-90ae6718ced1,Calling CRM,calling_crm,Calling CRM,Bulk assignment works.,,medium,not_checked,,,,,/crm,,,,89eddcfc-f32c-4f2b-b348-c30d77ce0c4b,2026-05-30 13:36:53.717417+00,2026-05-30 13:36:53.717417+00,,,f
6073bf51-2d16-4c60-9bd3-820d295e39ac,Calling CRM,calling_crm,Calling CRM,Admin does not appear in assignment dropdown unless explicitly eligible.,,medium,not_checked,,,,,/crm,,,,89eddcfc-f32c-4f2b-b348-c30d77ce0c4b,2026-05-30 13:36:53.717417+00,2026-05-30 13:36:53.717417+00,,,f
d2135c67-240c-471a-9474-e2753526769d,Calling CRM,calling_crm,Calling CRM,Stage movement works.,,medium,not_checked,,,,,/crm,,,,89eddcfc-f32c-4f2b-b348-c30d77ce0c4b,2026-05-30 13:36:53.717417+00,2026-05-30 13:36:53.717417+00,,,f
9a52c0bb-0c05-463d-9991-f37b0c93b333,Calling CRM,calling_crm,Calling CRM,Notes work if available.,,medium,not_checked,,,,,/crm,,,,89eddcfc-f32c-4f2b-b348-c30d77ce0c4b,2026-05-30 13:36:53.717417+00,2026-05-30 13:36:53.717417+00,,,f
84bd025c-0218-4109-bddb-fdff1de25dad,Calling CRM,calling_crm,Calling CRM,Paid onboarding stages are clear.,,medium,not_checked,,,,,/crm,,,,89eddcfc-f32c-4f2b-b348-c30d77ce0c4b,2026-05-30 13:36:53.717417+00,2026-05-30 13:36:53.717417+00,,,f
b71fb4fe-f872-4342-a208-3eacafc31166,Calling CRM,calling_crm,Calling CRM,Send from Paid Pipeline to CRM works if applicable.,,medium,not_checked,,,,,/crm,,,,89eddcfc-f32c-4f2b-b348-c30d77ce0c4b,2026-05-30 13:36:53.717417+00,2026-05-30 13:36:53.717417+00,,,f
435b5aeb-1b82-4f1f-a31c-026bba955df6,Calling CRM,calling_crm,Calling CRM,CRM actions are logged in Audit Log.,,medium,not_checked,,,,,/crm,,,,89eddcfc-f32c-4f2b-b348-c30d77ce0c4b,2026-05-30 13:36:53.717417+00,2026-05-30 13:36:53.717417+00,,,f
56d6dd8e-d8c4-48ec-8d5b-2afc6642b5e2,Calling CRM,calling_crm,Calling CRM,CRM notifications are generated only when useful.,,medium,not_checked,,,,,/crm,,,,89eddcfc-f32c-4f2b-b348-c30d77ce0c4b,2026-05-30 13:36:53.717417+00,2026-05-30 13:36:53.717417+00,,,f
d3cefbca-390f-4615-9be5-07530228c918,Calling CRM,calling_crm,Calling CRM,CRM filters are practical.,,medium,not_checked,,,,,/crm,,,,89eddcfc-f32c-4f2b-b348-c30d77ce0c4b,2026-05-30 13:36:53.717417+00,2026-05-30 13:36:53.717417+00,,,f
821f178c-078f-4d1a-809c-7153d60e76ae,Paid Pipeline,paid_pipeline,Paid Pipeline,Paid Pipeline opens correctly through Revenue Command Center.,,medium,not_checked,,,,,/paid-pipeline,,,,89eddcfc-f32c-4f2b-b348-c30d77ce0c4b,2026-05-30 13:36:53.717417+00,2026-05-30 13:36:53.717417+00,,,f
1926082e-d4af-4fa9-ad15-f89baf85c277,Paid Pipeline,paid_pipeline,Paid Pipeline,Main table loads quickly.,,medium,not_checked,,,,,/paid-pipeline,,,,89eddcfc-f32c-4f2b-b348-c30d77ce0c4b,2026-05-30 13:36:53.717417+00,2026-05-30 13:36:53.717417+00,,,f
ca9aefc5-c275-4add-b0d6-53957ca8971f,Paid Pipeline,paid_pipeline,Paid Pipeline,Filters work properly.,,medium,not_checked,,,,,/paid-pipeline,,,,89eddcfc-f32c-4f2b-b348-c30d77ce0c4b,2026-05-30 13:36:53.717417+00,2026-05-30 13:36:53.717417+00,,,f
11974ed1-e0fd-46d4-8522-cc3276ae69b3,Paid Pipeline,paid_pipeline,Paid Pipeline,Add payment works.,,medium,not_checked,,,,,/paid-pipeline,,,,89eddcfc-f32c-4f2b-b348-c30d77ce0c4b,2026-05-30 13:36:53.717417+00,2026-05-30 13:36:53.717417+00,,,f
7a5a3d16-8216-4e30-857d-42df5f696c43,Paid Pipeline,paid_pipeline,Paid Pipeline,Multiple token payments work.,,medium,not_checked,,,,,/paid-pipeline,,,,89eddcfc-f32c-4f2b-b348-c30d77ce0c4b,2026-05-30 13:36:53.717417+00,2026-05-30 13:36:53.717417+00,,,f
fae521a4-98b1-4d5c-a08f-cde1f7845b88,Paid Pipeline,paid_pipeline,Paid Pipeline,Balance pending calculation is correct.,,medium,not_checked,,,,,/paid-pipeline,,,,89eddcfc-f32c-4f2b-b348-c30d77ce0c4b,2026-05-30 13:36:53.717417+00,2026-05-30 13:36:53.717417+00,,,f
f27a725f-d0b0-4236-b981-ab442b7648ea,Paid Pipeline,paid_pipeline,Paid Pipeline,Revenue realized calculation is correct.,,medium,not_checked,,,,,/paid-pipeline,,,,89eddcfc-f32c-4f2b-b348-c30d77ce0c4b,2026-05-30 13:36:53.717417+00,2026-05-30 13:36:53.717417+00,,,f
316b428e-a1e3-4659-8f88-a055ba7c35d4,Paid Pipeline,paid_pipeline,Paid Pipeline,Final sale logic is correct.,,medium,not_checked,,,,,/paid-pipeline,,,,89eddcfc-f32c-4f2b-b348-c30d77ce0c4b,2026-05-30 13:36:53.717417+00,2026-05-30 13:36:53.717417+00,,,f
af6fff4b-a17b-408b-8149-4e876c825864,Paid Pipeline,paid_pipeline,Paid Pipeline,Dropped lead logic is correct.,,medium,not_checked,,,,,/paid-pipeline,,,,89eddcfc-f32c-4f2b-b348-c30d77ce0c4b,2026-05-30 13:36:53.717417+00,2026-05-30 13:36:53.717417+00,,,f
c42c61c6-262d-4a58-9d67-9142f083ca5b,Paid Pipeline,paid_pipeline,Paid Pipeline,Finance partner/status fields work.,,medium,not_checked,,,,,/paid-pipeline,,,,89eddcfc-f32c-4f2b-b348-c30d77ce0c4b,2026-05-30 13:36:53.717417+00,2026-05-30 13:36:53.717417+00,,,f
a275578d-90fd-4c31-82fa-4266a4d146d9,Paid Pipeline,paid_pipeline,Paid Pipeline,Lead priority works.,,medium,not_checked,,,,,/paid-pipeline,,,,89eddcfc-f32c-4f2b-b348-c30d77ce0c4b,2026-05-30 13:36:53.717417+00,2026-05-30 13:36:53.717417+00,,,f
a151284d-45ce-401f-8033-2716da189794,Paid Pipeline,paid_pipeline,Paid Pipeline,Owner assignment works correctly.,,medium,not_checked,,,,,/paid-pipeline,,,,89eddcfc-f32c-4f2b-b348-c30d77ce0c4b,2026-05-30 13:36:53.717417+00,2026-05-30 13:36:53.717417+00,,,f
8870c141-156b-499a-b836-e4e55804af7e,Paid Pipeline,paid_pipeline,Paid Pipeline,Admin is not assignment-eligible by default.,,medium,not_checked,,,,,/paid-pipeline,,,,89eddcfc-f32c-4f2b-b348-c30d77ce0c4b,2026-05-30 13:36:53.717417+00,2026-05-30 13:36:53.717417+00,,,f
931644c6-f204-4d50-86f8-dd28f0a02525,Paid Pipeline,paid_pipeline,Paid Pipeline,Follow-up creation works.,,medium,not_checked,,,,,/paid-pipeline,,,,89eddcfc-f32c-4f2b-b348-c30d77ce0c4b,2026-05-30 13:36:53.717417+00,2026-05-30 13:36:53.717417+00,,,f
847724c5-89c8-476c-9ad6-45aefa98ef08,Paid Pipeline,paid_pipeline,Paid Pipeline,CSV export works.,,medium,not_checked,,,,,/paid-pipeline,,,,89eddcfc-f32c-4f2b-b348-c30d77ce0c4b,2026-05-30 13:36:53.717417+00,2026-05-30 13:36:53.717417+00,,,f
d679cf35-b879-4993-9115-be14bbff43fd,Paid Pipeline,paid_pipeline,Paid Pipeline,Audit logs are created for important actions.,,medium,not_checked,,,,,/paid-pipeline,,,,89eddcfc-f32c-4f2b-b348-c30d77ce0c4b,2026-05-30 13:36:53.717417+00,2026-05-30 13:36:53.717417+00,,,f
8010cef6-3670-4587-8f98-9c9979985ffd,Paid Pipeline,paid_pipeline,Paid Pipeline,Notifications are created for important pending items.,,medium,not_checked,,,,,/paid-pipeline,,,,89eddcfc-f32c-4f2b-b348-c30d77ce0c4b,2026-05-30 13:36:53.717417+00,2026-05-30 13:36:53.717417+00,,,f
73d9b6d3-e324-471a-83bd-a934c8e87f23,Paid Pipeline,paid_pipeline,Paid Pipeline,Mobile view is usable.,,medium,not_checked,,,,,/paid-pipeline,,,,89eddcfc-f32c-4f2b-b348-c30d77ce0c4b,2026-05-30 13:36:53.717417+00,2026-05-30 13:36:53.717417+00,,,f
5bcbe4e6-9095-41f8-a935-c204f9a259be,Paid Pipeline,paid_pipeline,Paid Pipeline,Drawer layout is clean.,,medium,not_checked,,,,,/paid-pipeline,,,,89eddcfc-f32c-4f2b-b348-c30d77ce0c4b,2026-05-30 13:36:53.717417+00,2026-05-30 13:36:53.717417+00,,,f
f1e9a8a3-6afb-4800-bd1b-2b56887e6afe,Paid Pipeline,paid_pipeline,Paid Pipeline,No duplicate payment or lead records are created.,,medium,not_checked,,,,,/paid-pipeline,,,,89eddcfc-f32c-4f2b-b348-c30d77ce0c4b,2026-05-30 13:36:53.717417+00,2026-05-30 13:36:53.717417+00,,,f
4abc90c1-e842-44ea-8830-f231e8a1edfd,Follow-Up Command Center,follow_up_command_center,Follow-Up Command Center,Follow-Up Command Center opens correctly.,,medium,not_checked,,,,,/follow-up-command-center,,,,89eddcfc-f32c-4f2b-b348-c30d77ce0c4b,2026-05-30 13:36:53.717417+00,2026-05-30 13:36:53.717417+00,,,f
2944241c-0923-4728-ab36-bbc3b451f9bb,Follow-Up Command Center,follow_up_command_center,Follow-Up Command Center,Due Today filter is accurate.,,medium,not_checked,,,,,/follow-up-command-center,,,,89eddcfc-f32c-4f2b-b348-c30d77ce0c4b,2026-05-30 13:36:53.717417+00,2026-05-30 13:36:53.717417+00,,,f
214ebc70-659d-4592-8b78-7782ad5d033a,Follow-Up Command Center,follow_up_command_center,Follow-Up Command Center,Overdue filter is accurate.,,medium,not_checked,,,,,/follow-up-command-center,,,,89eddcfc-f32c-4f2b-b348-c30d77ce0c4b,2026-05-30 13:36:53.717417+00,2026-05-30 13:36:53.717417+00,,,f
658e39eb-955c-41a3-8ae9-fb809cf0580a,Follow-Up Command Center,follow_up_command_center,Follow-Up Command Center,Missed follow-up logic is accurate.,,medium,not_checked,,,,,/follow-up-command-center,,,,89eddcfc-f32c-4f2b-b348-c30d77ce0c4b,2026-05-30 13:36:53.717417+00,2026-05-30 13:36:53.717417+00,,,f
82e37d3a-9dcc-4708-b5fe-51178c3ffadb,Follow-Up Command Center,follow_up_command_center,Follow-Up Command Center,Mark Done works.,,medium,not_checked,,,,,/follow-up-command-center,,,,89eddcfc-f32c-4f2b-b348-c30d77ce0c4b,2026-05-30 13:36:53.717417+00,2026-05-30 13:36:53.717417+00,,,f
7c644462-7098-4c79-815f-ca9b285da229,Follow-Up Command Center,follow_up_command_center,Follow-Up Command Center,Mark Done resolves related notifications.,,medium,not_checked,,,,,/follow-up-command-center,,,,89eddcfc-f32c-4f2b-b348-c30d77ce0c4b,2026-05-30 13:36:53.717417+00,2026-05-30 13:36:53.717417+00,,,f
67880c69-a417-448b-a5e5-2d6d1aa32463,Follow-Up Command Center,follow_up_command_center,Follow-Up Command Center,Reschedule works.,,medium,not_checked,,,,,/follow-up-command-center,,,,89eddcfc-f32c-4f2b-b348-c30d77ce0c4b,2026-05-30 13:36:53.717417+00,2026-05-30 13:36:53.717417+00,,,f
fa9c528e-3bed-47f8-8221-9883e542524a,UX / Speed / Clarity,,,Drawers do not feel cluttered.,,medium,not_checked,,,,,,,,,89eddcfc-f32c-4f2b-b348-c30d77ce0c4b,2026-05-30 13:36:53.717417+00,2026-05-30 13:36:53.717417+00,,,f
48d4feca-c124-4896-9dce-0778e278d289,Follow-Up Command Center,follow_up_command_center,Follow-Up Command Center,Owner assignment works.,,medium,not_checked,,,,,/follow-up-command-center,,,,89eddcfc-f32c-4f2b-b348-c30d77ce0c4b,2026-05-30 13:36:53.717417+00,2026-05-30 13:36:53.717417+00,,,f
c6145ab2-f6f6-4a0e-82c7-20cc24c9a1fa,Follow-Up Command Center,follow_up_command_center,Follow-Up Command Center,WhatsApp copy works.,,medium,not_checked,,,,,/follow-up-command-center,,,,89eddcfc-f32c-4f2b-b348-c30d77ce0c4b,2026-05-30 13:36:53.717417+00,2026-05-30 13:36:53.717417+00,,,f
834b2ad5-ac8d-455a-9728-d5745df71542,Follow-Up Command Center,follow_up_command_center,Follow-Up Command Center,Follow-up creation from Paid Pipeline appears here.,,medium,not_checked,,,,,/follow-up-command-center,,,,89eddcfc-f32c-4f2b-b348-c30d77ce0c4b,2026-05-30 13:36:53.717417+00,2026-05-30 13:36:53.717417+00,,,f
2442e5e8-f20b-44b2-90ac-3b1c9ec62873,Follow-Up Command Center,follow_up_command_center,Follow-Up Command Center,Follow-up creation from Payment Recovery appears here.,,medium,not_checked,,,,,/follow-up-command-center,,,,89eddcfc-f32c-4f2b-b348-c30d77ce0c4b,2026-05-30 13:36:53.717417+00,2026-05-30 13:36:53.717417+00,,,f
1265c17b-9c3f-4a1c-aecf-22bf20b91372,Follow-Up Command Center,follow_up_command_center,Follow-Up Command Center,Follow-up statuses are clear.,,medium,not_checked,,,,,/follow-up-command-center,,,,89eddcfc-f32c-4f2b-b348-c30d77ce0c4b,2026-05-30 13:36:53.717417+00,2026-05-30 13:36:53.717417+00,,,f
d83850ff-af0f-4c76-a8bc-8df05138f6ce,Follow-Up Command Center,follow_up_command_center,Follow-Up Command Center,No duplicate follow-ups appear.,,medium,not_checked,,,,,/follow-up-command-center,,,,89eddcfc-f32c-4f2b-b348-c30d77ce0c4b,2026-05-30 13:36:53.717417+00,2026-05-30 13:36:53.717417+00,,,f
4c522d3e-a49c-4934-9044-3db8522a536a,Follow-Up Command Center,follow_up_command_center,Follow-Up Command Center,Audit logs are created for important actions.,,medium,not_checked,,,,,/follow-up-command-center,,,,89eddcfc-f32c-4f2b-b348-c30d77ce0c4b,2026-05-30 13:36:53.717417+00,2026-05-30 13:36:53.717417+00,,,f
83d8f608-fa88-4acb-a17b-1fa46914bf95,Follow-Up Command Center,follow_up_command_center,Follow-Up Command Center,Mobile view is usable.,,medium,not_checked,,,,,/follow-up-command-center,,,,89eddcfc-f32c-4f2b-b348-c30d77ce0c4b,2026-05-30 13:36:53.717417+00,2026-05-30 13:36:53.717417+00,,,f
ff7ef23b-0a04-453a-a4ad-3f576d692210,Payment Recovery,payment_recovery,Payment Recovery,Payment Recovery opens correctly through Revenue Command Center.,,medium,not_checked,,,,,/payment-recovery,,,,89eddcfc-f32c-4f2b-b348-c30d77ce0c4b,2026-05-30 13:36:53.717417+00,2026-05-30 13:36:53.717417+00,,,f
36990004-f09b-4f26-9e2e-dfa4be5775d8,Payment Recovery,payment_recovery,Payment Recovery,Active pending revenue is accurate.,,medium,not_checked,,,,,/payment-recovery,,,,89eddcfc-f32c-4f2b-b348-c30d77ce0c4b,2026-05-30 13:36:53.717417+00,2026-05-30 13:36:53.717417+00,,,f
7f56aa87-b88e-4a52-8428-222e21ada795,Payment Recovery,payment_recovery,Payment Recovery,High-value pending filter works.,,medium,not_checked,,,,,/payment-recovery,,,,89eddcfc-f32c-4f2b-b348-c30d77ce0c4b,2026-05-30 13:36:53.717417+00,2026-05-30 13:36:53.717417+00,,,f
e026f1a9-8bc0-4fe6-b403-757ea47d6835,Payment Recovery,payment_recovery,Payment Recovery,No-owner pending leads are visible.,,medium,not_checked,,,,,/payment-recovery,,,,89eddcfc-f32c-4f2b-b348-c30d77ce0c4b,2026-05-30 13:36:53.717417+00,2026-05-30 13:36:53.717417+00,,,f
bfae9cf7-669d-420e-8729-661c8be2fae0,Payment Recovery,payment_recovery,Payment Recovery,No-next-payment-date leads are visible.,,medium,not_checked,,,,,/payment-recovery,,,,89eddcfc-f32c-4f2b-b348-c30d77ce0c4b,2026-05-30 13:36:53.717417+00,2026-05-30 13:36:53.717417+00,,,f
3891d943-2cb3-4161-8006-fef3074dbb6f,Payment Recovery,payment_recovery,Payment Recovery,Recovery overdue logic is accurate.,,medium,not_checked,,,,,/payment-recovery,,,,89eddcfc-f32c-4f2b-b348-c30d77ce0c4b,2026-05-30 13:36:53.717417+00,2026-05-30 13:36:53.717417+00,,,f
862a7b3c-522f-44f6-ad75-0df0d239a68e,Payment Recovery,payment_recovery,Payment Recovery,Finance pending cases appear correctly.,,medium,not_checked,,,,,/payment-recovery,,,,89eddcfc-f32c-4f2b-b348-c30d77ce0c4b,2026-05-30 13:36:53.717417+00,2026-05-30 13:36:53.717417+00,,,f
e2ed7f68-242b-440c-8f04-747cc81568a1,Payment Recovery,payment_recovery,Payment Recovery,Dropped-risk cases appear correctly.,,medium,not_checked,,,,,/payment-recovery,,,,89eddcfc-f32c-4f2b-b348-c30d77ce0c4b,2026-05-30 13:36:53.717417+00,2026-05-30 13:36:53.717417+00,,,f
60d25057-b3d0-4a90-8ed1-9d279aedaf88,Payment Recovery,payment_recovery,Payment Recovery,Bulk owner assignment works.,,medium,not_checked,,,,,/payment-recovery,,,,89eddcfc-f32c-4f2b-b348-c30d77ce0c4b,2026-05-30 13:36:53.717417+00,2026-05-30 13:36:53.717417+00,,,f
74f8045c-13b2-4ad4-9a70-084443c022e6,Payment Recovery,payment_recovery,Payment Recovery,Bulk field update works.,,medium,not_checked,,,,,/payment-recovery,,,,89eddcfc-f32c-4f2b-b348-c30d77ce0c4b,2026-05-30 13:36:53.717417+00,2026-05-30 13:36:53.717417+00,,,f
cd1c6c1c-5bf9-42df-9c45-67c5ef05c907,Payment Recovery,payment_recovery,Payment Recovery,Follow-up creation works.,,medium,not_checked,,,,,/payment-recovery,,,,89eddcfc-f32c-4f2b-b348-c30d77ce0c4b,2026-05-30 13:36:53.717417+00,2026-05-30 13:36:53.717417+00,,,f
dc58ff8b-ed46-48ea-a6e9-fb6ae2d11350,Payment Recovery,payment_recovery,Payment Recovery,Add payment works without duplicate logs.,,medium,not_checked,,,,,/payment-recovery,,,,89eddcfc-f32c-4f2b-b348-c30d77ce0c4b,2026-05-30 13:36:53.717417+00,2026-05-30 13:36:53.717417+00,,,f
c9541de8-8114-4d26-85a6-5f7f4f8af3b0,Payment Recovery,payment_recovery,Payment Recovery,Notifications are generated correctly.,,medium,not_checked,,,,,/payment-recovery,,,,89eddcfc-f32c-4f2b-b348-c30d77ce0c4b,2026-05-30 13:36:53.717417+00,2026-05-30 13:36:53.717417+00,,,f
83343f52-dc51-4875-a250-6ac6d16395b8,Payment Recovery,payment_recovery,Payment Recovery,Audit logs are created correctly.,,medium,not_checked,,,,,/payment-recovery,,,,89eddcfc-f32c-4f2b-b348-c30d77ce0c4b,2026-05-30 13:36:53.717417+00,2026-05-30 13:36:53.717417+00,,,f
54a70188-8b0a-45db-ae58-84637ac47178,Payment Recovery,payment_recovery,Payment Recovery,Payment Recovery numbers match Paid Pipeline.,,medium,not_checked,,,,,/payment-recovery,,,,89eddcfc-f32c-4f2b-b348-c30d77ce0c4b,2026-05-30 13:36:53.717417+00,2026-05-30 13:36:53.717417+00,,,f
0360ee1e-38f5-40ca-a83d-a3909c4a51a3,Payment Recovery,payment_recovery,Payment Recovery,Mobile view is usable.,,medium,not_checked,,,,,/payment-recovery,,,,89eddcfc-f32c-4f2b-b348-c30d77ce0c4b,2026-05-30 13:36:53.717417+00,2026-05-30 13:36:53.717417+00,,,f
579a30b7-3f11-47f1-a16c-d979cf356b4c,Webinar Performance,webinar_performance,Webinar Performance,Webinar Performance opens through Analytics Center.,,medium,not_checked,,,,,/webinar-performance,,,,89eddcfc-f32c-4f2b-b348-c30d77ce0c4b,2026-05-30 13:36:53.717417+00,2026-05-30 13:36:53.717417+00,,,f
fcf8c418-971a-4757-8e65-121bda6b4f82,Webinar Performance,webinar_performance,Webinar Performance,It uses existing reports only.,,medium,not_checked,,,,,/webinar-performance,,,,89eddcfc-f32c-4f2b-b348-c30d77ce0c4b,2026-05-30 13:36:53.717417+00,2026-05-30 13:36:53.717417+00,,,f
4209811a-27ae-44cc-a9c2-f4e67d07bdec,Webinar Performance,webinar_performance,Webinar Performance,No new sheet import flow appears.,,medium,not_checked,,,,,/webinar-performance,,,,89eddcfc-f32c-4f2b-b348-c30d77ce0c4b,2026-05-30 13:36:53.717417+00,2026-05-30 13:36:53.717417+00,,,f
7bee7ed5-553f-425d-bce0-7982360c3d6a,Webinar Performance,webinar_performance,Webinar Performance,Refresh Existing Data works.,,medium,not_checked,,,,,/webinar-performance,,,,89eddcfc-f32c-4f2b-b348-c30d77ce0c4b,2026-05-30 13:36:53.717417+00,2026-05-30 13:36:53.717417+00,,,f
cfc6f0c8-48b5-4ae4-bc90-f23aa87927f5,Webinar Performance,webinar_performance,Webinar Performance,Date filters update numbers.,,medium,not_checked,,,,,/webinar-performance,,,,89eddcfc-f32c-4f2b-b348-c30d77ce0c4b,2026-05-30 13:36:53.717417+00,2026-05-30 13:36:53.717417+00,,,f
f9734b99-7736-4f4f-aed4-42f2fa4d9651,Webinar Performance,webinar_performance,Webinar Performance,Registrations are accurate.,,medium,not_checked,,,,,/webinar-performance,,,,89eddcfc-f32c-4f2b-b348-c30d77ce0c4b,2026-05-30 13:36:53.717417+00,2026-05-30 13:36:53.717417+00,,,f
0595028b-aedd-4e72-910c-f72e33394eb2,Webinar Performance,webinar_performance,Webinar Performance,Show-up numbers are accurate.,,medium,not_checked,,,,,/webinar-performance,,,,89eddcfc-f32c-4f2b-b348-c30d77ce0c4b,2026-05-30 13:36:53.717417+00,2026-05-30 13:36:53.717417+00,,,f
ebe6149a-77a3-4fd6-905e-3aa812af4e3b,Webinar Performance,webinar_performance,Webinar Performance,Token buyers are linked from Paid Pipeline.,,medium,not_checked,,,,,/webinar-performance,,,,89eddcfc-f32c-4f2b-b348-c30d77ce0c4b,2026-05-30 13:36:53.717417+00,2026-05-30 13:36:53.717417+00,,,f
28cef2e3-dc9e-45fc-975b-49ce6b713935,Webinar Performance,webinar_performance,Webinar Performance,Final sales are linked correctly.,,medium,not_checked,,,,,/webinar-performance,,,,89eddcfc-f32c-4f2b-b348-c30d77ce0c4b,2026-05-30 13:36:53.717417+00,2026-05-30 13:36:53.717417+00,,,f
115284f4-15ca-47a4-8bc1-86533834d36e,Webinar Performance,webinar_performance,Webinar Performance,Revenue realized is accurate.,,medium,not_checked,,,,,/webinar-performance,,,,89eddcfc-f32c-4f2b-b348-c30d77ce0c4b,2026-05-30 13:36:53.717417+00,2026-05-30 13:36:53.717417+00,,,f
4898bf72-ece2-4c81-87b9-6666cc7169cd,Webinar Performance,webinar_performance,Webinar Performance,Revenue to be realized is accurate.,,medium,not_checked,,,,,/webinar-performance,,,,89eddcfc-f32c-4f2b-b348-c30d77ce0c4b,2026-05-30 13:36:53.717417+00,2026-05-30 13:36:53.717417+00,,,f
7d934154-642f-4169-8474-e18418e9b918,Webinar Performance,webinar_performance,Webinar Performance,Media Buyer Quality section works.,,medium,not_checked,,,,,/webinar-performance,,,,89eddcfc-f32c-4f2b-b348-c30d77ce0c4b,2026-05-30 13:36:53.717417+00,2026-05-30 13:36:53.717417+00,,,f
0c36e550-f22e-4b23-88e0-650d4771b457,Webinar Performance,webinar_performance,Webinar Performance,Payment Realization section works.,,medium,not_checked,,,,,/webinar-performance,,,,89eddcfc-f32c-4f2b-b348-c30d77ce0c4b,2026-05-30 13:36:53.717417+00,2026-05-30 13:36:53.717417+00,,,f
26997c47-5c27-410e-8b6c-44170292bc0d,Webinar Performance,webinar_performance,Webinar Performance,Founder Summary copy works.,,medium,not_checked,,,,,/webinar-performance,,,,89eddcfc-f32c-4f2b-b348-c30d77ce0c4b,2026-05-30 13:36:53.717417+00,2026-05-30 13:36:53.717417+00,,,f
541763c8-032a-4cad-ae8c-3294a3ad558c,Webinar Performance,webinar_performance,Webinar Performance,Source Reports link works.,,medium,not_checked,,,,,/webinar-performance,,,,89eddcfc-f32c-4f2b-b348-c30d77ce0c4b,2026-05-30 13:36:53.717417+00,2026-05-30 13:36:53.717417+00,,,f
188abcfe-739c-46f7-b535-438a4cb2c189,Webinar Performance,webinar_performance,Webinar Performance,Missing mapping shows a clear state.,,medium,not_checked,,,,,/webinar-performance,,,,89eddcfc-f32c-4f2b-b348-c30d77ce0c4b,2026-05-30 13:36:53.717417+00,2026-05-30 13:36:53.717417+00,,,f
a6589dfa-c425-42f6-8110-cfde5d7b95ac,Webinar Performance,webinar_performance,Webinar Performance,No fake/sample data appears.,,medium,not_checked,,,,,/webinar-performance,,,,89eddcfc-f32c-4f2b-b348-c30d77ce0c4b,2026-05-30 13:36:53.717417+00,2026-05-30 13:36:53.717417+00,,,f
4268207e-1f13-4b27-b0c8-a2c7b1a87333,Master Settings,master_settings,Master Settings,Master Settings opens through Admin Center.,,medium,not_checked,,,,,/master-settings,,,,89eddcfc-f32c-4f2b-b348-c30d77ce0c4b,2026-05-30 13:36:53.717417+00,2026-05-30 13:36:53.717417+00,,,f
25f94a7a-0e7d-4881-a060-4752391553bf,Master Settings,master_settings,Master Settings,Business Profile saves correctly.,,medium,not_checked,,,,,/master-settings,,,,89eddcfc-f32c-4f2b-b348-c30d77ce0c4b,2026-05-30 13:36:53.717417+00,2026-05-30 13:36:53.717417+00,,,f
3bba86c7-a59d-4706-86f7-e72306964317,Master Settings,master_settings,Master Settings,Products/Programs save correctly.,,medium,not_checked,,,,,/master-settings,,,,89eddcfc-f32c-4f2b-b348-c30d77ce0c4b,2026-05-30 13:36:53.717417+00,2026-05-30 13:36:53.717417+00,,,f
24854b1c-dfea-42b6-8941-4564ab4fcd73,Master Settings,master_settings,Master Settings,Payment models save correctly.,,medium,not_checked,,,,,/master-settings,,,,89eddcfc-f32c-4f2b-b348-c30d77ce0c4b,2026-05-30 13:36:53.717417+00,2026-05-30 13:36:53.717417+00,,,f
e6697d39-4b0d-4c6b-84dd-70aaed87a1f5,Master Settings,master_settings,Master Settings,Paid Pipeline stages save correctly.,,medium,not_checked,,,,,/master-settings,,,,89eddcfc-f32c-4f2b-b348-c30d77ce0c4b,2026-05-30 13:36:53.717417+00,2026-05-30 13:36:53.717417+00,,,f
639653f2-15cb-4812-bdc7-e529c1d05977,Master Settings,master_settings,Master Settings,CRM stages save correctly.,,medium,not_checked,,,,,/master-settings,,,,89eddcfc-f32c-4f2b-b348-c30d77ce0c4b,2026-05-30 13:36:53.717417+00,2026-05-30 13:36:53.717417+00,,,f
effa263c-46b8-4297-89cd-4a2e12b2fecf,Master Settings,master_settings,Master Settings,Follow-up reasons save correctly.,,medium,not_checked,,,,,/master-settings,,,,89eddcfc-f32c-4f2b-b348-c30d77ce0c4b,2026-05-30 13:36:53.717417+00,2026-05-30 13:36:53.717417+00,,,f
ca669e4b-ae5a-452d-a522-122d7e9e3ffc,Master Settings,master_settings,Master Settings,Finance partners save correctly.,,medium,not_checked,,,,,/master-settings,,,,89eddcfc-f32c-4f2b-b348-c30d77ce0c4b,2026-05-30 13:36:53.717417+00,2026-05-30 13:36:53.717417+00,,,f
993c62e4-2d32-4159-a3a3-14cf7a401021,Master Settings,master_settings,Master Settings,Webinar settings save correctly.,,medium,not_checked,,,,,/master-settings,,,,89eddcfc-f32c-4f2b-b348-c30d77ce0c4b,2026-05-30 13:36:53.717417+00,2026-05-30 13:36:53.717417+00,,,f
03f0b9da-e90e-4638-9d15-d5f3b492a20e,Master Settings,master_settings,Master Settings,Team roles/departments save correctly.,,medium,not_checked,,,,,/master-settings,,,,89eddcfc-f32c-4f2b-b348-c30d77ce0c4b,2026-05-30 13:36:53.717417+00,2026-05-30 13:36:53.717417+00,,,f
ded5301f-bcb3-414e-9f7d-55c86410e25b,Master Settings,master_settings,Master Settings,Assignment eligibility defaults save correctly.,,medium,not_checked,,,,,/master-settings,,,,89eddcfc-f32c-4f2b-b348-c30d77ce0c4b,2026-05-30 13:36:53.717417+00,2026-05-30 13:36:53.717417+00,,,f
662bb570-2e27-4bb4-8c04-db2396bc60fb,Master Settings,master_settings,Master Settings,WhatsApp templates save correctly.,,medium,not_checked,,,,,/master-settings,,,,89eddcfc-f32c-4f2b-b348-c30d77ce0c4b,2026-05-30 13:36:53.717417+00,2026-05-30 13:36:53.717417+00,,,f
c667b81c-d302-40a8-a1d2-6d39c9bc2620,Master Settings,master_settings,Master Settings,General dropdowns save correctly.,,medium,not_checked,,,,,/master-settings,,,,89eddcfc-f32c-4f2b-b348-c30d77ce0c4b,2026-05-30 13:36:53.717417+00,2026-05-30 13:36:53.717417+00,,,f
ff1f359f-d404-4596-880a-aed90b96ae9e,Master Settings,master_settings,Master Settings,Quick-save values appear here.,,medium,not_checked,,,,,/master-settings,,,,89eddcfc-f32c-4f2b-b348-c30d77ce0c4b,2026-05-30 13:36:53.717417+00,2026-05-30 13:36:53.717417+00,,,f
78996316-0b4f-46b9-84ea-ee36f63a4ab3,Master Settings,master_settings,Master Settings,Settings changes reflect in relevant dropdowns.,,medium,not_checked,,,,,/master-settings,,,,89eddcfc-f32c-4f2b-b348-c30d77ce0c4b,2026-05-30 13:36:53.717417+00,2026-05-30 13:36:53.717417+00,,,f
db544df0-262a-41d5-bff7-f89df0739971,Master Settings,master_settings,Master Settings,Audit logs are created for settings changes.,,medium,not_checked,,,,,/master-settings,,,,89eddcfc-f32c-4f2b-b348-c30d77ce0c4b,2026-05-30 13:36:53.717417+00,2026-05-30 13:36:53.717417+00,,,f
94514510-21cf-48e1-9547-e19af6e00dbc,Master Settings,master_settings,Master Settings,Sensitive fields are masked.,,medium,not_checked,,,,,/master-settings,,,,89eddcfc-f32c-4f2b-b348-c30d77ce0c4b,2026-05-30 13:36:53.717417+00,2026-05-30 13:36:53.717417+00,,,f
d75ab8ce-dda0-4409-b7e0-07296272289b,Audit Log,audit_log,Audit Log,Audit Log opens through Admin Center.,,medium,not_checked,,,,,/audit-log,,,,89eddcfc-f32c-4f2b-b348-c30d77ce0c4b,2026-05-30 13:36:53.717417+00,2026-05-30 13:36:53.717417+00,,,f
313bcb94-a378-43b0-972f-f32fd9f3a35a,Audit Log,audit_log,Audit Log,Payment added logs correctly.,,medium,not_checked,,,,,/audit-log,,,,89eddcfc-f32c-4f2b-b348-c30d77ce0c4b,2026-05-30 13:36:53.717417+00,2026-05-30 13:36:53.717417+00,,,f
629a7afd-d625-4c53-b4a6-3b0082c72733,Audit Log,audit_log,Audit Log,Payment deleted logs correctly.,,medium,not_checked,,,,,/audit-log,,,,89eddcfc-f32c-4f2b-b348-c30d77ce0c4b,2026-05-30 13:36:53.717417+00,2026-05-30 13:36:53.717417+00,,,f
bd72c928-7b9e-4396-8444-9222569bbc96,Audit Log,audit_log,Audit Log,Stage changed logs correctly.,,medium,not_checked,,,,,/audit-log,,,,89eddcfc-f32c-4f2b-b348-c30d77ce0c4b,2026-05-30 13:36:53.717417+00,2026-05-30 13:36:53.717417+00,,,f
fa9adca0-1359-499c-94c6-e8021f5be638,Audit Log,audit_log,Audit Log,Finance status changed logs correctly.,,medium,not_checked,,,,,/audit-log,,,,89eddcfc-f32c-4f2b-b348-c30d77ce0c4b,2026-05-30 13:36:53.717417+00,2026-05-30 13:36:53.717417+00,,,f
3fc15f86-fb2c-4d0b-80f9-396def2a5e44,Audit Log,audit_log,Audit Log,Follow-up completed logs correctly.,,medium,not_checked,,,,,/audit-log,,,,89eddcfc-f32c-4f2b-b348-c30d77ce0c4b,2026-05-30 13:36:53.717417+00,2026-05-30 13:36:53.717417+00,,,f
8db95309-f9eb-4994-995f-da06ae12e047,Audit Log,audit_log,Audit Log,CRM assignment logs correctly.,,medium,not_checked,,,,,/audit-log,,,,89eddcfc-f32c-4f2b-b348-c30d77ce0c4b,2026-05-30 13:36:53.717417+00,2026-05-30 13:36:53.717417+00,,,f
5005a5d2-7568-4fd9-b03c-ebd08fc2136a,Audit Log,audit_log,Audit Log,Master Settings changes log correctly.,,medium,not_checked,,,,,/audit-log,,,,89eddcfc-f32c-4f2b-b348-c30d77ce0c4b,2026-05-30 13:36:53.717417+00,2026-05-30 13:36:53.717417+00,,,f
0e88b3aa-6ac8-441d-a72d-dab88e6f0f7d,Audit Log,audit_log,Audit Log,Access changes log correctly.,,medium,not_checked,,,,,/audit-log,,,,89eddcfc-f32c-4f2b-b348-c30d77ce0c4b,2026-05-30 13:36:53.717417+00,2026-05-30 13:36:53.717417+00,,,f
af99a4a7-bfc4-48c7-aea8-9176446060d0,Audit Log,audit_log,Audit Log,Report exports/deletes log correctly.,,medium,not_checked,,,,,/audit-log,,,,89eddcfc-f32c-4f2b-b348-c30d77ce0c4b,2026-05-30 13:36:53.717417+00,2026-05-30 13:36:53.717417+00,,,f
a83782b7-40b4-434c-8661-8e55da2cfed1,Audit Log,audit_log,Audit Log,Old/new values show clearly.,,medium,not_checked,,,,,/audit-log,,,,89eddcfc-f32c-4f2b-b348-c30d77ce0c4b,2026-05-30 13:36:53.717417+00,2026-05-30 13:36:53.717417+00,,,f
ba4d499f-d838-4424-b9b2-a86f6491da1f,Audit Log,audit_log,Audit Log,Sensitive fields are redacted.,,medium,not_checked,,,,,/audit-log,,,,89eddcfc-f32c-4f2b-b348-c30d77ce0c4b,2026-05-30 13:36:53.717417+00,2026-05-30 13:36:53.717417+00,,,f
aa7becc8-cccc-4a99-8a5e-5e04e82b4999,Audit Log,audit_log,Audit Log,CSV export works.,,medium,not_checked,,,,,/audit-log,,,,89eddcfc-f32c-4f2b-b348-c30d77ce0c4b,2026-05-30 13:36:53.717417+00,2026-05-30 13:36:53.717417+00,,,f
b56e38b2-402a-4659-8fb2-4b6fb9014cf7,Audit Log,audit_log,Audit Log,Filters work.,,medium,not_checked,,,,,/audit-log,,,,89eddcfc-f32c-4f2b-b348-c30d77ce0c4b,2026-05-30 13:36:53.717417+00,2026-05-30 13:36:53.717417+00,,,f
8c66758f-7113-41f4-b67d-048bcfed3d63,Audit Log,audit_log,Audit Log,Audit logging never blocks business actions.,,medium,not_checked,,,,,/audit-log,,,,89eddcfc-f32c-4f2b-b348-c30d77ce0c4b,2026-05-30 13:36:53.717417+00,2026-05-30 13:36:53.717417+00,,,f
3d12d226-0e71-4328-a2c4-cf407688d2f7,Notifications,notifications,Notifications,Notification bell appears and count is correct.,,medium,not_checked,,,,,/notifications,,,,89eddcfc-f32c-4f2b-b348-c30d77ce0c4b,2026-05-30 13:36:53.717417+00,2026-05-30 13:36:53.717417+00,,,f
af3e8ed9-0204-4ba3-8167-3332e5ba9fd2,Notifications,notifications,Notifications,Notifications page opens through Admin Center or bell.,,medium,not_checked,,,,,/notifications,,,,89eddcfc-f32c-4f2b-b348-c30d77ce0c4b,2026-05-30 13:36:53.717417+00,2026-05-30 13:36:53.717417+00,,,f
f9d58008-75f3-452f-a5f9-d2d85f3dca91,Notifications,notifications,Notifications,Refresh Notifications works.,,medium,not_checked,,,,,/notifications,,,,89eddcfc-f32c-4f2b-b348-c30d77ce0c4b,2026-05-30 13:36:53.717417+00,2026-05-30 13:36:53.717417+00,,,f
97783bd1-f00d-4761-b660-1acb3ff3e7db,Notifications,notifications,Notifications,Duplicate notifications are avoided.,,medium,not_checked,,,,,/notifications,,,,89eddcfc-f32c-4f2b-b348-c30d77ce0c4b,2026-05-30 13:36:53.717417+00,2026-05-30 13:36:53.717417+00,,,f
fbf5f568-b270-48ee-b08f-f0a7d5532d95,Notifications,notifications,Notifications,Follow-up due alerts are generated.,,medium,not_checked,,,,,/notifications,,,,89eddcfc-f32c-4f2b-b348-c30d77ce0c4b,2026-05-30 13:36:53.717417+00,2026-05-30 13:36:53.717417+00,,,f
d277beff-5a97-4c52-b901-940e25c634d7,Notifications,notifications,Notifications,Follow-up overdue alerts are generated.,,medium,not_checked,,,,,/notifications,,,,89eddcfc-f32c-4f2b-b348-c30d77ce0c4b,2026-05-30 13:36:53.717417+00,2026-05-30 13:36:53.717417+00,,,f
eb8f9158-5ead-4f8e-9566-382c501d742c,Notifications,notifications,Notifications,High-value payment recovery alerts are generated.,,medium,not_checked,,,,,/notifications,,,,89eddcfc-f32c-4f2b-b348-c30d77ce0c4b,2026-05-30 13:36:53.717417+00,2026-05-30 13:36:53.717417+00,,,f
eb4a4415-3000-4034-b37a-6ba78874ad3b,Notifications,notifications,Notifications,No-owner pending alerts are generated.,,medium,not_checked,,,,,/notifications,,,,89eddcfc-f32c-4f2b-b348-c30d77ce0c4b,2026-05-30 13:36:53.717417+00,2026-05-30 13:36:53.717417+00,,,f
91c31ef1-70c7-4c17-9e64-9784101e5e41,Notifications,notifications,Notifications,Finance alerts are generated.,,medium,not_checked,,,,,/notifications,,,,89eddcfc-f32c-4f2b-b348-c30d77ce0c4b,2026-05-30 13:36:53.717417+00,2026-05-30 13:36:53.717417+00,,,f
00d143dd-4512-40ed-89dd-37d2c253401d,Notifications,notifications,Notifications,Audit-based alerts are generated.,,medium,not_checked,,,,,/notifications,,,,89eddcfc-f32c-4f2b-b348-c30d77ce0c4b,2026-05-30 13:36:53.717417+00,2026-05-30 13:36:53.717417+00,,,f
9e263210-f0be-4e0f-a92b-78ba03a62da8,Notifications,notifications,Notifications,Assigned user receives relevant alerts.,,medium,not_checked,,,,,/notifications,,,,89eddcfc-f32c-4f2b-b348-c30d77ce0c4b,2026-05-30 13:36:53.717417+00,2026-05-30 13:36:53.717417+00,,,f
276e88f8-eca9-40bd-821b-7fe3f3c286ea,Notifications,notifications,Notifications,Admin receives founder-level alerts.,,medium,not_checked,,,,,/notifications,,,,89eddcfc-f32c-4f2b-b348-c30d77ce0c4b,2026-05-30 13:36:53.717417+00,2026-05-30 13:36:53.717417+00,,,f
8e25e183-8b13-4c9b-b1c8-bb513b4e5720,Notifications,notifications,Notifications,Mark Read works.,,medium,not_checked,,,,,/notifications,,,,89eddcfc-f32c-4f2b-b348-c30d77ce0c4b,2026-05-30 13:36:53.717417+00,2026-05-30 13:36:53.717417+00,,,f
2d1bf162-8be6-4dab-8a68-a644cf54e1b3,Notifications,notifications,Notifications,Dismiss works.,,medium,not_checked,,,,,/notifications,,,,89eddcfc-f32c-4f2b-b348-c30d77ce0c4b,2026-05-30 13:36:53.717417+00,2026-05-30 13:36:53.717417+00,,,f
5356b57e-2116-4d99-a1f4-6bbfd6f2b865,Notifications,notifications,Notifications,Related action links work.,,medium,not_checked,,,,,/notifications,,,,89eddcfc-f32c-4f2b-b348-c30d77ce0c4b,2026-05-30 13:36:53.717417+00,2026-05-30 13:36:53.717417+00,,,f
46627218-68a6-4a2a-bb62-3d4755826eb4,Notifications,notifications,Notifications,"Notifications are useful, not noisy.",,medium,not_checked,,,,,/notifications,,,,89eddcfc-f32c-4f2b-b348-c30d77ce0c4b,2026-05-30 13:36:53.717417+00,2026-05-30 13:36:53.717417+00,,,f
58d76b64-a68d-42a8-abd5-777da182b95c,Data Accuracy,,,Token Buyers count is accurate.,,medium,not_checked,,,,,,,,,89eddcfc-f32c-4f2b-b348-c30d77ce0c4b,2026-05-30 13:36:53.717417+00,2026-05-30 13:36:53.717417+00,,,f
92dd34c3-26bc-44db-939d-45619c4cc9e4,Data Accuracy,,,Final Sales count is accurate.,,medium,not_checked,,,,,,,,,89eddcfc-f32c-4f2b-b348-c30d77ce0c4b,2026-05-30 13:36:53.717417+00,2026-05-30 13:36:53.717417+00,,,f
e567f76e-218b-4870-93c8-80767c3ded33,Data Accuracy,,,Revenue Realized is accurate.,,medium,not_checked,,,,,,,,,89eddcfc-f32c-4f2b-b348-c30d77ce0c4b,2026-05-30 13:36:53.717417+00,2026-05-30 13:36:53.717417+00,,,f
1bffd04a-28bc-441e-bed6-3c2df2de9292,Data Accuracy,,,Revenue To Be Realized is accurate.,,medium,not_checked,,,,,,,,,89eddcfc-f32c-4f2b-b348-c30d77ce0c4b,2026-05-30 13:36:53.717417+00,2026-05-30 13:36:53.717417+00,,,f
3790e0c9-6065-437e-801b-cecb51bab276,Data Accuracy,,,Balance Pending is accurate.,,medium,not_checked,,,,,,,,,89eddcfc-f32c-4f2b-b348-c30d77ce0c4b,2026-05-30 13:36:53.717417+00,2026-05-30 13:36:53.717417+00,,,f
f35cf3a1-952a-4268-bfe8-52c2d1439af9,Data Accuracy,,,Finance Pending is accurate.,,medium,not_checked,,,,,,,,,89eddcfc-f32c-4f2b-b348-c30d77ce0c4b,2026-05-30 13:36:53.717417+00,2026-05-30 13:36:53.717417+00,,,f
10c6cdfd-435a-4796-b9f1-2117b8ec8468,Data Accuracy,,,Dropped leads are excluded from active pending revenue.,,medium,not_checked,,,,,,,,,89eddcfc-f32c-4f2b-b348-c30d77ce0c4b,2026-05-30 13:36:53.717417+00,2026-05-30 13:36:53.717417+00,,,f
da82367d-fa05-4a67-b38d-5b5f096d5036,Data Accuracy,,,Refunds/adjustments are handled correctly if applicable.,,medium,not_checked,,,,,,,,,89eddcfc-f32c-4f2b-b348-c30d77ce0c4b,2026-05-30 13:36:53.717417+00,2026-05-30 13:36:53.717417+00,,,f
012b7c1e-0b63-407e-afdd-d5a8f9bc02cb,Data Accuracy,,,Payment Recovery totals match Paid Pipeline totals.,,medium,not_checked,,,,,,,,,89eddcfc-f32c-4f2b-b348-c30d77ce0c4b,2026-05-30 13:36:53.717417+00,2026-05-30 13:36:53.717417+00,,,f
e82d2375-657e-4f35-bce5-2c44285fbb72,Data Accuracy,,,Webinar Performance totals match Reports + Paid Pipeline.,,medium,not_checked,,,,,,,,,89eddcfc-f32c-4f2b-b348-c30d77ce0c4b,2026-05-30 13:36:53.717417+00,2026-05-30 13:36:53.717417+00,,,f
ae58821c-8f7c-4400-8871-f8621ef3e369,Data Accuracy,,,Founder Dashboard totals match underlying modules.,,medium,not_checked,,,,,,,,,89eddcfc-f32c-4f2b-b348-c30d77ce0c4b,2026-05-30 13:36:53.717417+00,2026-05-30 13:36:53.717417+00,,,f
ed2589ab-e9e7-4c98-a641-aeeb4f69a9a9,Data Accuracy,,,Date filters work consistently across modules.,,medium,not_checked,,,,,,,,,89eddcfc-f32c-4f2b-b348-c30d77ce0c4b,2026-05-30 13:36:53.717417+00,2026-05-30 13:36:53.717417+00,,,f
9e3f96f2-b281-4be5-8a16-b279b45110e7,Data Accuracy,,,This Month / Last Month / Last 7 Days produce logical results.,,medium,not_checked,,,,,,,,,89eddcfc-f32c-4f2b-b348-c30d77ce0c4b,2026-05-30 13:36:53.717417+00,2026-05-30 13:36:53.717417+00,,,f
654cc037-3b3c-42b8-a407-97b2a921fb0f,Mobile Responsiveness,,,Sidebar/mobile navigation works.,,medium,not_checked,,,,,,,,,89eddcfc-f32c-4f2b-b348-c30d77ce0c4b,2026-05-30 13:36:53.717417+00,2026-05-30 13:36:53.717417+00,,,f
29bd9019-6836-4ff7-8d5d-23cfd5c2b0a8,Mobile Responsiveness,,,Tables do not break layout.,,medium,not_checked,,,,,,,,,89eddcfc-f32c-4f2b-b348-c30d77ce0c4b,2026-05-30 13:36:53.717417+00,2026-05-30 13:36:53.717417+00,,,f
a351818d-d6fd-4dd5-8925-651faae95bcb,Mobile Responsiveness,,,Drawers are usable on mobile.,,medium,not_checked,,,,,,,,,89eddcfc-f32c-4f2b-b348-c30d77ce0c4b,2026-05-30 13:36:53.717417+00,2026-05-30 13:36:53.717417+00,,,f
7a6b7494-29dc-488f-ba48-3a15671760a9,Mobile Responsiveness,,,Cards are readable on mobile.,,medium,not_checked,,,,,,,,,89eddcfc-f32c-4f2b-b348-c30d77ce0c4b,2026-05-30 13:36:53.717417+00,2026-05-30 13:36:53.717417+00,,,f
c909d4ba-f759-4ed1-b42e-ee6723c69d00,Mobile Responsiveness,,,Buttons are tappable.,,medium,not_checked,,,,,,,,,89eddcfc-f32c-4f2b-b348-c30d77ce0c4b,2026-05-30 13:36:53.717417+00,2026-05-30 13:36:53.717417+00,,,f
ea14acdf-aac3-48c4-9598-a11152ede65c,Mobile Responsiveness,,,Filters are usable.,,medium,not_checked,,,,,,,,,89eddcfc-f32c-4f2b-b348-c30d77ce0c4b,2026-05-30 13:36:53.717417+00,2026-05-30 13:36:53.717417+00,,,f
0b9c4b06-72db-43e1-807b-468f1d6f7a0b,Mobile Responsiveness,,,Revenue Command Center is mobile-friendly.,,medium,not_checked,,,,,,,,,89eddcfc-f32c-4f2b-b348-c30d77ce0c4b,2026-05-30 13:36:53.717417+00,2026-05-30 13:36:53.717417+00,,,f
bb7e7964-bf02-4f74-867b-4bc25432380f,Mobile Responsiveness,,,Admin Center is mobile-friendly.,,medium,not_checked,,,,,,,,,89eddcfc-f32c-4f2b-b348-c30d77ce0c4b,2026-05-30 13:36:53.717417+00,2026-05-30 13:36:53.717417+00,,,f
ab9eb538-c5ef-4e89-b228-e3a65ac5872e,Mobile Responsiveness,,,Analytics Center is mobile-friendly.,,medium,not_checked,,,,,,,,,89eddcfc-f32c-4f2b-b348-c30d77ce0c4b,2026-05-30 13:36:53.717417+00,2026-05-30 13:36:53.717417+00,,,f
3b72cb0a-50cd-4d23-97ba-7e366599767a,Mobile Responsiveness,,,No major horizontal overflow.,,medium,not_checked,,,,,,,,,89eddcfc-f32c-4f2b-b348-c30d77ce0c4b,2026-05-30 13:36:53.717417+00,2026-05-30 13:36:53.717417+00,,,f
21148115-925b-48b7-b915-683e438c7402,UX / Speed / Clarity,,,Pages load fast.,,medium,not_checked,,,,,,,,,89eddcfc-f32c-4f2b-b348-c30d77ce0c4b,2026-05-30 13:36:53.717417+00,2026-05-30 13:36:53.717417+00,,,f
8c1dee46-0f7f-42e2-8051-a05e42d301c7,UX / Speed / Clarity,,,No unnecessary loading delays.,,medium,not_checked,,,,,,,,,89eddcfc-f32c-4f2b-b348-c30d77ce0c4b,2026-05-30 13:36:53.717417+00,2026-05-30 13:36:53.717417+00,,,f
871738b2-6b4d-4ebc-b4d9-21cf875b4341,UX / Speed / Clarity,,,Empty states are clear.,,medium,not_checked,,,,,,,,,89eddcfc-f32c-4f2b-b348-c30d77ce0c4b,2026-05-30 13:36:53.717417+00,2026-05-30 13:36:53.717417+00,,,f
e832f945-26d2-400e-bc47-61036004be1b,UX / Speed / Clarity,,,Error messages are understandable.,,medium,not_checked,,,,,,,,,89eddcfc-f32c-4f2b-b348-c30d77ce0c4b,2026-05-30 13:36:53.717417+00,2026-05-30 13:36:53.717417+00,,,f
7284e5b8-0c62-4236-a248-2a12d7b20f79,UX / Speed / Clarity,,,Buttons have clear labels.,,medium,not_checked,,,,,,,,,89eddcfc-f32c-4f2b-b348-c30d77ce0c4b,2026-05-30 13:36:53.717417+00,2026-05-30 13:36:53.717417+00,,,f
1f5188ff-02ab-4c65-9138-e0b8e4409380,UX / Speed / Clarity,,,Critical actions have confirmation.,,medium,not_checked,,,,,,,,,89eddcfc-f32c-4f2b-b348-c30d77ce0c4b,2026-05-30 13:36:53.717417+00,2026-05-30 13:36:53.717417+00,,,f
fcaa38c7-8115-43e0-bdcd-42a2c6f56fa1,UX / Speed / Clarity,,,Filters are easy to use.,,medium,not_checked,,,,,,,,,89eddcfc-f32c-4f2b-b348-c30d77ce0c4b,2026-05-30 13:36:53.717417+00,2026-05-30 13:36:53.717417+00,,,f
bfb71a68-021c-46af-826d-623dc78a5139,UX / Speed / Clarity,,,Copy summaries are useful.,,medium,not_checked,,,,,,,,,89eddcfc-f32c-4f2b-b348-c30d77ce0c4b,2026-05-30 13:36:53.717417+00,2026-05-30 13:36:53.717417+00,,,f
837887e8-c46f-4001-ba31-1246f0b9b0a9,UX / Speed / Clarity,,,WhatsApp copy text is clean.,,medium,not_checked,,,,,,,,,89eddcfc-f32c-4f2b-b348-c30d77ce0c4b,2026-05-30 13:36:53.717417+00,2026-05-30 13:36:53.717417+00,,,f
96292b6d-3bb2-4997-97c2-9bdea174c5b1,UX / Speed / Clarity,,,No module feels confusing to navigate.,,medium,not_checked,,,,,,,,,89eddcfc-f32c-4f2b-b348-c30d77ce0c4b,2026-05-30 13:36:53.717417+00,2026-05-30 13:36:53.717417+00,,,f
77ba9299-c245-4bbb-b8b3-be5c888053a3,UX / Speed / Clarity,,,No page feels visually cluttered.,,medium,not_checked,,,,,,,,,89eddcfc-f32c-4f2b-b348-c30d77ce0c4b,2026-05-30 13:36:53.717417+00,2026-05-30 13:36:53.717417+00,,,f
60457b25-b790-4e98-b6fc-3561ec9bc240,Final AI Insights Readiness,,,Paid Pipeline data is reliable.,,medium,not_checked,,,,,,,,,89eddcfc-f32c-4f2b-b348-c30d77ce0c4b,2026-05-30 13:36:53.717417+00,2026-05-30 13:36:53.717417+00,,,f
53c9b809-cea2-408f-aa6e-739621168d57,Final AI Insights Readiness,,,Payment Recovery data is reliable.,,medium,not_checked,,,,,,,,,89eddcfc-f32c-4f2b-b348-c30d77ce0c4b,2026-05-30 13:36:53.717417+00,2026-05-30 13:36:53.717417+00,,,f
aa821920-6819-463b-a4d7-43fc1b4fbeaa,Final AI Insights Readiness,,,Follow-Up data is reliable.,,medium,not_checked,,,,,,,,,89eddcfc-f32c-4f2b-b348-c30d77ce0c4b,2026-05-30 13:36:53.717417+00,2026-05-30 13:36:53.717417+00,,,f
3b09a3ba-a6b3-474f-b6c1-ea191590e7c5,Final AI Insights Readiness,,,Webinar Performance data is reliable.,,medium,not_checked,,,,,,,,,89eddcfc-f32c-4f2b-b348-c30d77ce0c4b,2026-05-30 13:36:53.717417+00,2026-05-30 13:36:53.717417+00,,,f
3f907567-414d-4c29-9244-309808d288e2,Final AI Insights Readiness,,,Notifications are reliable.,,medium,not_checked,,,,,,,,,89eddcfc-f32c-4f2b-b348-c30d77ce0c4b,2026-05-30 13:36:53.717417+00,2026-05-30 13:36:53.717417+00,,,f
0ec1d0f0-3999-4eb6-9049-60567b3b31e0,Final AI Insights Readiness,,,Audit Log is reliable.,,medium,not_checked,,,,,,,,,89eddcfc-f32c-4f2b-b348-c30d77ce0c4b,2026-05-30 13:36:53.717417+00,2026-05-30 13:36:53.717417+00,,,f
77803173-8d51-42c3-a641-342fab9ee442,Final AI Insights Readiness,,,Master Settings are stable.,,medium,not_checked,,,,,,,,,89eddcfc-f32c-4f2b-b348-c30d77ce0c4b,2026-05-30 13:36:53.717417+00,2026-05-30 13:36:53.717417+00,,,f
7c719170-5b50-4f4d-8804-86e1ca8405e6,Final AI Insights Readiness,,,Founder Dashboard numbers are trusted.,,medium,not_checked,,,,,,,,,89eddcfc-f32c-4f2b-b348-c30d77ce0c4b,2026-05-30 13:36:53.717417+00,2026-05-30 13:36:53.717417+00,,,f
85b0c201-ee41-41af-b05b-12535498d83b,Final AI Insights Readiness,,,No critical workflow bugs remain.,,medium,not_checked,,,,,,,,,89eddcfc-f32c-4f2b-b348-c30d77ce0c4b,2026-05-30 13:36:53.717417+00,2026-05-30 13:36:53.717417+00,,,f
878810cc-f8e2-4259-9bea-2684e62eeeb2,Final AI Insights Readiness,,,AI Insights can be built on top of clean data.,,medium,not_checked,,,,,,,,,89eddcfc-f32c-4f2b-b348-c30d77ce0c4b,2026-05-30 13:36:53.717417+00,2026-05-30 13:36:53.717417+00,,,f
83a64e7b-1123-40ef-9359-5f69f97ba01c,ROAS / Reports / Attribution,reports,Reports & History,"Paste the raw `vitest run` output showing all 33 test names and pass/fail status, plus the raw `bunx tsgo --noEmit` output. Just the two command outputs, nothing else.",,medium,not_checked,,,,,/reports,,,,89eddcfc-f32c-4f2b-b348-c30d77ce0c4b,2026-05-30 13:36:53.717417+00,2026-08-07 03:54:49.893512+00,,,f
